text,category
Borrower Undertaking: A pre-closure penalty of 4.0% will be debited to the settlement statement if closed using third-party balance transfer funds.,Foreclosure
"Clause 1: Any representation or warranty proving to be false or misleading will incur an immediate breach penalty of Rs. 25,000.",Penalty
"Borrower Undertaking: This loan agreement shall be governed by, and construed in all respects in accordance with, the laws of the Republic of India.",Other
General Obligation: A reduction in the borrower's credit score below 700 grants the Lender the right to demand additional collateral security.,Credit Score
"Borrower Undertaking: A non-refundable administrative processing fee of 1.0% of the sanctioned loan amount, subject to a minimum of Rs. 1,000, is payable.",Processing Fee
General Obligation: A loan account reactivation fee of Rs. 500 will be applied if the loan account falls into inoperative dormant status.,Hidden Charges
"Terms and Conditions: A non-refundable administrative processing fee of 1.0% of the sanctioned loan amount, subject to a minimum of Rs. 1,000, is payable.",Processing Fee
Special Covenant: Breach of any financial covenant or negative pledge shall attract a liquidated damages penalty of 28.0% per annum.,Penalty
Clause 22: A physical ECS/NACH mandate registration swap fee of Rs. 150 shall be charged for changing the repayment bank account.,Hidden Charges
Borrower Undertaking: The loan shall be repaid over an amortization schedule spanning 10 years across 120 monthly installments.,Loan Tenure
Mandatory Condition: Differential interest rate of 10.25% shall be levied during the construction period until final disbursement.,Interest Rate
Any default exceeding 30 days delinquency will be reported to credit bureaus and may severely impair the borrower's credit rating.,Credit Score
Section 35.9: Self-employed applicants must show audited financial accounts reflecting net profits for at least 3 consecutive assessment years.,Eligibility
"General Obligation: In case of unauthorized utilization of loan proceeds for speculative purposes, the Bank may impose a punitive penalty of 30.0%.",Penalty
"Important Stipulation: In the event of permanent disability or death of the borrower, insurance proceeds shall be applied directly to liquidate outstanding debt.",Insurance
"Mandatory Condition: This loan agreement shall be governed by, and construed in all respects in accordance with, the laws of the Republic of India.",Other
Terms and Conditions: Any dispute arising out of or in connection with this agreement shall be resolved through binding arbitration in Mumbai.,Other
"Important Stipulation: The initial EMI amount shall be Rs. 8,250 per month, subject to adjustment if the interest rate benchmark changes.",EMI
Section 15.3: Tax deducted at source (TDS) if applicable must be deposited by the borrower and statutory TDS certificates submitted to the Lender.,Tax
Section 26.8: A fixed annual interest rate of 9.10% shall be applicable for the entire tenure of the loan facility without any reset.,Interest Rate
General Obligation: A fixed annual interest rate of 15.00% shall be applicable for the entire tenure of the loan facility without any reset.,Interest Rate
Mandatory Condition: The Borrower's credit score must be at least 750 as reported by CIBIL or Experian at the time of formal underwriting.,Credit Score
Terms and Conditions: The borrower shall pay foreclosure fees equivalent to 4.0% of the remaining unpaid principal at the date of payoff.,Foreclosure
"Clause 17: The Borrower shall submit certified copies of PAN Card, Aadhaar Card, utility bills, and 6 months bank account statements.",Documentation
"Mandatory Condition: A minimum threshold of INR 25,000 is required for making any advance prepayment against outstanding principal.",Prepayment
"Section 25.8: All fees, charges, and statutory penalties mentioned herein are exclusive of Goods and Services Tax (GST) payable at 18.0%.",Tax
Important Stipulation: A CIBIL credit report pull fee of Rs. 300 will be deducted from the customer's savings account during annual monitoring.,Hidden Charges
"Mandatory Condition: In case of a floating rate loan, the rate of interest shall be reset on an annual basis in accordance with prevailing market benchmarks.",Interest Rate
Borrower Undertaking: Self-employed applicants must show audited financial accounts reflecting net profits for at least 4 consecutive assessment years.,Eligibility
Section 16.2: The Borrower shall execute an irrevocable power of attorney in favor of the Bank authorizing enforcement upon default.,Documentation
"Special Covenant: A mandatory group loan protection insurance premium of INR 52,000 shall be debited and added to the principal balance.",Insurance
"Special Covenant: The Borrower shall pay an upfront loan processing charge of INR 1,500 plus applicable Goods and Services Tax (GST).",Processing Fee
"Borrower Undertaking: The Borrower confirms that the monthly EMI commitment of Rs. 12,400 does not exceed 50% of verified net monthly disposable income.",EMI
A dishonor penalty of Rs. 500 shall be charged for every cheque or NACH debit returned unpaid due to insufficient funds.,Penalty
Mandatory Condition: The borrower explicitly authorizes the lender to obtain comprehensive credit bureau reports throughout the currency of the loan.,Credit Score
"Mandatory Condition: The Borrower shall remit a monthly installment of Rs. 16,800 covering principal repayment and accrued monthly interest.",EMI
General Obligation: A penal interest rate of 3.0% per annum shall be charged on all overdue EMI payments for the exact period of delay.,Late Fee
"Terms and Conditions: The applicant must demonstrate a verified minimum net monthly salary of Rs. 75,000 to qualify for this credit facility.",Eligibility
"General Obligation: An inspection and collateral re-valuation fee of Rs. 1,200 will be charged to the loan account every 3 years.",Hidden Charges
"Mandatory Condition: The Borrower confirms that the monthly EMI commitment of Rs. 35,000 does not exceed 50% of verified net monthly disposable income.",EMI
Borrower Undertaking: The duration of this credit facility is strictly restricted to 25 years from the execution date of this loan deed.,Loan Tenure
General Obligation: The Lender reserves the sole right to revise the interest rate spread by up to 3.10% in the event of any credit rating downgrade.,Interest Rate
"Section 5.2: The Borrower shall pay an upfront loan processing charge of INR 6,000 plus applicable Goods and Services Tax (GST).",Processing Fee
The Borrower's credit score must be at least 780 as reported by CIBIL or Experian at the time of formal underwriting.,Credit Score
General Obligation: A reduction in the borrower's credit score below 700 grants the Lender the right to demand additional collateral security.,Credit Score
"Special Covenant: The borrower covenants to pay 180 consecutive equated monthly installments of INR 55,000 without default.",EMI
Section 15.8: The courts having jurisdiction over the branch where the loan was sanctioned shall have exclusive legal jurisdiction.,Other
Mandatory Condition: A certified salary slip stamped by the employer along with Form 16 must be provided prior to final disbursement release.,Documentation
"Important Stipulation: All fees, charges, and statutory penalties mentioned herein are exclusive of Goods and Services Tax (GST) payable at 18.0%.",Tax
"Special Covenant: A mandatory group loan protection insurance premium of INR 15,000 shall be debited and added to the principal balance.",Insurance
"Clause 30: The initial EMI amount shall be Rs. 16,800 per month, subject to adjustment if the interest rate benchmark changes.",EMI
Special Covenant: The Borrower must provide a minimum 15 days written notice requesting full loan foreclosure and payoff quotation calculation.,Foreclosure
Terms and Conditions: The total tenure of the loan facility is sanctioned for a period of 360 months (30 years) from the disbursement date.,Loan Tenure
Section 22.5: The Borrower shall obtain and maintain a comprehensive credit life and disability insurance policy covering 100% of the loan value.,Insurance
Borrower Undertaking: Any dispute arising out of or in connection with this agreement shall be resolved through binding arbitration in Mumbai.,Other
"Section 20.4: A statement of account fee of Rs. 1,200 and interest certificate generation fee of Rs. 150 shall be levied.",Hidden Charges
Borrower Undertaking: A document retrieval and duplicate statement issuance fee of Rs. 750 plus taxes shall apply to each physical service request.,Hidden Charges
"Borrower Undertaking: Any representation or warranty proving to be false or misleading will incur an immediate breach penalty of Rs. 5,000.",Penalty
"General Obligation: In the event of permanent disability or death of the borrower, insurance proceeds shall be applied directly to liquidate outstanding debt.",Insurance
"Important Stipulation: The agreed base lending rate is 15.00% per annum, payable in arrears at the conclusion of each calendar month.",Interest Rate
Section 13.6: The Lender reserves the sole right to revise the interest rate spread by up to 4.00% in the event of any credit rating downgrade.,Interest Rate
"Failure to submit annual income tax returns or financial statements within 90 days will result in a non-compliance penalty of Rs. 25,000.",Penalty
"The agreed base lending rate is 12.00% per annum, payable in arrears at the conclusion of each calendar month.",Interest Rate
A foreclosure charge of 2.0% shall be levied on the outstanding principal balance if the loan is closed prematurely.,Foreclosure
"General Obligation: The Lender shall report payment performance, defaults, and overdue status to all statutory Credit Information Companies monthly.",Credit Score
"Borrower Undertaking: Loan eligibility is determined on the basis of verified cash flows, repayment capacity, and existing debt commitments.",Eligibility
"Special Covenant: Prepayment shall only be accepted in multiples of Rs. 25,000 and will be adjusted first towards overdue charges and then principal.",Prepayment
General Obligation: An origination fee of 3.0% of the total credit limit shall be charged upon issuance of the formal loan sanction letter.,Processing Fee
Terms and Conditions: The Borrower shall execute an irrevocable power of attorney in favor of the Bank authorizing enforcement upon default.,Documentation
"A minimum threshold of INR 1,00,000 is required for making any advance prepayment against outstanding principal.",Prepayment
General Obligation: Self-employed applicants must show audited financial accounts reflecting net profits for at least 2 consecutive assessment years.,Eligibility
Borrower Undertaking: The Lender reserves the sole right to revise the interest rate spread by up to 4.00% in the event of any credit rating downgrade.,Interest Rate
The Borrower agrees to pay interest on the loan facility at a floating rate of 10.25% per annum linked to the Bank's 1-year MCLR.,Interest Rate
Clause 28: Applicants must possess a minimum of 2 years continuous employment in the current organization or sector to qualify.,Eligibility
Borrower Undertaking: Any request for tenure extension beyond the contracted 180 months shall be subject to fresh credit underwriting.,Loan Tenure
"Section 37.5: Property mortgaged under this loan facility must be insured against fire, earthquake, and natural calamities with the Bank as sole loss payee.",Insurance
Clause 14: A pre-closure penalty of 5.0% will be debited to the settlement statement if closed using third-party balance transfer funds.,Foreclosure
"Important Stipulation: Repayment shall be made by way of Equated Monthly Installments of INR 85,000 commencing from the month immediately following disbursement.",EMI
Borrower Undertaking: The loan shall be repaid over an amortization schedule spanning 2 years across 24 monthly installments.,Loan Tenure
Important Stipulation: Interest charges will accrue from the exact date of loan disbursement at the rate of 13.50% per annum.,Interest Rate
"Borrower Undertaking: The applicant must demonstrate a verified minimum net monthly salary of Rs. 1,00,000 to qualify for this credit facility.",Eligibility
"Section 45.5: In case of default in payment of any monthly installment on the due date, a late payment fee of Rs. 500 plus 2.0% p.a. will be levied.",Late Fee
Important Stipulation: The Borrower may claim tax deductions on principal repayments under Section 80C and interest payments under Section 24(b) of the IT Act.,Tax
Mandatory Condition: Periodic automated credit score reviews will be conducted by the bank to assess ongoing risk and exposure health.,Credit Score
Borrower Undertaking: Periodic automated credit score reviews will be conducted by the bank to assess ongoing risk and exposure health.,Credit Score
The Borrower's credit score must be at least 700 as reported by CIBIL or Experian at the time of formal underwriting.,Credit Score
Terms and Conditions: Any default exceeding 30 days delinquency will be reported to credit bureaus and may severely impair the borrower's credit rating.,Credit Score
The provisions of this agreement are severable; invalidity of any clause shall not impair the validity of remaining clauses.,Other
"General Obligation: The rate of interest chargeable shall be 10.75% p.a., subject to revision following Reserve Bank of India policy revisions.",Interest Rate
Clause 31: The borrower explicitly authorizes the lender to obtain comprehensive credit bureau reports throughout the currency of the loan.,Credit Score
Important Stipulation: All statutory levies and stamp duties payable on this agreement shall be deposited with the competent treasury authority.,Tax
Special Covenant: The Borrower shall execute an irrevocable power of attorney in favor of the Bank authorizing enforcement upon default.,Documentation
Section 43.9: A pre-closure penalty of 5.0% will be debited to the settlement statement if closed using third-party balance transfer funds.,Foreclosure
Terms and Conditions: The borrower explicitly authorizes the lender to obtain comprehensive credit bureau reports throughout the currency of the loan.,Credit Score
"Important Stipulation: In the event of permanent disability or death of the borrower, insurance proceeds shall be applied directly to liquidate outstanding debt.",Insurance
"Mandatory Condition: All fees, charges, and statutory penalties mentioned herein are exclusive of Goods and Services Tax (GST) payable at 18.0%.",Tax
"Mandatory Condition: Any representation or warranty proving to be false or misleading will incur an immediate breach penalty of Rs. 2,000.",Penalty
General Obligation: A pre-closure penalty of 5.0% will be debited to the settlement statement if closed using third-party balance transfer funds.,Foreclosure
"Borrower Undertaking: Property mortgaged under this loan facility must be insured against fire, earthquake, and natural calamities with the Bank as sole loss payee.",Insurance
Mandatory Condition: The Borrower shall obtain and maintain a comprehensive credit life and disability insurance policy covering 100% of the loan value.,Insurance
The total fixed obligation to income ratio (FOIR) of the borrower including all existing debts must not exceed 55%.,Eligibility
Mandatory Condition: A foreclosure charge of 4.0% shall be levied on the outstanding principal balance if the loan is closed prematurely.,Foreclosure
"A moratorium on principal repayment of 12 months is granted, during which only monthly interest is payable.",Loan Tenure
Clause 40: No waiver by the Bank of any default by the Borrower shall operate as a waiver of any subsequent breach or default.,Other
Terms and Conditions: The borrower explicitly authorizes the lender to obtain comprehensive credit bureau reports throughout the currency of the loan.,Credit Score
"Mandatory Condition: Prepayment shall only be accepted in multiples of Rs. 50,000 and will be adjusted first towards overdue charges and then principal.",Prepayment
"Special Covenant: The borrower shall indemnify the Bank for all recovery agency costs, legal counsel fees, and litigation expenses incurred.",Penalty
General Obligation: Overdue monthly balances shall attract late payment charges at the rate of 18.0% per month until the default is fully cured.,Late Fee
"A moratorium on principal repayment of 12 months is granted, during which only monthly interest is payable.",Loan Tenure
Terms and Conditions: The borrower must be an Indian citizen aged between 21 and 60 years at the time of loan maturity to satisfy eligibility criteria.,Eligibility
Mandatory Condition: The total fixed obligation to income ratio (FOIR) of the borrower including all existing debts must not exceed 40%.,Eligibility
Terms and Conditions: A foreclosure charge of 3.5% shall be levied on the outstanding principal balance if the loan is closed prematurely.,Foreclosure
Mandatory Condition: A dishonor penalty of Rs. 450 shall be charged for every cheque or NACH debit returned unpaid due to insufficient funds.,Penalty
Breach of any financial covenant or negative pledge shall attract a liquidated damages penalty of 3.0% per annum.,Penalty
Borrower Undertaking: The borrower shall execute demand promissory notes and a deed of hypothecation in respect of all financed movable assets.,Documentation
"Terms and Conditions: A late collection fee of INR 1,000 shall apply per overdue installment in addition to penal interest at 3.0% p.a.",Late Fee
Special Covenant: The borrower may prepay up to 25% of principal annually; prepayments exceeding this threshold shall attract a 1.5% fee.,Prepayment
"Special Covenant: The Borrower shall submit certified copies of PAN Card, Aadhaar Card, utility bills, and 6 months bank account statements.",Documentation
"General Obligation: In case of default in payment of any monthly installment on the due date, a late payment fee of Rs. 350 plus 28.0% p.a. will be levied.",Late Fee
"General Obligation: A document retrieval and duplicate statement issuance fee of Rs. 2,500 plus taxes shall apply to each physical service request.",Hidden Charges
"Terms and Conditions: An annual administrative account maintenance charge of Rs. 1,500 shall be debited every year on the anniversary date.",Hidden Charges
"Borrower Undertaking: In the event of partial prepayment, the borrower may choose to reduce the monthly EMI from Rs. 68,200 or reduce the tenure.",EMI
Clause 2: Individual borrowers servicing floating interest rate advances may make prepayments without any prepayment penalty or lock-in fee.,Prepayment
"Terms and Conditions: Prepayment shall only be accepted in multiples of Rs. 1,00,000 and will be adjusted first towards overdue charges and then principal.",Prepayment
Terms and Conditions: The provisions of this agreement are severable; invalidity of any clause shall not impair the validity of remaining clauses.,Other
"Borrower Undertaking: Loan eligibility is determined on the basis of verified cash flows, repayment capacity, and existing debt commitments.",Eligibility
Special Covenant: Any dispute arising out of or in connection with this agreement shall be resolved through binding arbitration in Mumbai.,Other
"The Borrower shall pay an upfront loan processing charge of INR 4,500 plus applicable Goods and Services Tax (GST).",Processing Fee
Special Covenant: All statutory levies and stamp duties payable on this agreement shall be deposited with the competent treasury authority.,Tax
"Special Covenant: The Lender shall report payment performance, defaults, and overdue status to all statutory Credit Information Companies monthly.",Credit Score
Important Stipulation: The maximum tenure permitted under this home finance agreement is 48 months subject to age retirement limits.,Loan Tenure
Section 39.8: The borrower must be an Indian citizen aged between 21 and 60 years at the time of loan maturity to satisfy eligibility criteria.,Eligibility
Section 39.2: The duration of this credit facility is strictly restricted to 5 years from the execution date of this loan deed.,Loan Tenure
Section 43.7: A certified salary slip stamped by the employer along with Form 16 must be provided prior to final disbursement release.,Documentation
Section 18.4: Periodic automated credit score reviews will be conducted by the bank to assess ongoing risk and exposure health.,Credit Score
"Mandatory Condition: A dishonor penalty of Rs. 1,000 shall be charged for every cheque or NACH debit returned unpaid due to insufficient funds.",Penalty
Important Stipulation: The maturity date of the loan facility shall fall exactly 10 years following the initial drawdown timestamp.,Loan Tenure
General Obligation: A penal interest rate of 30.0% per annum shall be charged on all overdue EMI payments for the exact period of delay.,Late Fee
Terms and Conditions: Early closure and foreclosure of this commercial loan facility will attract a foreclosure compensation levy of 2.0%.,Foreclosure
General Obligation: The borrower shall execute demand promissory notes and a deed of hypothecation in respect of all financed movable assets.,Documentation
Terms and Conditions: No foreclosure charges shall be applicable on floating-rate individual term loans as per Reserve Bank of India consumer guidelines.,Foreclosure
General Obligation: The Borrower may claim tax deductions on principal repayments under Section 80C and interest payments under Section 24(b) of the IT Act.,Tax
Mandatory Condition: Failure to renew mandatory collateral insurance shall entitle the Bank to purchase insurance on the borrower's behalf and debit the costs.,Insurance
Borrower Undertaking: All statutory levies and stamp duties payable on this agreement shall be deposited with the competent treasury authority.,Tax
"The Lender shall report payment performance, defaults, and overdue status to all statutory Credit Information Companies monthly.",Credit Score
Mandatory Condition: Individual borrowers servicing floating interest rate advances may make prepayments without any prepayment penalty or lock-in fee.,Prepayment
Terms and Conditions: The Borrower's credit score must be at least 650 as reported by CIBIL or Experian at the time of formal underwriting.,Credit Score
Borrower Undertaking: A dishonor penalty of Rs. 500 shall be charged for every cheque or NACH debit returned unpaid due to insufficient funds.,Penalty
Borrower Undertaking: The provisions of this agreement are severable; invalidity of any clause shall not impair the validity of remaining clauses.,Other
Borrower Undertaking: A pre-closure penalty of 3.0% will be debited to the settlement statement if closed using third-party balance transfer funds.,Foreclosure
Terms and Conditions: The Borrower agrees to pay interest on the loan facility at a floating rate of 10.75% per annum linked to the Bank's 1-year MCLR.,Interest Rate
"Special Covenant: The Borrower confirms that the monthly EMI commitment of Rs. 28,450 does not exceed 50% of verified net monthly disposable income.",EMI
A late collection fee of INR 750 shall apply per overdue installment in addition to penal interest at 18.0% p.a.,Late Fee
"Borrower Undertaking: An inspection and collateral re-valuation fee of Rs. 1,500 will be charged to the loan account every 3 years.",Hidden Charges
General Obligation: No foreclosure charges shall be applicable on floating-rate individual term loans as per Reserve Bank of India consumer guidelines.,Foreclosure
General Obligation: A statement of account fee of Rs. 500 and interest certificate generation fee of Rs. 250 shall be levied.,Hidden Charges
Terms and Conditions: The borrower explicitly authorizes the lender to obtain comprehensive credit bureau reports throughout the currency of the loan.,Credit Score
Special Covenant: The borrower shall execute demand promissory notes and a deed of hypothecation in respect of all financed movable assets.,Documentation
"Borrower Undertaking: A loan account reactivation fee of Rs. 3,500 will be applied if the loan account falls into inoperative dormant status.",Hidden Charges
Special Covenant: The Borrower shall inform the Bank in writing within 14 calendar days of any change in residential address or employment.,Other
"Mandatory Condition: Loan eligibility is determined on the basis of verified cash flows, repayment capacity, and existing debt commitments.",Eligibility
Clause 20: Failure to renew mandatory collateral insurance shall entitle the Bank to purchase insurance on the borrower's behalf and debit the costs.,Insurance
General Obligation: Overdue monthly balances shall attract late payment charges at the rate of 2.0% per month until the default is fully cured.,Late Fee
"Borrower Undertaking: The processing fee of Rs. 10,000 covers comprehensive documentation verification, credit appraisal, and legal title scrutiny.",Processing Fee
Terms and Conditions: The current applicable rate of interest is 18.00% p.a. comprising the benchmark repo rate of 6.50% plus a credit spread of 3.10%.,Interest Rate
Borrower Undertaking: The Borrower shall execute an irrevocable power of attorney in favor of the Bank authorizing enforcement upon default.,Documentation
"General Obligation: The Borrower shall pay an upfront loan processing charge of INR 2,999 plus applicable Goods and Services Tax (GST).",Processing Fee
Section 1.4: Any request for tenure extension beyond the contracted 24 months shall be subject to fresh credit underwriting.,Loan Tenure
Clause 27: The borrower may prepay up to 25% of principal annually; prepayments exceeding this threshold shall attract a 2.0% fee.,Prepayment
"Mandatory Condition: The Borrower shall submit certified copies of PAN Card, Aadhaar Card, utility bills, and 6 months bank account statements.",Documentation
"Special Covenant: The Borrower shall submit certified copies of PAN Card, Aadhaar Card, utility bills, and 6 months bank account statements.",Documentation
General Obligation: The Borrower's credit score must be at least 780 as reported by CIBIL or Experian at the time of formal underwriting.,Credit Score
Special Covenant: No waiver by the Bank of any default by the Borrower shall operate as a waiver of any subsequent breach or default.,Other
Mandatory Condition: The borrower may prepay up to 25% of principal annually; prepayments exceeding this threshold shall attract a 2.5% fee.,Prepayment
"Section 15.4: In the event of partial prepayment, the borrower may choose to reduce the monthly EMI from Rs. 68,200 or reduce the tenure.",EMI
Special Covenant: The Borrower agrees to pay interest on the loan facility at a floating rate of 12.00% per annum linked to the Bank's 1-year MCLR.,Interest Rate
General Obligation: Partial prepayment is permitted up to 15% of the outstanding balance once in a financial year without any prepayment penalty.,Prepayment
Important Stipulation: A physical ECS/NACH mandate registration swap fee of Rs. 250 shall be charged for changing the repayment bank account.,Hidden Charges
Special Covenant: Individual borrowers servicing floating interest rate advances may make prepayments without any prepayment penalty or lock-in fee.,Prepayment
Terms and Conditions: Persistent payment delay exceeding 30 calendar days shall attract default penal interest of 2.0% above regular interest rates.,Late Fee
"Terms and Conditions: In the event of permanent disability or death of the borrower, insurance proceeds shall be applied directly to liquidate outstanding debt.",Insurance
Borrower Undertaking: Breach of any financial covenant or negative pledge shall attract a liquidated damages penalty of 36.0% per annum.,Penalty
General Obligation: Partial prepayment is permitted up to 15% of the outstanding balance once in a financial year without any prepayment penalty.,Prepayment
"Important Stipulation: Monthly EMI payments of INR 4,500 must be serviced through an active National Automated Clearing House (NACH) mandate.",EMI
"Borrower Undertaking: A moratorium on principal repayment of 84 months is granted, during which only monthly interest is payable.",Loan Tenure
General Obligation: The provisions of this agreement are severable; invalidity of any clause shall not impair the validity of remaining clauses.,Other
"General Obligation: A statement of account fee of Rs. 2,500 and interest certificate generation fee of Rs. 450 shall be levied.",Hidden Charges
Mandatory Condition: A reduction in the borrower's credit score below 700 grants the Lender the right to demand additional collateral security.,Credit Score
Clause 27: The Borrower's credit score must be at least 650 as reported by CIBIL or Experian at the time of formal underwriting.,Credit Score
Clause 41: A pre-closure penalty of 3.0% will be debited to the settlement statement if closed using third-party balance transfer funds.,Foreclosure
"Upon full foreclosure, the lender shall release original title deeds within 30 working days from settlement of all dues.",Foreclosure
"The rate of interest chargeable shall be 10.75% p.a., subject to revision following Reserve Bank of India policy revisions.",Interest Rate
Section 10.9: Tax deducted at source (TDS) if applicable must be deposited by the borrower and statutory TDS certificates submitted to the Lender.,Tax
General Obligation: Partial prepayment is permitted up to 10% of the outstanding balance once in a financial year without any prepayment penalty.,Prepayment
"Any representation or warranty proving to be false or misleading will incur an immediate breach penalty of Rs. 10,000.",Penalty
Important Stipulation: Tax deducted at source (TDS) if applicable must be deposited by the borrower and statutory TDS certificates submitted to the Lender.,Tax
Terms and Conditions: The Borrower's credit score must be at least 700 as reported by CIBIL or Experian at the time of formal underwriting.,Credit Score
Section 36.1: No waiver by the Bank of any default by the Borrower shall operate as a waiver of any subsequent breach or default.,Other
General Obligation: All statutory levies and stamp duties payable on this agreement shall be deposited with the competent treasury authority.,Tax
"Clause 41: A mandatory group loan protection insurance premium of INR 35,000 shall be debited and added to the principal balance.",Insurance
The Borrower must provide a minimum 15 days written notice requesting full loan foreclosure and payoff quotation calculation.,Foreclosure
"Special Covenant: Upon full foreclosure, the lender shall release original title deeds within 30 working days from settlement of all dues.",Foreclosure
"Special Covenant: Repayment shall be made by way of Equated Monthly Installments of INR 4,500 commencing from the month immediately following disbursement.",EMI
Terms and Conditions: A physical ECS/NACH mandate registration swap fee of Rs. 150 shall be charged for changing the repayment bank account.,Hidden Charges
General Obligation: The borrower may prepay up to 25% of principal annually; prepayments exceeding this threshold shall attract a 1.5% fee.,Prepayment
A ECS mandate bounce charge of INR 650 shall be automatically levied upon each debit rejection by the clearing house.,Penalty
"Special Covenant: Failure to maintain sufficient funds for the monthly installment of INR 16,800 will trigger immediate electronic presentation dishonor.",EMI
Special Covenant: Individual borrowers servicing floating interest rate advances may make prepayments without any prepayment penalty or lock-in fee.,Prepayment
Borrower Undertaking: Any partial prepayment made within the lock-in period of 12 months shall attract a prepayment fee of 1.5%.,Prepayment
"Special Covenant: A late collection fee of INR 1,200 shall apply per overdue installment in addition to penal interest at 2.0% p.a.",Late Fee
Clause 18: An inspection and collateral re-valuation fee of Rs. 750 will be charged to the loan account every 3 years.,Hidden Charges
"General Obligation: The equated monthly installment (EMI) payable by the Borrower is fixed at INR 55,000 due on the 10th of every calendar month.",EMI
"Section 11.8: The borrower shall indemnify the Bank for all recovery agency costs, legal counsel fees, and litigation expenses incurred.",Penalty
Clause 2: A CIBIL credit report pull fee of Rs. 250 will be deducted from the customer's savings account during annual monitoring.,Hidden Charges
Section 45.7: A foreclosure charge of 5.0% shall be levied on the outstanding principal balance if the loan is closed prematurely.,Foreclosure
"Borrower Undertaking: The Borrower shall submit certified copies of PAN Card, Aadhaar Card, utility bills, and 6 months bank account statements.",Documentation
Important Stipulation: The Borrower shall execute an irrevocable power of attorney in favor of the Bank authorizing enforcement upon default.,Documentation
Section 35.7: The Borrower shall inform the Bank in writing within 14 calendar days of any change in residential address or employment.,Other
"Important Stipulation: The Borrower shall submit certified copies of PAN Card, Aadhaar Card, utility bills, and 6 months bank account statements.",Documentation
"Mandatory Condition: Prepayment shall only be accepted in multiples of Rs. 1,00,000 and will be adjusted first towards overdue charges and then principal.",Prepayment
Terms and Conditions: A document retrieval and duplicate statement issuance fee of Rs. 750 plus taxes shall apply to each physical service request.,Hidden Charges
Overdue monthly balances shall attract late payment charges at the rate of 30.0% per month until the default is fully cured.,Late Fee
Section 11.4: The maximum tenure permitted under this home finance agreement is 120 months subject to age retirement limits.,Loan Tenure
Borrower Undertaking: The borrower must be an Indian citizen aged between 21 and 60 years at the time of loan maturity to satisfy eligibility criteria.,Eligibility
General Obligation: Self-employed applicants must show audited financial accounts reflecting net profits for at least 4 consecutive assessment years.,Eligibility
"Special Covenant: The calculated EMI for this personal credit facility is fixed at Rs. 68,200 payable on the 10th of every repayment cycle.",EMI
A late collection fee of INR 500 shall apply per overdue installment in addition to penal interest at 2.0% p.a.,Late Fee
"Terms and Conditions: The borrower covenants to pay 180 consecutive equated monthly installments of INR 55,000 without default.",EMI
"Section 18.9: The Lender shall report payment performance, defaults, and overdue status to all statutory Credit Information Companies monthly.",Credit Score
Borrower Undertaking: Any dispute arising out of or in connection with this agreement shall be resolved through binding arbitration in Mumbai.,Other
Clause 29: A physical ECS/NACH mandate registration swap fee of Rs. 150 shall be charged for changing the repayment bank account.,Hidden Charges
Important Stipulation: The maximum tenure permitted under this home finance agreement is 240 months subject to age retirement limits.,Loan Tenure
"General Obligation: The borrower shall indemnify the Bank for all recovery agency costs, legal counsel fees, and litigation expenses incurred.",Penalty
"Terms and Conditions: An annual administrative account maintenance charge of Rs. 1,200 shall be debited every year on the anniversary date.",Hidden Charges
Special Covenant: Partial prepayment is permitted up to 15% of the outstanding balance once in a financial year without any prepayment penalty.,Prepayment
"Terms and Conditions: The rate of interest chargeable shall be 11.50% p.a., subject to revision following Reserve Bank of India policy revisions.",Interest Rate
A reduction in the borrower's credit score below 700 grants the Lender the right to demand additional collateral security.,Credit Score
"Borrower Undertaking: The borrower covenants to pay 36 consecutive equated monthly installments of INR 42,800 without default.",EMI
"Borrower Undertaking: Prepayment shall only be accepted in multiples of Rs. 10,000 and will be adjusted first towards overdue charges and then principal.",Prepayment
Borrower Undertaking: The borrower explicitly authorizes the lender to obtain comprehensive credit bureau reports throughout the currency of the loan.,Credit Score
"Terms and Conditions: Loan eligibility is determined on the basis of verified cash flows, repayment capacity, and existing debt commitments.",Eligibility
General Obligation: The maturity date of the loan facility shall fall exactly 1 years following the initial drawdown timestamp.,Loan Tenure
Terms and Conditions: Original registered title deeds of the mortgaged property must be deposited with the Bank to create an equitable mortgage.,Documentation
"Section 2.4: Each monthly EMI of Rs. 28,450 shall be deducted automatically via electronic standing instruction from the designated bank account.",EMI
Terms and Conditions: A physical ECS/NACH mandate registration swap fee of Rs. 150 shall be charged for changing the repayment bank account.,Hidden Charges
General Obligation: The total tenure of the loan facility is sanctioned for a period of 300 months (25 years) from the disbursement date.,Loan Tenure
"Important Stipulation: In case of default in payment of any monthly installment on the due date, a late payment fee of Rs. 750 plus 24.0% p.a. will be levied.",Late Fee
Any partial prepayment made within the lock-in period of 18 months shall attract a prepayment fee of 1.5%.,Prepayment
"Section 32.9: The borrower covenants to pay 240 consecutive equated monthly installments of INR 28,450 without default.",EMI
Terms and Conditions: The Borrower may request an adjustment of the remaining 240 months tenure subject to Bank loan servicing policies.,Loan Tenure
"Borrower Undertaking: A mandatory group loan protection insurance premium of INR 52,000 shall be debited and added to the principal balance.",Insurance
Special Covenant: Differential interest rate of 18.00% shall be levied during the construction period until final disbursement.,Interest Rate
All statutory levies and stamp duties payable on this agreement shall be deposited with the competent treasury authority.,Tax
"Borrower Undertaking: In case of unauthorized utilization of loan proceeds for speculative purposes, the Bank may impose a punitive penalty of 36.0%.",Penalty
Mandatory Condition: Tax deducted at source (TDS) if applicable must be deposited by the borrower and statutory TDS certificates submitted to the Lender.,Tax
Section 7.8: A dishonor penalty of Rs. 450 shall be charged for every cheque or NACH debit returned unpaid due to insufficient funds.,Penalty
"Clause 27: The Borrower shall submit certified copies of PAN Card, Aadhaar Card, utility bills, and 6 months bank account statements.",Documentation
Section 31.7: The total fixed obligation to income ratio (FOIR) of the borrower including all existing debts must not exceed 50%.,Eligibility
Section 34.7: The borrower may prepay up to 25% of principal annually; prepayments exceeding this threshold shall attract a 1.5% fee.,Prepayment
"Special Covenant: In the event the loan sanction is cancelled by the borrower, the upfront processing fee of INR 1,500 shall remain non-refundable.",Processing Fee
Important Stipulation: The Lender will issue an annual provisional and final interest certificate for the purpose of claiming income tax exemptions.,Tax
Important Stipulation: All statutory levies and stamp duties payable on this agreement shall be deposited with the competent treasury authority.,Tax
"Important Stipulation: An annual administrative account maintenance charge of Rs. 3,500 shall be debited every year on the anniversary date.",Hidden Charges
"General Obligation: Each monthly EMI of Rs. 42,800 shall be deducted automatically via electronic standing instruction from the designated bank account.",EMI
Important Stipulation: The Borrower shall inform the Bank in writing within 14 calendar days of any change in residential address or employment.,Other
The Borrower shall execute an irrevocable power of attorney in favor of the Bank authorizing enforcement upon default.,Documentation
"Mandatory Condition: An inspection and collateral re-valuation fee of Rs. 1,200 will be charged to the loan account every 3 years.",Hidden Charges
"Borrower Undertaking: An inspection and collateral re-valuation fee of Rs. 1,200 will be charged to the loan account every 3 years.",Hidden Charges
Borrower Undertaking: A statement of account fee of Rs. 750 and interest certificate generation fee of Rs. 450 shall be levied.,Hidden Charges
Section 17.4: The loan sanction is contingent upon securing adequate loan shield insurance covering the entire tenure of the credit facility.,Insurance
A penal interest rate of 3.0% per annum shall be charged on all overdue EMI payments for the exact period of delay.,Late Fee
"Mandatory Condition: All fees, charges, and statutory penalties mentioned herein are exclusive of Goods and Services Tax (GST) payable at 18.0%.",Tax
"Important Stipulation: The agreed repayment period is 24 calendar months, concluding on the formal maturity date.",Loan Tenure
"Terms and Conditions: Any enhancement in statutory stamp duty, GST, or government levies shall be borne entirely by the borrower without exception.",Tax
"Borrower Undertaking: The Borrower shall submit certified copies of PAN Card, Aadhaar Card, utility bills, and 6 months bank account statements.",Documentation
Terms and Conditions: The loan sanction is contingent upon securing adequate loan shield insurance covering the entire tenure of the credit facility.,Insurance
"The agreed base lending rate is 8.75% per annum, payable in arrears at the conclusion of each calendar month.",Interest Rate
Clause 13: The current applicable rate of interest is 8.25% p.a. comprising the benchmark repo rate of 6.50% plus a credit spread of 3.50%.,Interest Rate
"General Obligation: In case of unauthorized utilization of loan proceeds for speculative purposes, the Bank may impose a punitive penalty of 28.0%.",Penalty
"General Obligation: The initial EMI amount shall be Rs. 42,800 per month, subject to adjustment if the interest rate benchmark changes.",EMI
Terms and Conditions: The borrower shall pay foreclosure fees equivalent to 5.0% of the remaining unpaid principal at the date of payoff.,Foreclosure
Clause 5: Legal verification fee of INR 500 and technical valuation fees of INR 500 shall be recovered separately.,Hidden Charges
Mandatory Condition: Overdue monthly balances shall attract late payment charges at the rate of 2.0% per month until the default is fully cured.,Late Fee
Mandatory Condition: Any default exceeding 30 days delinquency will be reported to credit bureaus and may severely impair the borrower's credit rating.,Credit Score
"Borrower Undertaking: In case of unauthorized utilization of loan proceeds for speculative purposes, the Bank may impose a punitive penalty of 18.0%.",Penalty
Mandatory Condition: Any request for tenure extension beyond the contracted 60 months shall be subject to fresh credit underwriting.,Loan Tenure
"Clause 8: A mandatory group loan protection insurance premium of INR 35,000 shall be debited and added to the principal balance.",Insurance
Mandatory Condition: Self-employed applicants must show audited financial accounts reflecting net profits for at least 4 consecutive assessment years.,Eligibility
Clause 5: Overdue monthly balances shall attract late payment charges at the rate of 24.0% per month until the default is fully cured.,Late Fee
Clause 34: A certified salary slip stamped by the employer along with Form 16 must be provided prior to final disbursement release.,Documentation
Section 37.9: Any dispute arising out of or in connection with this agreement shall be resolved through binding arbitration in Mumbai.,Other
Borrower Undertaking: Early closure and foreclosure of this commercial loan facility will attract a foreclosure compensation levy of 3.5%.,Foreclosure
"Mandatory Condition: The agreed base lending rate is 12.00% per annum, payable in arrears at the conclusion of each calendar month.",Interest Rate
"Borrower Undertaking: A document retrieval and duplicate statement issuance fee of Rs. 1,200 plus taxes shall apply to each physical service request.",Hidden Charges
Important Stipulation: Original registered title deeds of the mortgaged property must be deposited with the Bank to create an equitable mortgage.,Documentation
Special Covenant: Persistent payment delay exceeding 30 calendar days shall attract default penal interest of 24.0% above regular interest rates.,Late Fee
"Terms and Conditions: In case of default in payment of any monthly installment on the due date, a late payment fee of Rs. 500 plus 28.0% p.a. will be levied.",Late Fee
"Special Covenant: An annual administrative account maintenance charge of Rs. 2,500 shall be debited every year on the anniversary date.",Hidden Charges
The total fixed obligation to income ratio (FOIR) of the borrower including all existing debts must not exceed 60%.,Eligibility
"Important Stipulation: Any enhancement in statutory stamp duty, GST, or government levies shall be borne entirely by the borrower without exception.",Tax
Special Covenant: A fixed annual interest rate of 8.75% shall be applicable for the entire tenure of the loan facility without any reset.,Interest Rate
Special Covenant: The borrower agrees to renew the insurance coverage annually and submit proof of premium payment to the Lender 15 days before expiry.,Insurance
"Terms and Conditions: Repayment shall be made by way of Equated Monthly Installments of INR 35,000 commencing from the month immediately following disbursement.",EMI
Section 19.7: The total fixed obligation to income ratio (FOIR) of the borrower including all existing debts must not exceed 60%.,Eligibility
Mandatory Condition: The total fixed obligation to income ratio (FOIR) of the borrower including all existing debts must not exceed 45%.,Eligibility
"General Obligation: Upon full foreclosure, the lender shall release original title deeds within 30 working days from settlement of all dues.",Foreclosure
Section 41.7: A fixed annual interest rate of 12.00% shall be applicable for the entire tenure of the loan facility without any reset.,Interest Rate
The provisions of this agreement are severable; invalidity of any clause shall not impair the validity of remaining clauses.,Other
"The applicant must demonstrate a verified minimum net monthly salary of Rs. 1,00,000 to qualify for this credit facility.",Eligibility
Borrower Undertaking: Periodic automated credit score reviews will be conducted by the bank to assess ongoing risk and exposure health.,Credit Score
Clause 19: Differential interest rate of 12.00% shall be levied during the construction period until final disbursement.,Interest Rate
Borrower Undertaking: The borrower agrees to renew the insurance coverage annually and submit proof of premium payment to the Lender 15 days before expiry.,Insurance
Borrower Undertaking: A document retrieval and duplicate statement issuance fee of Rs. 500 plus taxes shall apply to each physical service request.,Hidden Charges
Borrower Undertaking: Individual borrowers servicing floating interest rate advances may make prepayments without any prepayment penalty or lock-in fee.,Prepayment
Section 18.1: The Borrower's credit score must be at least 780 as reported by CIBIL or Experian at the time of formal underwriting.,Credit Score
"Section 34.1: A non-refundable administrative processing fee of 2.0% of the sanctioned loan amount, subject to a minimum of Rs. 7,500, is payable.",Processing Fee
"Section 42.7: An inspection and collateral re-valuation fee of Rs. 1,500 will be charged to the loan account every 3 years.",Hidden Charges
Borrower Undertaking: The Borrower may request an adjustment of the remaining 12 months tenure subject to Bank loan servicing policies.,Loan Tenure
"Mandatory Condition: The processing fee of Rs. 2,999 covers comprehensive documentation verification, credit appraisal, and legal title scrutiny.",Processing Fee
Important Stipulation: The Borrower may claim tax deductions on principal repayments under Section 80C and interest payments under Section 24(b) of the IT Act.,Tax
"Special Covenant: Upon full foreclosure, the lender shall release original title deeds within 30 working days from settlement of all dues.",Foreclosure
"Terms and Conditions: A mandatory group loan protection insurance premium of INR 24,500 shall be debited and added to the principal balance.",Insurance
Important Stipulation: A foreclosure charge of 2.0% shall be levied on the outstanding principal balance if the loan is closed prematurely.,Foreclosure
Clause 17: Individual borrowers servicing floating interest rate advances may make prepayments without any prepayment penalty or lock-in fee.,Prepayment
Clause 30: Breach of any financial covenant or negative pledge shall attract a liquidated damages penalty of 24.0% per annum.,Penalty
Borrower Undertaking: The loan shall be repaid over an amortization schedule spanning 20 years across 240 monthly installments.,Loan Tenure
General Obligation: A penal interest rate of 36.0% per annum shall be charged on all overdue EMI payments for the exact period of delay.,Late Fee
Special Covenant: The Borrower agrees to pay interest on the loan facility at a floating rate of 16.50% per annum linked to the Bank's 1-year MCLR.,Interest Rate
Terms and Conditions: A ECS mandate bounce charge of INR 500 shall be automatically levied upon each debit rejection by the clearing house.,Penalty
General Obligation: The Borrower shall execute an irrevocable power of attorney in favor of the Bank authorizing enforcement upon default.,Documentation
Borrower Undertaking: The Borrower may claim tax deductions on principal repayments under Section 80C and interest payments under Section 24(b) of the IT Act.,Tax
The Lender will issue an annual provisional and final interest certificate for the purpose of claiming income tax exemptions.,Tax
Section 6.9: Any default exceeding 30 days delinquency will be reported to credit bureaus and may severely impair the borrower's credit rating.,Credit Score
Borrower Undertaking: The Lender reserves the sole right to revise the interest rate spread by up to 1.75% in the event of any credit rating downgrade.,Interest Rate
Clause 5: No waiver by the Bank of any default by the Borrower shall operate as a waiver of any subsequent breach or default.,Other
Mandatory Condition: The Borrower must provide a minimum 15 days written notice requesting full loan foreclosure and payoff quotation calculation.,Foreclosure
Borrower Undertaking: The Borrower may claim tax deductions on principal repayments under Section 80C and interest payments under Section 24(b) of the IT Act.,Tax
"Any representation or warranty proving to be false or misleading will incur an immediate breach penalty of Rs. 25,000.",Penalty
The Borrower may request an adjustment of the remaining 36 months tenure subject to Bank loan servicing policies.,Loan Tenure
"Special Covenant: Each monthly EMI of Rs. 16,800 shall be deducted automatically via electronic standing instruction from the designated bank account.",EMI
The borrower shall execute demand promissory notes and a deed of hypothecation in respect of all financed movable assets.,Documentation
"Important Stipulation: This loan agreement shall be governed by, and construed in all respects in accordance with, the laws of the Republic of India.",Other
"General Obligation: Loan eligibility is determined on the basis of verified cash flows, repayment capacity, and existing debt commitments.",Eligibility
"Special Covenant: Monthly EMI payments of INR 8,250 must be serviced through an active National Automated Clearing House (NACH) mandate.",EMI
Overdue monthly balances shall attract late payment charges at the rate of 24.0% per month until the default is fully cured.,Late Fee
"Important Stipulation: Loan eligibility is determined on the basis of verified cash flows, repayment capacity, and existing debt commitments.",Eligibility
Section 7.1: No waiver by the Bank of any default by the Borrower shall operate as a waiver of any subsequent breach or default.,Other
"Borrower Undertaking: A late fee of Rs. 1,000 will be debited to the borrower's loan account for every week the EMI payment remains overdue.",Late Fee
"Borrower Undertaking: Upon full foreclosure, the lender shall release original title deeds within 30 working days from settlement of all dues.",Foreclosure
"Terms and Conditions: The processing fee of Rs. 10,000 covers comprehensive documentation verification, credit appraisal, and legal title scrutiny.",Processing Fee
"Borrower Undertaking: Any enhancement in statutory stamp duty, GST, or government levies shall be borne entirely by the borrower without exception.",Tax
"Mandatory Condition: The processing fee of Rs. 1,500 covers comprehensive documentation verification, credit appraisal, and legal title scrutiny.",Processing Fee
"Section 2.6: The Borrower shall remit a monthly installment of Rs. 68,200 covering principal repayment and accrued monthly interest.",EMI
"Borrower Undertaking: This loan agreement shall be governed by, and construed in all respects in accordance with, the laws of the Republic of India.",Other
Special Covenant: A document retrieval and duplicate statement issuance fee of Rs. 750 plus taxes shall apply to each physical service request.,Hidden Charges
Section 9.8: No waiver by the Bank of any default by the Borrower shall operate as a waiver of any subsequent breach or default.,Other
General Obligation: A physical ECS/NACH mandate registration swap fee of Rs. 150 shall be charged for changing the repayment bank account.,Hidden Charges
Section 17.9: A late fee of Rs. 500 will be debited to the borrower's loan account for every week the EMI payment remains overdue.,Late Fee
Terms and Conditions: Differential interest rate of 9.50% shall be levied during the construction period until final disbursement.,Interest Rate
Clause 11: Delayed payment of interest or principal beyond 3 days grace period will incur an overdue penal charge of 2.0% compounded monthly.,Late Fee
Important Stipulation: The Borrower shall obtain and maintain a comprehensive credit life and disability insurance policy covering 100% of the loan value.,Insurance
"Section 22.2: Failure to maintain sufficient funds for the monthly installment of INR 22,500 will trigger immediate electronic presentation dishonor.",EMI
"Mandatory Condition: Upon receipt of part-prepayment, the lender will recalculate the amortization schedule and provide a revised repayment table.",Prepayment
"A statement of account fee of Rs. 3,500 and interest certificate generation fee of Rs. 300 shall be levied.",Hidden Charges
"Terms and Conditions: The Borrower shall pay an upfront loan processing charge of INR 2,999 plus applicable Goods and Services Tax (GST).",Processing Fee
Mandatory Condition: An origination fee of 1.5% of the total credit limit shall be charged upon issuance of the formal loan sanction letter.,Processing Fee
"Mandatory Condition: In the event of permanent disability or death of the borrower, insurance proceeds shall be applied directly to liquidate outstanding debt.",Insurance
"Clause 25: Upon receipt of part-prepayment, the lender will recalculate the amortization schedule and provide a revised repayment table.",Prepayment
Borrower Undertaking: The effective annual percentage rate (APR) is calculated as 18.00% inclusive of all underlying margin spreads and capital charges.,Interest Rate
Mandatory Condition: Any dispute arising out of or in connection with this agreement shall be resolved through binding arbitration in Mumbai.,Other
"Terms and Conditions: In the event of partial prepayment, the borrower may choose to reduce the monthly EMI from Rs. 4,500 or reduce the tenure.",EMI
Clause 24: The Lender will issue an annual provisional and final interest certificate for the purpose of claiming income tax exemptions.,Tax
The Borrower shall execute an irrevocable power of attorney in favor of the Bank authorizing enforcement upon default.,Documentation
Foreclosure of fixed-rate loans within the initial 12 months shall incur an exit penalty of 4.0% plus applicable statutory taxes.,Foreclosure
General Obligation: The Borrower shall obtain and maintain a comprehensive credit life and disability insurance policy covering 100% of the loan value.,Insurance
"Section 12.4: The Borrower shall pay an upfront loan processing charge of INR 10,000 plus applicable Goods and Services Tax (GST).",Processing Fee
"Terms and Conditions: Any enhancement in statutory stamp duty, GST, or government levies shall be borne entirely by the borrower without exception.",Tax
"General Obligation: Legal verification fee of INR 2,500 and technical valuation fees of INR 2,500 shall be recovered separately.",Hidden Charges
Borrower Undertaking: The Borrower may request an adjustment of the remaining 12 months tenure subject to Bank loan servicing policies.,Loan Tenure
Borrower Undertaking: Partial prepayment is permitted up to 20% of the outstanding balance once in a financial year without any prepayment penalty.,Prepayment
The maturity date of the loan facility shall fall exactly 2 years following the initial drawdown timestamp.,Loan Tenure
Important Stipulation: Self-employed applicants must show audited financial accounts reflecting net profits for at least 2 consecutive assessment years.,Eligibility
"Borrower Undertaking: This loan agreement shall be governed by, and construed in all respects in accordance with, the laws of the Republic of India.",Other
Special Covenant: The borrower must be an Indian citizen aged between 21 and 60 years at the time of loan maturity to satisfy eligibility criteria.,Eligibility
Terms and Conditions: The provisions of this agreement are severable; invalidity of any clause shall not impair the validity of remaining clauses.,Other
"The borrower shall indemnify the Bank for all recovery agency costs, legal counsel fees, and litigation expenses incurred.",Penalty
General Obligation: The total tenure of the loan facility is sanctioned for a period of 120 months (10 years) from the disbursement date.,Loan Tenure
Section 14.7: The courts having jurisdiction over the branch where the loan was sanctioned shall have exclusive legal jurisdiction.,Other
Important Stipulation: The loan sanction is contingent upon securing adequate loan shield insurance covering the entire tenure of the credit facility.,Insurance
Important Stipulation: A penal interest rate of 28.0% per annum shall be charged on all overdue EMI payments for the exact period of delay.,Late Fee
Mandatory Condition: The provisions of this agreement are severable; invalidity of any clause shall not impair the validity of remaining clauses.,Other
Borrower Undertaking: Persistent payment delay exceeding 30 calendar days shall attract default penal interest of 24.0% above regular interest rates.,Late Fee
Section 33.5: Failure to renew mandatory collateral insurance shall entitle the Bank to purchase insurance on the borrower's behalf and debit the costs.,Insurance
"Clause 22: Failure to maintain sufficient funds for the monthly installment of INR 68,200 will trigger immediate electronic presentation dishonor.",EMI
Mandatory Condition: The effective annual percentage rate (APR) is calculated as 9.50% inclusive of all underlying margin spreads and capital charges.,Interest Rate
"Special Covenant: A minimum threshold of INR 10,000 is required for making any advance prepayment against outstanding principal.",Prepayment
"Section 20.1: Upon receipt of part-prepayment, the lender will recalculate the amortization schedule and provide a revised repayment table.",Prepayment
Terms and Conditions: The effective annual percentage rate (APR) is calculated as 10.75% inclusive of all underlying margin spreads and capital charges.,Interest Rate
The Borrower's credit score must be at least 700 as reported by CIBIL or Experian at the time of formal underwriting.,Credit Score
Special Covenant: Failure to renew mandatory collateral insurance shall entitle the Bank to purchase insurance on the borrower's behalf and debit the costs.,Insurance
"Borrower Undertaking: The Bank levies a sanction processing fee of 2.5% on the gross loan value, payable prior to loan agreement signing.",Processing Fee
Mandatory Condition: Tax deducted at source (TDS) if applicable must be deposited by the borrower and statutory TDS certificates submitted to the Lender.,Tax
Borrower Undertaking: The borrower must be an Indian citizen aged between 21 and 60 years at the time of loan maturity to satisfy eligibility criteria.,Eligibility
"Special Covenant: Loan eligibility is determined on the basis of verified cash flows, repayment capacity, and existing debt commitments.",Eligibility
Clause 38: The borrower must be an Indian citizen aged between 21 and 60 years at the time of loan maturity to satisfy eligibility criteria.,Eligibility
"Important Stipulation: Failure to maintain sufficient funds for the monthly installment of INR 55,000 will trigger immediate electronic presentation dishonor.",EMI
Special Covenant: The Borrower may claim tax deductions on principal repayments under Section 80C and interest payments under Section 24(b) of the IT Act.,Tax
Borrower Undertaking: A loan account reactivation fee of Rs. 750 will be applied if the loan account falls into inoperative dormant status.,Hidden Charges
General Obligation: Overdue monthly balances shall attract late payment charges at the rate of 36.0% per month until the default is fully cured.,Late Fee
"Clause 33: A late collection fee of INR 1,200 shall apply per overdue installment in addition to penal interest at 2.0% p.a.",Late Fee
"General Obligation: Any representation or warranty proving to be false or misleading will incur an immediate breach penalty of Rs. 10,000.",Penalty
Important Stipulation: Applicants must possess a minimum of 2 years continuous employment in the current organization or sector to qualify.,Eligibility
"Clause 34: The Borrower shall submit certified copies of PAN Card, Aadhaar Card, utility bills, and 6 months bank account statements.",Documentation
Section 34.8: A certified salary slip stamped by the employer along with Form 16 must be provided prior to final disbursement release.,Documentation
Terms and Conditions: The borrower explicitly authorizes the lender to obtain comprehensive credit bureau reports throughout the currency of the loan.,Credit Score
Clause 15: Applicants must possess a minimum of 2 years continuous employment in the current organization or sector to qualify.,Eligibility
"General Obligation: The borrower shall indemnify the Bank for all recovery agency costs, legal counsel fees, and litigation expenses incurred.",Penalty
"Borrower Undertaking: The Borrower shall remit a monthly installment of Rs. 22,500 covering principal repayment and accrued monthly interest.",EMI
General Obligation: Persistent payment delay exceeding 30 calendar days shall attract default penal interest of 2.0% above regular interest rates.,Late Fee
"Mandatory Condition: Repayment shall be made by way of Equated Monthly Installments of INR 12,400 commencing from the month immediately following disbursement.",EMI
"Clause 28: In case of unauthorized utilization of loan proceeds for speculative purposes, the Bank may impose a punitive penalty of 24.0%.",Penalty
"Important Stipulation: Loan eligibility is determined on the basis of verified cash flows, repayment capacity, and existing debt commitments.",Eligibility
Borrower Undertaking: The provisions of this agreement are severable; invalidity of any clause shall not impair the validity of remaining clauses.,Other
The Borrower may claim tax deductions on principal repayments under Section 80C and interest payments under Section 24(b) of the IT Act.,Tax
"Special Covenant: The Borrower shall pay an upfront loan processing charge of INR 4,500 plus applicable Goods and Services Tax (GST).",Processing Fee
The Lender will issue an annual provisional and final interest certificate for the purpose of claiming income tax exemptions.,Tax
The Borrower must provide a minimum 15 days written notice requesting full loan foreclosure and payoff quotation calculation.,Foreclosure
Important Stipulation: The provisions of this agreement are severable; invalidity of any clause shall not impair the validity of remaining clauses.,Other
"Special Covenant: Any representation or warranty proving to be false or misleading will incur an immediate breach penalty of Rs. 25,000.",Penalty
Important Stipulation: A penal interest rate of 24.0% per annum shall be charged on all overdue EMI payments for the exact period of delay.,Late Fee
Borrower Undertaking: Interest charges will accrue from the exact date of loan disbursement at the rate of 10.75% per annum.,Interest Rate
"Terms and Conditions: Prepayment shall only be accepted in multiples of Rs. 25,000 and will be adjusted first towards overdue charges and then principal.",Prepayment
Terms and Conditions: A ECS mandate bounce charge of INR 750 shall be automatically levied upon each debit rejection by the clearing house.,Penalty
Terms and Conditions: A certified salary slip stamped by the employer along with Form 16 must be provided prior to final disbursement release.,Documentation
"Section 27.3: The rate of interest chargeable shall be 18.00% p.a., subject to revision following Reserve Bank of India policy revisions.",Interest Rate
Section 19.1: The borrower agrees to renew the insurance coverage annually and submit proof of premium payment to the Lender 15 days before expiry.,Insurance
Section 21.6: A pre-closure penalty of 3.0% will be debited to the settlement statement if closed using third-party balance transfer funds.,Foreclosure
The Borrower may claim tax deductions on principal repayments under Section 80C and interest payments under Section 24(b) of the IT Act.,Tax
Section 1.6: A reduction in the borrower's credit score below 650 grants the Lender the right to demand additional collateral security.,Credit Score
General Obligation: An origination fee of 1.0% of the total credit limit shall be charged upon issuance of the formal loan sanction letter.,Processing Fee
"Mandatory Condition: The calculated EMI for this personal credit facility is fixed at Rs. 55,000 payable on the 10th of every repayment cycle.",EMI
Borrower Undertaking: Persistent payment delay exceeding 30 calendar days shall attract default penal interest of 36.0% above regular interest rates.,Late Fee
"The rate of interest chargeable shall be 11.50% p.a., subject to revision following Reserve Bank of India policy revisions.",Interest Rate
"Borrower Undertaking: The Lender shall report payment performance, defaults, and overdue status to all statutory Credit Information Companies monthly.",Credit Score
Special Covenant: Any default exceeding 30 days delinquency will be reported to credit bureaus and may severely impair the borrower's credit rating.,Credit Score
Clause 21: A certified salary slip stamped by the employer along with Form 16 must be provided prior to final disbursement release.,Documentation
Clause 6: Tax deducted at source (TDS) if applicable must be deposited by the borrower and statutory TDS certificates submitted to the Lender.,Tax
Clause 5: An origination fee of 2.5% of the total credit limit shall be charged upon issuance of the formal loan sanction letter.,Processing Fee
Section 15.3: Individual borrowers servicing floating interest rate advances may make prepayments without any prepayment penalty or lock-in fee.,Prepayment
"Important Stipulation: Property mortgaged under this loan facility must be insured against fire, earthquake, and natural calamities with the Bank as sole loss payee.",Insurance
Special Covenant: The loan sanction is contingent upon securing adequate loan shield insurance covering the entire tenure of the credit facility.,Insurance
"Special Covenant: Failure to submit annual income tax returns or financial statements within 90 days will result in a non-compliance penalty of Rs. 10,000.",Penalty
Important Stipulation: The Borrower's credit score must be at least 700 as reported by CIBIL or Experian at the time of formal underwriting.,Credit Score
General Obligation: Individual borrowers servicing floating interest rate advances may make prepayments without any prepayment penalty or lock-in fee.,Prepayment
Special Covenant: The Lender will issue an annual provisional and final interest certificate for the purpose of claiming income tax exemptions.,Tax
Borrower Undertaking: Breach of any financial covenant or negative pledge shall attract a liquidated damages penalty of 30.0% per annum.,Penalty
A dishonor penalty of Rs. 450 shall be charged for every cheque or NACH debit returned unpaid due to insufficient funds.,Penalty
Important Stipulation: A late fee of Rs. 350 will be debited to the borrower's loan account for every week the EMI payment remains overdue.,Late Fee
"Section 27.6: Pre-EMI interest shall be paid every month until the regular equated monthly installment of Rs. 35,000 commences.",EMI
The Borrower shall execute an irrevocable power of attorney in favor of the Bank authorizing enforcement upon default.,Documentation
Delayed payment of interest or principal beyond 3 days grace period will incur an overdue penal charge of 3.0% compounded monthly.,Late Fee
Terms and Conditions: A certified salary slip stamped by the employer along with Form 16 must be provided prior to final disbursement release.,Documentation
"Mandatory Condition: A one-time file handling and login processing charge of Rs. 1,500 must be paid along with the application form submission.",Processing Fee
"The agreed repayment period is 48 calendar months, concluding on the formal maturity date.",Loan Tenure
Special Covenant: A reduction in the borrower's credit score below 780 grants the Lender the right to demand additional collateral security.,Credit Score
Borrower Undertaking: Any partial prepayment made within the lock-in period of 18 months shall attract a prepayment fee of 1.5%.,Prepayment
Section 18.5: The Borrower shall pay simple interest at 9.10% during the initial moratorium period prior to principal amortization.,Interest Rate
General Obligation: A ECS mandate bounce charge of INR 450 shall be automatically levied upon each debit rejection by the clearing house.,Penalty
Section 43.9: The loan agreement must be stamped with appropriate ad-valorem stamp duty as prescribed by the respective State Stamp Act.,Documentation
"Mandatory Condition: Monthly EMI payments of INR 16,800 must be serviced through an active National Automated Clearing House (NACH) mandate.",EMI
"The Bank levies a sanction processing fee of 0.5% on the gross loan value, payable prior to loan agreement signing.",Processing Fee
"Important Stipulation: The borrower shall indemnify the Bank for all recovery agency costs, legal counsel fees, and litigation expenses incurred.",Penalty
The Borrower shall pay simple interest at 18.00% during the initial moratorium period prior to principal amortization.,Interest Rate
Terms and Conditions: Tax deducted at source (TDS) if applicable must be deposited by the borrower and statutory TDS certificates submitted to the Lender.,Tax
"Borrower Undertaking: Upon full foreclosure, the lender shall release original title deeds within 30 working days from settlement of all dues.",Foreclosure
Clause 13: Applicants must possess a minimum of 2 years continuous employment in the current organization or sector to qualify.,Eligibility
"Mandatory Condition: Loan eligibility is determined on the basis of verified cash flows, repayment capacity, and existing debt commitments.",Eligibility
Terms and Conditions: An origination fee of 2.0% of the total credit limit shall be charged upon issuance of the formal loan sanction letter.,Processing Fee
Section 1.9: Interest charges will accrue from the exact date of loan disbursement at the rate of 8.75% per annum.,Interest Rate
"Terms and Conditions: A minimum threshold of INR 50,000 is required for making any advance prepayment against outstanding principal.",Prepayment
General Obligation: The maturity date of the loan facility shall fall exactly 30 years following the initial drawdown timestamp.,Loan Tenure
The current applicable rate of interest is 15.00% p.a. comprising the benchmark repo rate of 6.00% plus a credit spread of 3.10%.,Interest Rate
"In case of default in payment of any monthly installment on the due date, a late payment fee of Rs. 350 plus 18.0% p.a. will be levied.",Late Fee
Important Stipulation: A fixed annual interest rate of 9.10% shall be applicable for the entire tenure of the loan facility without any reset.,Interest Rate
General Obligation: A statement of account fee of Rs. 750 and interest certificate generation fee of Rs. 450 shall be levied.,Hidden Charges
"Terms and Conditions: Failure to submit annual income tax returns or financial statements within 90 days will result in a non-compliance penalty of Rs. 25,000.",Penalty
"Borrower Undertaking: The applicant must demonstrate a verified minimum net monthly salary of Rs. 75,000 to qualify for this credit facility.",Eligibility
Terms and Conditions: A pre-closure penalty of 5.0% will be debited to the settlement statement if closed using third-party balance transfer funds.,Foreclosure
"Important Stipulation: In the event of permanent disability or death of the borrower, insurance proceeds shall be applied directly to liquidate outstanding debt.",Insurance
Section 18.6: Applicants must possess a minimum of 2 years continuous employment in the current organization or sector to qualify.,Eligibility
"Terms and Conditions: In the event of partial prepayment, the borrower may choose to reduce the monthly EMI from Rs. 8,250 or reduce the tenure.",EMI
Important Stipulation: Breach of any financial covenant or negative pledge shall attract a liquidated damages penalty of 2.0% per annum.,Penalty
Section 1.5: Applicants must possess a minimum of 2 years continuous employment in the current organization or sector to qualify.,Eligibility
"Terms and Conditions: A statement of account fee of Rs. 1,500 and interest certificate generation fee of Rs. 150 shall be levied.",Hidden Charges
Section 23.9: A certified salary slip stamped by the employer along with Form 16 must be provided prior to final disbursement release.,Documentation
Important Stipulation: A dishonor penalty of Rs. 750 shall be charged for every cheque or NACH debit returned unpaid due to insufficient funds.,Penalty
Clause 34: A certified salary slip stamped by the employer along with Form 16 must be provided prior to final disbursement release.,Documentation
"Clause 15: A minimum threshold of INR 10,000 is required for making any advance prepayment against outstanding principal.",Prepayment
Borrower Undertaking: Self-employed applicants must show audited financial accounts reflecting net profits for at least 4 consecutive assessment years.,Eligibility
"Borrower Undertaking: A minimum threshold of INR 25,000 is required for making any advance prepayment against outstanding principal.",Prepayment
Special Covenant: Delayed payment of interest or principal beyond 3 days grace period will incur an overdue penal charge of 3.0% compounded monthly.,Late Fee
Clause 27: No waiver by the Bank of any default by the Borrower shall operate as a waiver of any subsequent breach or default.,Other
"Section 29.4: This loan agreement shall be governed by, and construed in all respects in accordance with, the laws of the Republic of India.",Other
"Section 12.3: The Borrower shall submit certified copies of PAN Card, Aadhaar Card, utility bills, and 6 months bank account statements.",Documentation
Borrower Undertaking: No foreclosure charges shall be applicable on floating-rate individual term loans as per Reserve Bank of India consumer guidelines.,Foreclosure
"Special Covenant: A one-time file handling and login processing charge of Rs. 1,500 must be paid along with the application form submission.",Processing Fee
"Failure to maintain sufficient funds for the monthly installment of INR 28,450 will trigger immediate electronic presentation dishonor.",EMI
Clause 19: The Borrower must provide a minimum 15 days written notice requesting full loan foreclosure and payoff quotation calculation.,Foreclosure
"Borrower Undertaking: Property mortgaged under this loan facility must be insured against fire, earthquake, and natural calamities with the Bank as sole loss payee.",Insurance
Mandatory Condition: A pre-closure penalty of 5.0% will be debited to the settlement statement if closed using third-party balance transfer funds.,Foreclosure
Terms and Conditions: The Borrower may claim tax deductions on principal repayments under Section 80C and interest payments under Section 24(b) of the IT Act.,Tax
"The processing fee of Rs. 2,999 covers comprehensive documentation verification, credit appraisal, and legal title scrutiny.",Processing Fee
Clause 28: The loan sanction is contingent upon securing adequate loan shield insurance covering the entire tenure of the credit facility.,Insurance
Section 22.4: The Borrower shall execute an irrevocable power of attorney in favor of the Bank authorizing enforcement upon default.,Documentation
"Borrower Undertaking: A non-refundable administrative processing fee of 0.5% of the sanctioned loan amount, subject to a minimum of Rs. 5,000, is payable.",Processing Fee
Important Stipulation: The borrower must be an Indian citizen aged between 21 and 60 years at the time of loan maturity to satisfy eligibility criteria.,Eligibility
"Special Covenant: In case of default in payment of any monthly installment on the due date, a late payment fee of Rs. 350 plus 28.0% p.a. will be levied.",Late Fee
"Special Covenant: The agreed repayment period is 120 calendar months, concluding on the formal maturity date.",Loan Tenure
"Terms and Conditions: A non-refundable administrative processing fee of 1.5% of the sanctioned loan amount, subject to a minimum of Rs. 7,500, is payable.",Processing Fee
Clause 8: Original registered title deeds of the mortgaged property must be deposited with the Bank to create an equitable mortgage.,Documentation
Mandatory Condition: Self-employed applicants must show audited financial accounts reflecting net profits for at least 4 consecutive assessment years.,Eligibility
A loan evaluation and administrative processing fee amounting to 0.5% will be deducted directly from the initial disbursement.,Processing Fee
"Legal verification fee of INR 3,500 and technical valuation fees of INR 3,500 shall be recovered separately.",Hidden Charges
Section 35.2: The borrower must be an Indian citizen aged between 21 and 60 years at the time of loan maturity to satisfy eligibility criteria.,Eligibility
Terms and Conditions: The duration of this credit facility is strictly restricted to 3 years from the execution date of this loan deed.,Loan Tenure
Terms and Conditions: A certified salary slip stamped by the employer along with Form 16 must be provided prior to final disbursement release.,Documentation
Important Stipulation: Any dispute arising out of or in connection with this agreement shall be resolved through binding arbitration in Mumbai.,Other
"Terms and Conditions: The Borrower confirms that the monthly EMI commitment of Rs. 4,500 does not exceed 50% of verified net monthly disposable income.",EMI
Terms and Conditions: The total fixed obligation to income ratio (FOIR) of the borrower including all existing debts must not exceed 55%.,Eligibility
"Borrower Undertaking: All fees, charges, and statutory penalties mentioned herein are exclusive of Goods and Services Tax (GST) payable at 18.0%.",Tax
Clause 6: Breach of any financial covenant or negative pledge shall attract a liquidated damages penalty of 30.0% per annum.,Penalty
General Obligation: The borrower agrees to renew the insurance coverage annually and submit proof of premium payment to the Lender 15 days before expiry.,Insurance
Special Covenant: The total fixed obligation to income ratio (FOIR) of the borrower including all existing debts must not exceed 45%.,Eligibility
Mandatory Condition: All statutory levies and stamp duties payable on this agreement shall be deposited with the competent treasury authority.,Tax
Mandatory Condition: An origination fee of 1.0% of the total credit limit shall be charged upon issuance of the formal loan sanction letter.,Processing Fee
A pre-closure penalty of 3.0% will be debited to the settlement statement if closed using third-party balance transfer funds.,Foreclosure
"Special Covenant: The borrower shall indemnify the Bank for all recovery agency costs, legal counsel fees, and litigation expenses incurred.",Penalty
Section 13.8: The Borrower's credit score must be at least 750 as reported by CIBIL or Experian at the time of formal underwriting.,Credit Score
A statement of account fee of Rs. 750 and interest certificate generation fee of Rs. 150 shall be levied.,Hidden Charges
"Terms and Conditions: A one-time file handling and login processing charge of Rs. 2,999 must be paid along with the application form submission.",Processing Fee
"Important Stipulation: A mandatory group loan protection insurance premium of INR 35,000 shall be debited and added to the principal balance.",Insurance
Mandatory Condition: The borrower may prepay up to 25% of principal annually; prepayments exceeding this threshold shall attract a 3.0% fee.,Prepayment
Clause 28: Tax deducted at source (TDS) if applicable must be deposited by the borrower and statutory TDS certificates submitted to the Lender.,Tax
"Special Covenant: Loan eligibility is determined on the basis of verified cash flows, repayment capacity, and existing debt commitments.",Eligibility
"Borrower Undertaking: In the event of permanent disability or death of the borrower, insurance proceeds shall be applied directly to liquidate outstanding debt.",Insurance
Borrower Undertaking: The duration of this credit facility is strictly restricted to 20 years from the execution date of this loan deed.,Loan Tenure
"General Obligation: The Bank levies a sanction processing fee of 1.5% on the gross loan value, payable prior to loan agreement signing.",Processing Fee
"Section 42.1: An inspection and collateral re-valuation fee of Rs. 2,500 will be charged to the loan account every 3 years.",Hidden Charges
"Mandatory Condition: The rate of interest chargeable shall be 16.50% p.a., subject to revision following Reserve Bank of India policy revisions.",Interest Rate
"Borrower Undertaking: Upon full foreclosure, the lender shall release original title deeds within 30 working days from settlement of all dues.",Foreclosure
Mandatory Condition: No foreclosure charges shall be applicable on floating-rate individual term loans as per Reserve Bank of India consumer guidelines.,Foreclosure
Special Covenant: The Borrower shall execute an irrevocable power of attorney in favor of the Bank authorizing enforcement upon default.,Documentation
Special Covenant: The maturity date of the loan facility shall fall exactly 30 years following the initial drawdown timestamp.,Loan Tenure
Important Stipulation: The total fixed obligation to income ratio (FOIR) of the borrower including all existing debts must not exceed 60%.,Eligibility
"Terms and Conditions: The Lender shall report payment performance, defaults, and overdue status to all statutory Credit Information Companies monthly.",Credit Score
Important Stipulation: The borrower shall execute demand promissory notes and a deed of hypothecation in respect of all financed movable assets.,Documentation
Mandatory Condition: A fixed annual interest rate of 15.00% shall be applicable for the entire tenure of the loan facility without any reset.,Interest Rate
Important Stipulation: The loan shall be repaid over an amortization schedule spanning 3 years across 36 monthly installments.,Loan Tenure
Mandatory Condition: Early closure and foreclosure of this commercial loan facility will attract a foreclosure compensation levy of 2.0%.,Foreclosure
"Clause 8: In case of a floating rate loan, the rate of interest shall be reset on an annual basis in accordance with prevailing market benchmarks.",Interest Rate
"Clause 20: The Bank levies a sanction processing fee of 2.0% on the gross loan value, payable prior to loan agreement signing.",Processing Fee
Section 8.7: A loan evaluation and administrative processing fee amounting to 0.5% will be deducted directly from the initial disbursement.,Processing Fee
"Borrower Undertaking: The Bank levies a sanction processing fee of 1.0% on the gross loan value, payable prior to loan agreement signing.",Processing Fee
General Obligation: The loan agreement remains legally binding for a term of 60 months or until all outstanding obligations are cleared.,Loan Tenure
Special Covenant: A penal interest rate of 2.0% per annum shall be charged on all overdue EMI payments for the exact period of delay.,Late Fee
Mandatory Condition: Tax deducted at source (TDS) if applicable must be deposited by the borrower and statutory TDS certificates submitted to the Lender.,Tax
Borrower Undertaking: The Borrower's credit score must be at least 725 as reported by CIBIL or Experian at the time of formal underwriting.,Credit Score
Mandatory Condition: The loan sanction is contingent upon securing adequate loan shield insurance covering the entire tenure of the credit facility.,Insurance
"Important Stipulation: The Bank levies a sanction processing fee of 0.5% on the gross loan value, payable prior to loan agreement signing.",Processing Fee
"Special Covenant: Legal verification fee of INR 2,500 and technical valuation fees of INR 2,500 shall be recovered separately.",Hidden Charges
"The applicant must demonstrate a verified minimum net monthly salary of Rs. 35,000 to qualify for this credit facility.",Eligibility
"Mandatory Condition: Property mortgaged under this loan facility must be insured against fire, earthquake, and natural calamities with the Bank as sole loss payee.",Insurance
General Obligation: A CIBIL credit report pull fee of Rs. 300 will be deducted from the customer's savings account during annual monitoring.,Hidden Charges
Clause 39: A CIBIL credit report pull fee of Rs. 150 will be deducted from the customer's savings account during annual monitoring.,Hidden Charges
"Important Stipulation: A document retrieval and duplicate statement issuance fee of Rs. 1,500 plus taxes shall apply to each physical service request.",Hidden Charges
Important Stipulation: The borrower shall pay foreclosure fees equivalent to 4.0% of the remaining unpaid principal at the date of payoff.,Foreclosure
"Mandatory Condition: The applicant must demonstrate a verified minimum net monthly salary of Rs. 50,000 to qualify for this credit facility.",Eligibility
"Clause 23: This loan agreement shall be governed by, and construed in all respects in accordance with, the laws of the Republic of India.",Other
General Obligation: The maturity date of the loan facility shall fall exactly 20 years following the initial drawdown timestamp.,Loan Tenure
Section 29.2: Tax deducted at source (TDS) if applicable must be deposited by the borrower and statutory TDS certificates submitted to the Lender.,Tax
"Mandatory Condition: A non-refundable administrative processing fee of 1.0% of the sanctioned loan amount, subject to a minimum of Rs. 5,000, is payable.",Processing Fee
Section 14.2: Periodic automated credit score reviews will be conducted by the bank to assess ongoing risk and exposure health.,Credit Score
Section 38.3: The borrower may prepay up to 25% of principal annually; prepayments exceeding this threshold shall attract a 2.0% fee.,Prepayment
Mandatory Condition: A foreclosure charge of 2.0% shall be levied on the outstanding principal balance if the loan is closed prematurely.,Foreclosure
Borrower Undertaking: No waiver by the Bank of any default by the Borrower shall operate as a waiver of any subsequent breach or default.,Other
"Clause 23: A non-refundable administrative processing fee of 1.5% of the sanctioned loan amount, subject to a minimum of Rs. 7,500, is payable.",Processing Fee
Special Covenant: Self-employed applicants must show audited financial accounts reflecting net profits for at least 2 consecutive assessment years.,Eligibility
Special Covenant: A physical ECS/NACH mandate registration swap fee of Rs. 450 shall be charged for changing the repayment bank account.,Hidden Charges
All statutory levies and stamp duties payable on this agreement shall be deposited with the competent treasury authority.,Tax
Mandatory Condition: The Borrower's credit score must be at least 750 as reported by CIBIL or Experian at the time of formal underwriting.,Credit Score
Important Stipulation: A foreclosure charge of 2.0% shall be levied on the outstanding principal balance if the loan is closed prematurely.,Foreclosure
Special Covenant: Delayed payment of interest or principal beyond 3 days grace period will incur an overdue penal charge of 36.0% compounded monthly.,Late Fee
General Obligation: Late fee calculation begins automatically at 00:01 AM on the day following the missed monthly payment deadline.,Late Fee
"Borrower Undertaking: Monthly EMI payments of INR 68,200 must be serviced through an active National Automated Clearing House (NACH) mandate.",EMI
"Section 32.3: This loan agreement shall be governed by, and construed in all respects in accordance with, the laws of the Republic of India.",Other
Failure to renew mandatory collateral insurance shall entitle the Bank to purchase insurance on the borrower's behalf and debit the costs.,Insurance
Section 25.1: The effective annual percentage rate (APR) is calculated as 14.25% inclusive of all underlying margin spreads and capital charges.,Interest Rate
General Obligation: An origination fee of 3.0% of the total credit limit shall be charged upon issuance of the formal loan sanction letter.,Processing Fee
"Clause 44: Upon full foreclosure, the lender shall release original title deeds within 30 working days from settlement of all dues.",Foreclosure
Important Stipulation: A physical ECS/NACH mandate registration swap fee of Rs. 150 shall be charged for changing the repayment bank account.,Hidden Charges
Section 24.1: A penal interest rate of 18.0% per annum shall be charged on all overdue EMI payments for the exact period of delay.,Late Fee
General Obligation: The Borrower agrees that notices served by electronic mail to the registered email address shall constitute valid legal service.,Other
Clause 41: The borrower may prepay up to 25% of principal annually; prepayments exceeding this threshold shall attract a 2.0% fee.,Prepayment
"Borrower Undertaking: A one-time file handling and login processing charge of Rs. 10,000 must be paid along with the application form submission.",Processing Fee
Section 32.3: Periodic automated credit score reviews will be conducted by the bank to assess ongoing risk and exposure health.,Credit Score
Terms and Conditions: The borrower may prepay up to 25% of principal annually; prepayments exceeding this threshold shall attract a 1.5% fee.,Prepayment
"General Obligation: The calculated EMI for this personal credit facility is fixed at Rs. 8,250 payable on the 10th of every repayment cycle.",EMI
Important Stipulation: A ECS mandate bounce charge of INR 750 shall be automatically levied upon each debit rejection by the clearing house.,Penalty
"Section 1.8: The Borrower shall remit a monthly installment of Rs. 68,200 covering principal repayment and accrued monthly interest.",EMI
Special Covenant: The Borrower may request an adjustment of the remaining 180 months tenure subject to Bank loan servicing policies.,Loan Tenure
Special Covenant: The borrower agrees to renew the insurance coverage annually and submit proof of premium payment to the Lender 15 days before expiry.,Insurance
General Obligation: The Borrower's credit score must be at least 700 as reported by CIBIL or Experian at the time of formal underwriting.,Credit Score
Special Covenant: A CIBIL credit report pull fee of Rs. 150 will be deducted from the customer's savings account during annual monitoring.,Hidden Charges
Mandatory Condition: Delayed payment of interest or principal beyond 3 days grace period will incur an overdue penal charge of 28.0% compounded monthly.,Late Fee
A penal interest rate of 24.0% per annum shall be charged on all overdue EMI payments for the exact period of delay.,Late Fee
Section 30.4: Failure to renew mandatory collateral insurance shall entitle the Bank to purchase insurance on the borrower's behalf and debit the costs.,Insurance
"Clause 13: The Borrower shall pay an upfront loan processing charge of INR 4,500 plus applicable Goods and Services Tax (GST).",Processing Fee
Terms and Conditions: Differential interest rate of 13.50% shall be levied during the construction period until final disbursement.,Interest Rate
"Important Stipulation: This loan agreement shall be governed by, and construed in all respects in accordance with, the laws of the Republic of India.",Other
Terms and Conditions: The Borrower's credit score must be at least 780 as reported by CIBIL or Experian at the time of formal underwriting.,Credit Score
Mandatory Condition: Applicants must possess a minimum of 2 years continuous employment in the current organization or sector to qualify.,Eligibility
Clause 13: Self-employed applicants must show audited financial accounts reflecting net profits for at least 4 consecutive assessment years.,Eligibility
"General Obligation: In the event of permanent disability or death of the borrower, insurance proceeds shall be applied directly to liquidate outstanding debt.",Insurance
Section 32.1: A ECS mandate bounce charge of INR 500 shall be automatically levied upon each debit rejection by the clearing house.,Penalty
"Important Stipulation: Loan eligibility is determined on the basis of verified cash flows, repayment capacity, and existing debt commitments.",Eligibility
"General Obligation: The borrower covenants to pay 120 consecutive equated monthly installments of INR 16,800 without default.",EMI
"Terms and Conditions: In case of default in payment of any monthly installment on the due date, a late payment fee of Rs. 500 plus 18.0% p.a. will be levied.",Late Fee
Section 44.8: The Lender will issue an annual provisional and final interest certificate for the purpose of claiming income tax exemptions.,Tax
Borrower Undertaking: The borrower must be an Indian citizen aged between 21 and 60 years at the time of loan maturity to satisfy eligibility criteria.,Eligibility
General Obligation: Original registered title deeds of the mortgaged property must be deposited with the Bank to create an equitable mortgage.,Documentation
Special Covenant: The borrower agrees to renew the insurance coverage annually and submit proof of premium payment to the Lender 15 days before expiry.,Insurance
"The applicant must demonstrate a verified minimum net monthly salary of Rs. 1,00,000 to qualify for this credit facility.",Eligibility
Borrower Undertaking: Periodic automated credit score reviews will be conducted by the bank to assess ongoing risk and exposure health.,Credit Score
"Section 4.3: Monthly EMI payments of INR 85,000 must be serviced through an active National Automated Clearing House (NACH) mandate.",EMI
"Borrower Undertaking: A statement of account fee of Rs. 2,500 and interest certificate generation fee of Rs. 300 shall be levied.",Hidden Charges
"A document retrieval and duplicate statement issuance fee of Rs. 1,500 plus taxes shall apply to each physical service request.",Hidden Charges
"Clause 10: The Lender shall report payment performance, defaults, and overdue status to all statutory Credit Information Companies monthly.",Credit Score
Terms and Conditions: The Borrower's credit score must be at least 650 as reported by CIBIL or Experian at the time of formal underwriting.,Credit Score
Important Stipulation: The Lender will issue an annual provisional and final interest certificate for the purpose of claiming income tax exemptions.,Tax
Section 18.8: The current applicable rate of interest is 16.50% p.a. comprising the benchmark repo rate of 6.00% plus a credit spread of 2.75%.,Interest Rate
Borrower Undertaking: The Borrower agrees to pay interest on the loan facility at a floating rate of 9.50% per annum linked to the Bank's 1-year MCLR.,Interest Rate
Special Covenant: The effective annual percentage rate (APR) is calculated as 15.00% inclusive of all underlying margin spreads and capital charges.,Interest Rate
Important Stipulation: All statutory levies and stamp duties payable on this agreement shall be deposited with the competent treasury authority.,Tax
Mandatory Condition: Periodic automated credit score reviews will be conducted by the bank to assess ongoing risk and exposure health.,Credit Score
General Obligation: A fixed annual interest rate of 15.00% shall be applicable for the entire tenure of the loan facility without any reset.,Interest Rate
"Section 8.7: This loan agreement shall be governed by, and construed in all respects in accordance with, the laws of the Republic of India.",Other
Section 39.5: The total fixed obligation to income ratio (FOIR) of the borrower including all existing debts must not exceed 50%.,Eligibility
Section 18.2: Any dispute arising out of or in connection with this agreement shall be resolved through binding arbitration in Mumbai.,Other
"Mandatory Condition: The agreed base lending rate is 13.50% per annum, payable in arrears at the conclusion of each calendar month.",Interest Rate
Important Stipulation: The maturity date of the loan facility shall fall exactly 3 years following the initial drawdown timestamp.,Loan Tenure
Special Covenant: The total fixed obligation to income ratio (FOIR) of the borrower including all existing debts must not exceed 45%.,Eligibility
Important Stipulation: A loan evaluation and administrative processing fee amounting to 2.0% will be deducted directly from the initial disbursement.,Processing Fee
"Terms and Conditions: In the event of permanent disability or death of the borrower, insurance proceeds shall be applied directly to liquidate outstanding debt.",Insurance
Terms and Conditions: An origination fee of 1.5% of the total credit limit shall be charged upon issuance of the formal loan sanction letter.,Processing Fee
"Terms and Conditions: Failure to submit annual income tax returns or financial statements within 90 days will result in a non-compliance penalty of Rs. 5,000.",Penalty
General Obligation: No foreclosure charges shall be applicable on floating-rate individual term loans as per Reserve Bank of India consumer guidelines.,Foreclosure
General Obligation: The duration of this credit facility is strictly restricted to 3 years from the execution date of this loan deed.,Loan Tenure
"Special Covenant: The processing fee of Rs. 4,500 covers comprehensive documentation verification, credit appraisal, and legal title scrutiny.",Processing Fee
"Important Stipulation: In case of unauthorized utilization of loan proceeds for speculative purposes, the Bank may impose a punitive penalty of 24.0%.",Penalty
Mandatory Condition: Any request for tenure extension beyond the contracted 48 months shall be subject to fresh credit underwriting.,Loan Tenure
A loan account reactivation fee of Rs. 500 will be applied if the loan account falls into inoperative dormant status.,Hidden Charges
"General Obligation: All fees, charges, and statutory penalties mentioned herein are exclusive of Goods and Services Tax (GST) payable at 18.0%.",Tax
Section 41.2: The Borrower must provide a minimum 15 days written notice requesting full loan foreclosure and payoff quotation calculation.,Foreclosure
Terms and Conditions: The Borrower may claim tax deductions on principal repayments under Section 80C and interest payments under Section 24(b) of the IT Act.,Tax
Terms and Conditions: Original registered title deeds of the mortgaged property must be deposited with the Bank to create an equitable mortgage.,Documentation
"Borrower Undertaking: Property mortgaged under this loan facility must be insured against fire, earthquake, and natural calamities with the Bank as sole loss payee.",Insurance
"Terms and Conditions: The rate of interest chargeable shall be 15.00% p.a., subject to revision following Reserve Bank of India policy revisions.",Interest Rate
Special Covenant: Any default exceeding 30 days delinquency will be reported to credit bureaus and may severely impair the borrower's credit rating.,Credit Score
Terms and Conditions: The total fixed obligation to income ratio (FOIR) of the borrower including all existing debts must not exceed 60%.,Eligibility
"Borrower Undertaking: A minimum threshold of INR 25,000 is required for making any advance prepayment against outstanding principal.",Prepayment
Important Stipulation: Delayed payment of interest or principal beyond 3 days grace period will incur an overdue penal charge of 18.0% compounded monthly.,Late Fee
General Obligation: The Borrower shall pay simple interest at 14.25% during the initial moratorium period prior to principal amortization.,Interest Rate
The Borrower may claim tax deductions on principal repayments under Section 80C and interest payments under Section 24(b) of the IT Act.,Tax
Clause 5: The borrower agrees to renew the insurance coverage annually and submit proof of premium payment to the Lender 15 days before expiry.,Insurance
"Special Covenant: The Borrower shall submit certified copies of PAN Card, Aadhaar Card, utility bills, and 6 months bank account statements.",Documentation
Section 43.4: The Borrower must provide a minimum 15 days written notice requesting full loan foreclosure and payoff quotation calculation.,Foreclosure
"Clause 2: The calculated EMI for this personal credit facility is fixed at Rs. 12,400 payable on the 10th of every repayment cycle.",EMI
Special Covenant: Overdue monthly balances shall attract late payment charges at the rate of 3.0% per month until the default is fully cured.,Late Fee
"Clause 16: The Borrower shall pay an upfront loan processing charge of INR 4,500 plus applicable Goods and Services Tax (GST).",Processing Fee
Section 22.9: The loan sanction is contingent upon securing adequate loan shield insurance covering the entire tenure of the credit facility.,Insurance
Section 32.8: The effective annual percentage rate (APR) is calculated as 9.10% inclusive of all underlying margin spreads and capital charges.,Interest Rate
"General Obligation: The Borrower shall submit certified copies of PAN Card, Aadhaar Card, utility bills, and 6 months bank account statements.",Documentation
Section 7.9: Original registered title deeds of the mortgaged property must be deposited with the Bank to create an equitable mortgage.,Documentation
"Mandatory Condition: The Bank levies a sanction processing fee of 2.5% on the gross loan value, payable prior to loan agreement signing.",Processing Fee
Terms and Conditions: A loan account reactivation fee of Rs. 750 will be applied if the loan account falls into inoperative dormant status.,Hidden Charges
General Obligation: Foreclosure of fixed-rate loans within the initial 12 months shall incur an exit penalty of 4.0% plus applicable statutory taxes.,Foreclosure
Clause 11: The maximum tenure permitted under this home finance agreement is 36 months subject to age retirement limits.,Loan Tenure
Important Stipulation: Any partial prepayment made within the lock-in period of 24 months shall attract a prepayment fee of 2.0%.,Prepayment
"Important Stipulation: Upon receipt of part-prepayment, the lender will recalculate the amortization schedule and provide a revised repayment table.",Prepayment
"Clause 17: In case of unauthorized utilization of loan proceeds for speculative purposes, the Bank may impose a punitive penalty of 24.0%.",Penalty
"Special Covenant: This loan agreement shall be governed by, and construed in all respects in accordance with, the laws of the Republic of India.",Other
Terms and Conditions: A late fee of Rs. 750 will be debited to the borrower's loan account for every week the EMI payment remains overdue.,Late Fee
Borrower Undertaking: An origination fee of 3.0% of the total credit limit shall be charged upon issuance of the formal loan sanction letter.,Processing Fee
"Section 5.4: In case of default in payment of any monthly installment on the due date, a late payment fee of Rs. 500 plus 18.0% p.a. will be levied.",Late Fee
"This loan agreement shall be governed by, and construed in all respects in accordance with, the laws of the Republic of India.",Other
"Clause 1: Loan eligibility is determined on the basis of verified cash flows, repayment capacity, and existing debt commitments.",Eligibility
"Mandatory Condition: The Borrower shall submit certified copies of PAN Card, Aadhaar Card, utility bills, and 6 months bank account statements.",Documentation
General Obligation: The loan agreement must be stamped with appropriate ad-valorem stamp duty as prescribed by the respective State Stamp Act.,Documentation
Special Covenant: Interest charges will accrue from the exact date of loan disbursement at the rate of 8.75% per annum.,Interest Rate
Terms and Conditions: Any partial prepayment made within the lock-in period of 18 months shall attract a prepayment fee of 2.0%.,Prepayment
Clause 21: Late fee calculation begins automatically at 00:01 AM on the day following the missed monthly payment deadline.,Late Fee
Terms and Conditions: A dishonor penalty of Rs. 450 shall be charged for every cheque or NACH debit returned unpaid due to insufficient funds.,Penalty
Clause 27: The loan agreement remains legally binding for a term of 48 months or until all outstanding obligations are cleared.,Loan Tenure
Terms and Conditions: A fixed annual interest rate of 12.00% shall be applicable for the entire tenure of the loan facility without any reset.,Interest Rate
Important Stipulation: Delayed payment of interest or principal beyond 3 days grace period will incur an overdue penal charge of 28.0% compounded monthly.,Late Fee
Clause 29: A foreclosure charge of 3.5% shall be levied on the outstanding principal balance if the loan is closed prematurely.,Foreclosure
Special Covenant: Partial prepayment is permitted up to 15% of the outstanding balance once in a financial year without any prepayment penalty.,Prepayment
"Special Covenant: The applicant must demonstrate a verified minimum net monthly salary of Rs. 50,000 to qualify for this credit facility.",Eligibility
"Clause 33: In case of default in payment of any monthly installment on the due date, a late payment fee of Rs. 500 plus 18.0% p.a. will be levied.",Late Fee
Mandatory Condition: The courts having jurisdiction over the branch where the loan was sanctioned shall have exclusive legal jurisdiction.,Other
Important Stipulation: No waiver by the Bank of any default by the Borrower shall operate as a waiver of any subsequent breach or default.,Other
"Mandatory Condition: Loan eligibility is determined on the basis of verified cash flows, repayment capacity, and existing debt commitments.",Eligibility
"Important Stipulation: In the event of partial prepayment, the borrower may choose to reduce the monthly EMI from Rs. 16,800 or reduce the tenure.",EMI
Special Covenant: Failure to renew mandatory collateral insurance shall entitle the Bank to purchase insurance on the borrower's behalf and debit the costs.,Insurance
Terms and Conditions: The borrower shall execute demand promissory notes and a deed of hypothecation in respect of all financed movable assets.,Documentation
Section 10.1: The borrower must be an Indian citizen aged between 21 and 60 years at the time of loan maturity to satisfy eligibility criteria.,Eligibility
"General Obligation: The Borrower shall submit certified copies of PAN Card, Aadhaar Card, utility bills, and 6 months bank account statements.",Documentation
"Important Stipulation: All fees, charges, and statutory penalties mentioned herein are exclusive of Goods and Services Tax (GST) payable at 18.0%.",Tax
Terms and Conditions: A fixed annual interest rate of 9.50% shall be applicable for the entire tenure of the loan facility without any reset.,Interest Rate
"Mandatory Condition: A minimum threshold of INR 1,00,000 is required for making any advance prepayment against outstanding principal.",Prepayment
Clause 8: The Lender will issue an annual provisional and final interest certificate for the purpose of claiming income tax exemptions.,Tax
Important Stipulation: A CIBIL credit report pull fee of Rs. 300 will be deducted from the customer's savings account during annual monitoring.,Hidden Charges
"Mandatory Condition: The Borrower shall pay an upfront loan processing charge of INR 6,000 plus applicable Goods and Services Tax (GST).",Processing Fee
A dishonor penalty of Rs. 750 shall be charged for every cheque or NACH debit returned unpaid due to insufficient funds.,Penalty
"Terms and Conditions: All fees, charges, and statutory penalties mentioned herein are exclusive of Goods and Services Tax (GST) payable at 18.0%.",Tax
Section 14.6: The current applicable rate of interest is 14.25% p.a. comprising the benchmark repo rate of 6.00% plus a credit spread of 4.00%.,Interest Rate
Clause 28: The borrower shall pay foreclosure fees equivalent to 4.0% of the remaining unpaid principal at the date of payoff.,Foreclosure
"Mandatory Condition: The Borrower shall pay an upfront loan processing charge of INR 6,000 plus applicable Goods and Services Tax (GST).",Processing Fee
Section 5.8: The maturity date of the loan facility shall fall exactly 25 years following the initial drawdown timestamp.,Loan Tenure
"Mandatory Condition: A mandatory group loan protection insurance premium of INR 52,000 shall be debited and added to the principal balance.",Insurance
Clause 42: A foreclosure charge of 4.0% shall be levied on the outstanding principal balance if the loan is closed prematurely.,Foreclosure
Section 2.3: The borrower shall pay foreclosure fees equivalent to 3.0% of the remaining unpaid principal at the date of payoff.,Foreclosure
General Obligation: Applicants must possess a minimum of 2 years continuous employment in the current organization or sector to qualify.,Eligibility
"Important Stipulation: Loan eligibility is determined on the basis of verified cash flows, repayment capacity, and existing debt commitments.",Eligibility
Borrower Undertaking: The total tenure of the loan facility is sanctioned for a period of 24 months (2 years) from the disbursement date.,Loan Tenure
Special Covenant: The loan agreement remains legally binding for a term of 300 months or until all outstanding obligations are cleared.,Loan Tenure
"Section 20.7: The Borrower shall submit certified copies of PAN Card, Aadhaar Card, utility bills, and 6 months bank account statements.",Documentation
"Clause 2: A document retrieval and duplicate statement issuance fee of Rs. 3,500 plus taxes shall apply to each physical service request.",Hidden Charges
"Terms and Conditions: The Borrower shall remit a monthly installment of Rs. 68,200 covering principal repayment and accrued monthly interest.",EMI
Borrower Undertaking: A pre-closure penalty of 3.0% will be debited to the settlement statement if closed using third-party balance transfer funds.,Foreclosure
Clause 9: The borrower explicitly authorizes the lender to obtain comprehensive credit bureau reports throughout the currency of the loan.,Credit Score
The borrower must be an Indian citizen aged between 21 and 60 years at the time of loan maturity to satisfy eligibility criteria.,Eligibility
Borrower Undertaking: A foreclosure charge of 5.0% shall be levied on the outstanding principal balance if the loan is closed prematurely.,Foreclosure
"Clause 32: Loan eligibility is determined on the basis of verified cash flows, repayment capacity, and existing debt commitments.",Eligibility
"Borrower Undertaking: A minimum threshold of INR 25,000 is required for making any advance prepayment against outstanding principal.",Prepayment
General Obligation: The Borrower must provide a minimum 15 days written notice requesting full loan foreclosure and payoff quotation calculation.,Foreclosure
Mandatory Condition: An origination fee of 3.0% of the total credit limit shall be charged upon issuance of the formal loan sanction letter.,Processing Fee
"Borrower Undertaking: A minimum threshold of INR 10,000 is required for making any advance prepayment against outstanding principal.",Prepayment
Special Covenant: Individual borrowers servicing floating interest rate advances may make prepayments without any prepayment penalty or lock-in fee.,Prepayment
General Obligation: The courts having jurisdiction over the branch where the loan was sanctioned shall have exclusive legal jurisdiction.,Other
Terms and Conditions: The Borrower shall obtain and maintain a comprehensive credit life and disability insurance policy covering 100% of the loan value.,Insurance
General Obligation: Any dispute arising out of or in connection with this agreement shall be resolved through binding arbitration in Mumbai.,Other
"Borrower Undertaking: The borrower covenants to pay 12 consecutive equated monthly installments of INR 4,500 without default.",EMI
General Obligation: Foreclosure of fixed-rate loans within the initial 12 months shall incur an exit penalty of 3.5% plus applicable statutory taxes.,Foreclosure
Mandatory Condition: The borrower shall execute demand promissory notes and a deed of hypothecation in respect of all financed movable assets.,Documentation
Clause 3: A reduction in the borrower's credit score below 700 grants the Lender the right to demand additional collateral security.,Credit Score
Important Stipulation: The Borrower shall execute an irrevocable power of attorney in favor of the Bank authorizing enforcement upon default.,Documentation
Section 26.9: The Borrower agrees that notices served by electronic mail to the registered email address shall constitute valid legal service.,Other
Important Stipulation: The Borrower must provide a minimum 15 days written notice requesting full loan foreclosure and payoff quotation calculation.,Foreclosure
Foreclosure of fixed-rate loans within the initial 12 months shall incur an exit penalty of 5.0% plus applicable statutory taxes.,Foreclosure
Mandatory Condition: Failure to renew mandatory collateral insurance shall entitle the Bank to purchase insurance on the borrower's behalf and debit the costs.,Insurance
Special Covenant: Any request for tenure extension beyond the contracted 84 months shall be subject to fresh credit underwriting.,Loan Tenure
Special Covenant: The courts having jurisdiction over the branch where the loan was sanctioned shall have exclusive legal jurisdiction.,Other
Borrower Undertaking: The Lender will issue an annual provisional and final interest certificate for the purpose of claiming income tax exemptions.,Tax
"Special Covenant: The initial EMI amount shall be Rs. 4,500 per month, subject to adjustment if the interest rate benchmark changes.",EMI
Borrower Undertaking: The Borrower shall pay simple interest at 10.25% during the initial moratorium period prior to principal amortization.,Interest Rate
No waiver by the Bank of any default by the Borrower shall operate as a waiver of any subsequent breach or default.,Other
"Section 44.7: Property mortgaged under this loan facility must be insured against fire, earthquake, and natural calamities with the Bank as sole loss payee.",Insurance
Special Covenant: A reduction in the borrower's credit score below 750 grants the Lender the right to demand additional collateral security.,Credit Score
Important Stipulation: The maximum tenure permitted under this home finance agreement is 120 months subject to age retirement limits.,Loan Tenure
Mandatory Condition: The Borrower's credit score must be at least 750 as reported by CIBIL or Experian at the time of formal underwriting.,Credit Score
"Mandatory Condition: Upon full foreclosure, the lender shall release original title deeds within 30 working days from settlement of all dues.",Foreclosure
Mandatory Condition: No waiver by the Bank of any default by the Borrower shall operate as a waiver of any subsequent breach or default.,Other
The borrower explicitly authorizes the lender to obtain comprehensive credit bureau reports throughout the currency of the loan.,Credit Score
General Obligation: No waiver by the Bank of any default by the Borrower shall operate as a waiver of any subsequent breach or default.,Other
The duration of this credit facility is strictly restricted to 4 years from the execution date of this loan deed.,Loan Tenure
"Clause 31: A minimum threshold of INR 1,00,000 is required for making any advance prepayment against outstanding principal.",Prepayment
Terms and Conditions: The Borrower may claim tax deductions on principal repayments under Section 80C and interest payments under Section 24(b) of the IT Act.,Tax
Important Stipulation: Overdue monthly balances shall attract late payment charges at the rate of 30.0% per month until the default is fully cured.,Late Fee
The courts having jurisdiction over the branch where the loan was sanctioned shall have exclusive legal jurisdiction.,Other
Mandatory Condition: Interest charges will accrue from the exact date of loan disbursement at the rate of 9.10% per annum.,Interest Rate
"A minimum threshold of INR 50,000 is required for making any advance prepayment against outstanding principal.",Prepayment
Section 4.6: The Borrower must provide a minimum 15 days written notice requesting full loan foreclosure and payoff quotation calculation.,Foreclosure
The maturity date of the loan facility shall fall exactly 15 years following the initial drawdown timestamp.,Loan Tenure
Mandatory Condition: The effective annual percentage rate (APR) is calculated as 9.10% inclusive of all underlying margin spreads and capital charges.,Interest Rate
"General Obligation: Any enhancement in statutory stamp duty, GST, or government levies shall be borne entirely by the borrower without exception.",Tax
Mandatory Condition: The borrower must be an Indian citizen aged between 21 and 60 years at the time of loan maturity to satisfy eligibility criteria.,Eligibility
Clause 8: Any request for tenure extension beyond the contracted 180 months shall be subject to fresh credit underwriting.,Loan Tenure
The total tenure of the loan facility is sanctioned for a period of 180 months (15 years) from the disbursement date.,Loan Tenure
"Terms and Conditions: All fees, charges, and statutory penalties mentioned herein are exclusive of Goods and Services Tax (GST) payable at 18.0%.",Tax
Clause 29: Failure to renew mandatory collateral insurance shall entitle the Bank to purchase insurance on the borrower's behalf and debit the costs.,Insurance
"Borrower Undertaking: The agreed repayment period is 240 calendar months, concluding on the formal maturity date.",Loan Tenure
"Mandatory Condition: Legal verification fee of INR 3,500 and technical valuation fees of INR 3,500 shall be recovered separately.",Hidden Charges
"Important Stipulation: The borrower covenants to pay 12 consecutive equated monthly installments of INR 68,200 without default.",EMI
"Mandatory Condition: A one-time file handling and login processing charge of Rs. 10,000 must be paid along with the application form submission.",Processing Fee
The Borrower shall obtain and maintain a comprehensive credit life and disability insurance policy covering 100% of the loan value.,Insurance
Section 18.6: The borrower agrees to renew the insurance coverage annually and submit proof of premium payment to the Lender 15 days before expiry.,Insurance
General Obligation: Breach of any financial covenant or negative pledge shall attract a liquidated damages penalty of 18.0% per annum.,Penalty
Section 3.7: Early closure and foreclosure of this commercial loan facility will attract a foreclosure compensation levy of 5.0%.,Foreclosure
"General Obligation: The processing fee of Rs. 1,500 covers comprehensive documentation verification, credit appraisal, and legal title scrutiny.",Processing Fee
Special Covenant: The Borrower shall pay simple interest at 18.00% during the initial moratorium period prior to principal amortization.,Interest Rate
Terms and Conditions: The borrower agrees to renew the insurance coverage annually and submit proof of premium payment to the Lender 15 days before expiry.,Insurance
"Important Stipulation: Monthly EMI payments of INR 12,400 must be serviced through an active National Automated Clearing House (NACH) mandate.",EMI
Terms and Conditions: A CIBIL credit report pull fee of Rs. 250 will be deducted from the customer's savings account during annual monitoring.,Hidden Charges
Special Covenant: The Borrower may claim tax deductions on principal repayments under Section 80C and interest payments under Section 24(b) of the IT Act.,Tax
Mandatory Condition: Breach of any financial covenant or negative pledge shall attract a liquidated damages penalty of 28.0% per annum.,Penalty
Important Stipulation: The duration of this credit facility is strictly restricted to 2 years from the execution date of this loan deed.,Loan Tenure
General Obligation: The loan sanction is contingent upon securing adequate loan shield insurance covering the entire tenure of the credit facility.,Insurance
Section 17.9: An inspection and collateral re-valuation fee of Rs. 750 will be charged to the loan account every 3 years.,Hidden Charges
Terms and Conditions: The borrower shall execute demand promissory notes and a deed of hypothecation in respect of all financed movable assets.,Documentation
Mandatory Condition: The Borrower agrees that notices served by electronic mail to the registered email address shall constitute valid legal service.,Other
"Special Covenant: The processing fee of Rs. 4,500 covers comprehensive documentation verification, credit appraisal, and legal title scrutiny.",Processing Fee
"Clause 20: Property mortgaged under this loan facility must be insured against fire, earthquake, and natural calamities with the Bank as sole loss payee.",Insurance
General Obligation: Individual borrowers servicing floating interest rate advances may make prepayments without any prepayment penalty or lock-in fee.,Prepayment
Individual borrowers servicing floating interest rate advances may make prepayments without any prepayment penalty or lock-in fee.,Prepayment
Clause 16: A CIBIL credit report pull fee of Rs. 300 will be deducted from the customer's savings account during annual monitoring.,Hidden Charges
Clause 39: The borrower explicitly authorizes the lender to obtain comprehensive credit bureau reports throughout the currency of the loan.,Credit Score
Terms and Conditions: Periodic automated credit score reviews will be conducted by the bank to assess ongoing risk and exposure health.,Credit Score
"Clause 37: The Borrower shall pay an upfront loan processing charge of INR 2,999 plus applicable Goods and Services Tax (GST).",Processing Fee
"Special Covenant: In the event the loan sanction is cancelled by the borrower, the upfront processing fee of INR 10,000 shall remain non-refundable.",Processing Fee
"Section 27.5: The rate of interest chargeable shall be 12.00% p.a., subject to revision following Reserve Bank of India policy revisions.",Interest Rate
Any partial prepayment made within the lock-in period of 24 months shall attract a prepayment fee of 1.5%.,Prepayment
"Important Stipulation: A late fee of Rs. 1,000 will be debited to the borrower's loan account for every week the EMI payment remains overdue.",Late Fee
"Important Stipulation: A one-time file handling and login processing charge of Rs. 4,500 must be paid along with the application form submission.",Processing Fee
Section 11.9: Individual borrowers servicing floating interest rate advances may make prepayments without any prepayment penalty or lock-in fee.,Prepayment
General Obligation: The borrower agrees to renew the insurance coverage annually and submit proof of premium payment to the Lender 15 days before expiry.,Insurance
Section 31.9: Any dispute arising out of or in connection with this agreement shall be resolved through binding arbitration in Mumbai.,Other
"Mandatory Condition: Legal verification fee of INR 1,500 and technical valuation fees of INR 1,500 shall be recovered separately.",Hidden Charges
"Special Covenant: Property mortgaged under this loan facility must be insured against fire, earthquake, and natural calamities with the Bank as sole loss payee.",Insurance
Clause 17: The loan agreement must be stamped with appropriate ad-valorem stamp duty as prescribed by the respective State Stamp Act.,Documentation
Section 4.2: A dishonor penalty of Rs. 650 shall be charged for every cheque or NACH debit returned unpaid due to insufficient funds.,Penalty
"Important Stipulation: In case of default in payment of any monthly installment on the due date, a late payment fee of Rs. 750 plus 28.0% p.a. will be levied.",Late Fee
Clause 25: Any request for tenure extension beyond the contracted 36 months shall be subject to fresh credit underwriting.,Loan Tenure
Mandatory Condition: Tax deducted at source (TDS) if applicable must be deposited by the borrower and statutory TDS certificates submitted to the Lender.,Tax
Terms and Conditions: Individual borrowers servicing floating interest rate advances may make prepayments without any prepayment penalty or lock-in fee.,Prepayment
"Borrower Undertaking: The Bank levies a sanction processing fee of 1.5% on the gross loan value, payable prior to loan agreement signing.",Processing Fee
"Section 17.4: A mandatory group loan protection insurance premium of INR 35,000 shall be debited and added to the principal balance.",Insurance
Special Covenant: A late fee of Rs. 500 will be debited to the borrower's loan account for every week the EMI payment remains overdue.,Late Fee
Special Covenant: The Borrower shall inform the Bank in writing within 14 calendar days of any change in residential address or employment.,Other
Clause 2: Original registered title deeds of the mortgaged property must be deposited with the Bank to create an equitable mortgage.,Documentation
Mandatory Condition: The Borrower's credit score must be at least 780 as reported by CIBIL or Experian at the time of formal underwriting.,Credit Score
"Mandatory Condition: The Borrower shall pay an upfront loan processing charge of INR 6,000 plus applicable Goods and Services Tax (GST).",Processing Fee
Terms and Conditions: The Borrower must provide a minimum 15 days written notice requesting full loan foreclosure and payoff quotation calculation.,Foreclosure
"In the event the loan sanction is cancelled by the borrower, the upfront processing fee of INR 10,000 shall remain non-refundable.",Processing Fee
Mandatory Condition: An inspection and collateral re-valuation fee of Rs. 500 will be charged to the loan account every 3 years.,Hidden Charges
"General Obligation: Each monthly EMI of Rs. 85,000 shall be deducted automatically via electronic standing instruction from the designated bank account.",EMI
Clause 32: The borrower agrees to renew the insurance coverage annually and submit proof of premium payment to the Lender 15 days before expiry.,Insurance
Section 19.2: A ECS mandate bounce charge of INR 500 shall be automatically levied upon each debit rejection by the clearing house.,Penalty
Special Covenant: The borrower shall execute demand promissory notes and a deed of hypothecation in respect of all financed movable assets.,Documentation
"Mandatory Condition: Any enhancement in statutory stamp duty, GST, or government levies shall be borne entirely by the borrower without exception.",Tax
General Obligation: The Borrower shall obtain and maintain a comprehensive credit life and disability insurance policy covering 100% of the loan value.,Insurance
"Mandatory Condition: The borrower shall indemnify the Bank for all recovery agency costs, legal counsel fees, and litigation expenses incurred.",Penalty
Delayed payment of interest or principal beyond 3 days grace period will incur an overdue penal charge of 3.0% compounded monthly.,Late Fee
Clause 31: Overdue monthly balances shall attract late payment charges at the rate of 24.0% per month until the default is fully cured.,Late Fee
"Special Covenant: All fees, charges, and statutory penalties mentioned herein are exclusive of Goods and Services Tax (GST) payable at 18.0%.",Tax
"General Obligation: In the event of permanent disability or death of the borrower, insurance proceeds shall be applied directly to liquidate outstanding debt.",Insurance
Section 18.2: Periodic automated credit score reviews will be conducted by the bank to assess ongoing risk and exposure health.,Credit Score
"Mandatory Condition: This loan agreement shall be governed by, and construed in all respects in accordance with, the laws of the Republic of India.",Other
"Section 44.4: A loan account reactivation fee of Rs. 3,500 will be applied if the loan account falls into inoperative dormant status.",Hidden Charges
Important Stipulation: Applicants must possess a minimum of 2 years continuous employment in the current organization or sector to qualify.,Eligibility
"Prepayment shall only be accepted in multiples of Rs. 50,000 and will be adjusted first towards overdue charges and then principal.",Prepayment
"Important Stipulation: The borrower shall indemnify the Bank for all recovery agency costs, legal counsel fees, and litigation expenses incurred.",Penalty
Terms and Conditions: The Borrower must provide a minimum 15 days written notice requesting full loan foreclosure and payoff quotation calculation.,Foreclosure
General Obligation: The Lender will issue an annual provisional and final interest certificate for the purpose of claiming income tax exemptions.,Tax
"Section 29.6: Any representation or warranty proving to be false or misleading will incur an immediate breach penalty of Rs. 5,000.",Penalty
General Obligation: The courts having jurisdiction over the branch where the loan was sanctioned shall have exclusive legal jurisdiction.,Other
Clause 33: The borrower must be an Indian citizen aged between 21 and 60 years at the time of loan maturity to satisfy eligibility criteria.,Eligibility
The duration of this credit facility is strictly restricted to 30 years from the execution date of this loan deed.,Loan Tenure
Special Covenant: The maturity date of the loan facility shall fall exactly 2 years following the initial drawdown timestamp.,Loan Tenure
Section 25.6: Individual borrowers servicing floating interest rate advances may make prepayments without any prepayment penalty or lock-in fee.,Prepayment
Mandatory Condition: A penal interest rate of 24.0% per annum shall be charged on all overdue EMI payments for the exact period of delay.,Late Fee
"Special Covenant: The borrower shall indemnify the Bank for all recovery agency costs, legal counsel fees, and litigation expenses incurred.",Penalty
Section 33.8: The Borrower must provide a minimum 15 days written notice requesting full loan foreclosure and payoff quotation calculation.,Foreclosure
Important Stipulation: Individual borrowers servicing floating interest rate advances may make prepayments without any prepayment penalty or lock-in fee.,Prepayment
General Obligation: Persistent payment delay exceeding 30 calendar days shall attract default penal interest of 24.0% above regular interest rates.,Late Fee
"The processing fee of Rs. 10,000 covers comprehensive documentation verification, credit appraisal, and legal title scrutiny.",Processing Fee
"Mandatory Condition: A statement of account fee of Rs. 3,500 and interest certificate generation fee of Rs. 450 shall be levied.",Hidden Charges
"Mandatory Condition: A loan account reactivation fee of Rs. 1,500 will be applied if the loan account falls into inoperative dormant status.",Hidden Charges
"Mandatory Condition: A one-time file handling and login processing charge of Rs. 2,999 must be paid along with the application form submission.",Processing Fee
Mandatory Condition: Delayed payment of interest or principal beyond 3 days grace period will incur an overdue penal charge of 36.0% compounded monthly.,Late Fee
"Mandatory Condition: Prepayment shall only be accepted in multiples of Rs. 25,000 and will be adjusted first towards overdue charges and then principal.",Prepayment
"General Obligation: Repayment shall be made by way of Equated Monthly Installments of INR 4,500 commencing from the month immediately following disbursement.",EMI
Borrower Undertaking: A reduction in the borrower's credit score below 750 grants the Lender the right to demand additional collateral security.,Credit Score
Clause 18: The borrower must be an Indian citizen aged between 21 and 60 years at the time of loan maturity to satisfy eligibility criteria.,Eligibility
Individual borrowers servicing floating interest rate advances may make prepayments without any prepayment penalty or lock-in fee.,Prepayment
Mandatory Condition: The maturity date of the loan facility shall fall exactly 2 years following the initial drawdown timestamp.,Loan Tenure
The duration of this credit facility is strictly restricted to 2 years from the execution date of this loan deed.,Loan Tenure
"Important Stipulation: All fees, charges, and statutory penalties mentioned herein are exclusive of Goods and Services Tax (GST) payable at 18.0%.",Tax
Terms and Conditions: A fixed annual interest rate of 18.00% shall be applicable for the entire tenure of the loan facility without any reset.,Interest Rate
"Clause 26: A non-refundable administrative processing fee of 1.0% of the sanctioned loan amount, subject to a minimum of Rs. 2,500, is payable.",Processing Fee
"A minimum threshold of INR 10,000 is required for making any advance prepayment against outstanding principal.",Prepayment
"Clause 44: Any representation or warranty proving to be false or misleading will incur an immediate breach penalty of Rs. 10,000.",Penalty
Clause 41: The borrower agrees to renew the insurance coverage annually and submit proof of premium payment to the Lender 15 days before expiry.,Insurance
General Obligation: Overdue monthly balances shall attract late payment charges at the rate of 28.0% per month until the default is fully cured.,Late Fee
"Clause 7: Upon full foreclosure, the lender shall release original title deeds within 30 working days from settlement of all dues.",Foreclosure
General Obligation: Failure to renew mandatory collateral insurance shall entitle the Bank to purchase insurance on the borrower's behalf and debit the costs.,Insurance
"Section 33.6: In the event the loan sanction is cancelled by the borrower, the upfront processing fee of INR 2,999 shall remain non-refundable.",Processing Fee
Clause 10: Periodic automated credit score reviews will be conducted by the bank to assess ongoing risk and exposure health.,Credit Score
"An annual administrative account maintenance charge of Rs. 3,500 shall be debited every year on the anniversary date.",Hidden Charges
Mandatory Condition: The current applicable rate of interest is 11.50% p.a. comprising the benchmark repo rate of 6.00% plus a credit spread of 3.10%.,Interest Rate
Clause 1: The provisions of this agreement are severable; invalidity of any clause shall not impair the validity of remaining clauses.,Other
"Any enhancement in statutory stamp duty, GST, or government levies shall be borne entirely by the borrower without exception.",Tax
"Section 30.4: The processing fee of Rs. 6,000 covers comprehensive documentation verification, credit appraisal, and legal title scrutiny.",Processing Fee
"Special Covenant: In case of default in payment of any monthly installment on the due date, a late payment fee of Rs. 500 plus 18.0% p.a. will be levied.",Late Fee
Borrower Undertaking: The loan agreement remains legally binding for a term of 240 months or until all outstanding obligations are cleared.,Loan Tenure
"Section 2.7: Property mortgaged under this loan facility must be insured against fire, earthquake, and natural calamities with the Bank as sole loss payee.",Insurance
General Obligation: A fixed annual interest rate of 8.75% shall be applicable for the entire tenure of the loan facility without any reset.,Interest Rate
"Mandatory Condition: All fees, charges, and statutory penalties mentioned herein are exclusive of Goods and Services Tax (GST) payable at 18.0%.",Tax
Terms and Conditions: The loan shall be repaid over an amortization schedule spanning 30 years across 360 monthly installments.,Loan Tenure
"Borrower Undertaking: In case of unauthorized utilization of loan proceeds for speculative purposes, the Bank may impose a punitive penalty of 24.0%.",Penalty
Clause 31: A dishonor penalty of Rs. 450 shall be charged for every cheque or NACH debit returned unpaid due to insufficient funds.,Penalty
"In case of unauthorized utilization of loan proceeds for speculative purposes, the Bank may impose a punitive penalty of 28.0%.",Penalty
"Clause 39: The Borrower shall pay an upfront loan processing charge of INR 10,000 plus applicable Goods and Services Tax (GST).",Processing Fee
"A one-time file handling and login processing charge of Rs. 1,500 must be paid along with the application form submission.",Processing Fee
"The Borrower shall submit certified copies of PAN Card, Aadhaar Card, utility bills, and 6 months bank account statements.",Documentation
"Mandatory Condition: The borrower shall indemnify the Bank for all recovery agency costs, legal counsel fees, and litigation expenses incurred.",Penalty
The borrower must be an Indian citizen aged between 21 and 60 years at the time of loan maturity to satisfy eligibility criteria.,Eligibility
General Obligation: The total tenure of the loan facility is sanctioned for a period of 12 months (1 years) from the disbursement date.,Loan Tenure
Terms and Conditions: Applicants must possess a minimum of 2 years continuous employment in the current organization or sector to qualify.,Eligibility
Mandatory Condition: A ECS mandate bounce charge of INR 450 shall be automatically levied upon each debit rejection by the clearing house.,Penalty
Borrower Undertaking: All statutory levies and stamp duties payable on this agreement shall be deposited with the competent treasury authority.,Tax
Section 41.8: Breach of any financial covenant or negative pledge shall attract a liquidated damages penalty of 24.0% per annum.,Penalty
Section 39.9: Late fee calculation begins automatically at 00:01 AM on the day following the missed monthly payment deadline.,Late Fee
General Obligation: A certified salary slip stamped by the employer along with Form 16 must be provided prior to final disbursement release.,Documentation
Borrower Undertaking: Failure to renew mandatory collateral insurance shall entitle the Bank to purchase insurance on the borrower's behalf and debit the costs.,Insurance
"Borrower Undertaking: A loan account reactivation fee of Rs. 1,200 will be applied if the loan account falls into inoperative dormant status.",Hidden Charges
Important Stipulation: The Borrower agrees that notices served by electronic mail to the registered email address shall constitute valid legal service.,Other
"Terms and Conditions: In the event the loan sanction is cancelled by the borrower, the upfront processing fee of INR 4,500 shall remain non-refundable.",Processing Fee
Terms and Conditions: The maturity date of the loan facility shall fall exactly 5 years following the initial drawdown timestamp.,Loan Tenure
"Mandatory Condition: The Lender shall report payment performance, defaults, and overdue status to all statutory Credit Information Companies monthly.",Credit Score
General Obligation: A statement of account fee of Rs. 750 and interest certificate generation fee of Rs. 300 shall be levied.,Hidden Charges
Section 20.2: A ECS mandate bounce charge of INR 450 shall be automatically levied upon each debit rejection by the clearing house.,Penalty
Clause 14: The loan sanction is contingent upon securing adequate loan shield insurance covering the entire tenure of the credit facility.,Insurance
Original registered title deeds of the mortgaged property must be deposited with the Bank to create an equitable mortgage.,Documentation
Special Covenant: Delayed payment of interest or principal beyond 3 days grace period will incur an overdue penal charge of 18.0% compounded monthly.,Late Fee
"A document retrieval and duplicate statement issuance fee of Rs. 1,200 plus taxes shall apply to each physical service request.",Hidden Charges
Section 4.4: Original registered title deeds of the mortgaged property must be deposited with the Bank to create an equitable mortgage.,Documentation
"Terms and Conditions: A document retrieval and duplicate statement issuance fee of Rs. 2,500 plus taxes shall apply to each physical service request.",Hidden Charges
Special Covenant: The loan shall be repaid over an amortization schedule spanning 15 years across 180 monthly installments.,Loan Tenure
Mandatory Condition: The effective annual percentage rate (APR) is calculated as 13.50% inclusive of all underlying margin spreads and capital charges.,Interest Rate
Clause 18: A late fee of Rs. 500 will be debited to the borrower's loan account for every week the EMI payment remains overdue.,Late Fee
Periodic automated credit score reviews will be conducted by the bank to assess ongoing risk and exposure health.,Credit Score
Special Covenant: The duration of this credit facility is strictly restricted to 20 years from the execution date of this loan deed.,Loan Tenure
"General Obligation: Failure to submit annual income tax returns or financial statements within 90 days will result in a non-compliance penalty of Rs. 10,000.",Penalty
"Clause 35: In case of unauthorized utilization of loan proceeds for speculative purposes, the Bank may impose a punitive penalty of 28.0%.",Penalty
"The borrower covenants to pay 36 consecutive equated monthly installments of INR 28,450 without default.",EMI
"Section 10.4: Any representation or warranty proving to be false or misleading will incur an immediate breach penalty of Rs. 5,000.",Penalty
The Borrower may request an adjustment of the remaining 120 months tenure subject to Bank loan servicing policies.,Loan Tenure
Mandatory Condition: A certified salary slip stamped by the employer along with Form 16 must be provided prior to final disbursement release.,Documentation
"Clause 29: Each monthly EMI of Rs. 85,000 shall be deducted automatically via electronic standing instruction from the designated bank account.",EMI
"Mandatory Condition: A loan account reactivation fee of Rs. 1,500 will be applied if the loan account falls into inoperative dormant status.",Hidden Charges
Special Covenant: The loan sanction is contingent upon securing adequate loan shield insurance covering the entire tenure of the credit facility.,Insurance
"Important Stipulation: In case of default in payment of any monthly installment on the due date, a late payment fee of Rs. 1,200 plus 36.0% p.a. will be levied.",Late Fee
"Clause 45: Any representation or warranty proving to be false or misleading will incur an immediate breach penalty of Rs. 25,000.",Penalty
Special Covenant: Periodic automated credit score reviews will be conducted by the bank to assess ongoing risk and exposure health.,Credit Score
"Borrower Undertaking: A minimum threshold of INR 10,000 is required for making any advance prepayment against outstanding principal.",Prepayment
"General Obligation: A loan account reactivation fee of Rs. 2,500 will be applied if the loan account falls into inoperative dormant status.",Hidden Charges
Terms and Conditions: Persistent payment delay exceeding 30 calendar days shall attract default penal interest of 3.0% above regular interest rates.,Late Fee
"The Borrower shall remit a monthly installment of Rs. 68,200 covering principal repayment and accrued monthly interest.",EMI
Terms and Conditions: The borrower agrees to renew the insurance coverage annually and submit proof of premium payment to the Lender 15 days before expiry.,Insurance
"Special Covenant: This loan agreement shall be governed by, and construed in all respects in accordance with, the laws of the Republic of India.",Other
"Special Covenant: A mandatory group loan protection insurance premium of INR 52,000 shall be debited and added to the principal balance.",Insurance
Section 30.2: Any request for tenure extension beyond the contracted 36 months shall be subject to fresh credit underwriting.,Loan Tenure
"Terms and Conditions: In case of default in payment of any monthly installment on the due date, a late payment fee of Rs. 1,000 plus 24.0% p.a. will be levied.",Late Fee
"Terms and Conditions: The Lender shall report payment performance, defaults, and overdue status to all statutory Credit Information Companies monthly.",Credit Score
Terms and Conditions: Interest charges will accrue from the exact date of loan disbursement at the rate of 18.00% per annum.,Interest Rate
"Section 1.5: The borrower shall indemnify the Bank for all recovery agency costs, legal counsel fees, and litigation expenses incurred.",Penalty
Terms and Conditions: Breach of any financial covenant or negative pledge shall attract a liquidated damages penalty of 3.0% per annum.,Penalty
"Section 45.1: The Lender shall report payment performance, defaults, and overdue status to all statutory Credit Information Companies monthly.",Credit Score
Clause 11: A reduction in the borrower's credit score below 725 grants the Lender the right to demand additional collateral security.,Credit Score
Section 22.3: Overdue monthly balances shall attract late payment charges at the rate of 28.0% per month until the default is fully cured.,Late Fee
"General Obligation: The Borrower shall pay an upfront loan processing charge of INR 10,000 plus applicable Goods and Services Tax (GST).",Processing Fee
"Section 2.6: The rate of interest chargeable shall be 16.50% p.a., subject to revision following Reserve Bank of India policy revisions.",Interest Rate
Borrower Undertaking: The Borrower may claim tax deductions on principal repayments under Section 80C and interest payments under Section 24(b) of the IT Act.,Tax
Section 5.8: No waiver by the Bank of any default by the Borrower shall operate as a waiver of any subsequent breach or default.,Other
"The calculated EMI for this personal credit facility is fixed at Rs. 4,500 payable on the 10th of every repayment cycle.",EMI
Important Stipulation: Individual borrowers servicing floating interest rate advances may make prepayments without any prepayment penalty or lock-in fee.,Prepayment
Important Stipulation: Individual borrowers servicing floating interest rate advances may make prepayments without any prepayment penalty or lock-in fee.,Prepayment
Clause 4: Persistent payment delay exceeding 30 calendar days shall attract default penal interest of 36.0% above regular interest rates.,Late Fee
"Terms and Conditions: Any representation or warranty proving to be false or misleading will incur an immediate breach penalty of Rs. 2,000.",Penalty
General Obligation: Interest shall be calculated on the daily reducing balance method at the rate of 10.75% compounded on a monthly basis.,Interest Rate
"Mandatory Condition: Upon receipt of part-prepayment, the lender will recalculate the amortization schedule and provide a revised repayment table.",Prepayment
"Clause 19: Failure to maintain sufficient funds for the monthly installment of INR 8,250 will trigger immediate electronic presentation dishonor.",EMI
Mandatory Condition: The Borrower's credit score must be at least 780 as reported by CIBIL or Experian at the time of formal underwriting.,Credit Score
Mandatory Condition: The loan sanction is contingent upon securing adequate loan shield insurance covering the entire tenure of the credit facility.,Insurance
Terms and Conditions: A reduction in the borrower's credit score below 750 grants the Lender the right to demand additional collateral security.,Credit Score
Special Covenant: Any default exceeding 30 days delinquency will be reported to credit bureaus and may severely impair the borrower's credit rating.,Credit Score
Special Covenant: The effective annual percentage rate (APR) is calculated as 9.10% inclusive of all underlying margin spreads and capital charges.,Interest Rate
"Terms and Conditions: This loan agreement shall be governed by, and construed in all respects in accordance with, the laws of the Republic of India.",Other
Special Covenant: Interest charges will accrue from the exact date of loan disbursement at the rate of 14.25% per annum.,Interest Rate
Borrower Undertaking: The borrower may prepay up to 25% of principal annually; prepayments exceeding this threshold shall attract a 2.0% fee.,Prepayment
Section 29.5: The loan agreement must be stamped with appropriate ad-valorem stamp duty as prescribed by the respective State Stamp Act.,Documentation
"Clause 13: A document retrieval and duplicate statement issuance fee of Rs. 1,200 plus taxes shall apply to each physical service request.",Hidden Charges
"Terms and Conditions: Prepayment shall only be accepted in multiples of Rs. 25,000 and will be adjusted first towards overdue charges and then principal.",Prepayment
Important Stipulation: The Borrower must provide a minimum 15 days written notice requesting full loan foreclosure and payoff quotation calculation.,Foreclosure
General Obligation: A CIBIL credit report pull fee of Rs. 300 will be deducted from the customer's savings account during annual monitoring.,Hidden Charges
"The initial EMI amount shall be Rs. 85,000 per month, subject to adjustment if the interest rate benchmark changes.",EMI
General Obligation: Self-employed applicants must show audited financial accounts reflecting net profits for at least 2 consecutive assessment years.,Eligibility
"Mandatory Condition: A mandatory group loan protection insurance premium of INR 24,500 shall be debited and added to the principal balance.",Insurance
"Repayment shall be made by way of Equated Monthly Installments of INR 28,450 commencing from the month immediately following disbursement.",EMI
"Borrower Undertaking: Legal verification fee of INR 2,500 and technical valuation fees of INR 2,500 shall be recovered separately.",Hidden Charges
"Important Stipulation: A non-refundable administrative processing fee of 2.5% of the sanctioned loan amount, subject to a minimum of Rs. 2,500, is payable.",Processing Fee
Clause 44: Differential interest rate of 12.00% shall be levied during the construction period until final disbursement.,Interest Rate
"Terms and Conditions: In case of a floating rate loan, the rate of interest shall be reset on an annual basis in accordance with prevailing market benchmarks.",Interest Rate
The Lender will issue an annual provisional and final interest certificate for the purpose of claiming income tax exemptions.,Tax
"Borrower Undertaking: In case of unauthorized utilization of loan proceeds for speculative purposes, the Bank may impose a punitive penalty of 28.0%.",Penalty
Clause 12: All statutory levies and stamp duties payable on this agreement shall be deposited with the competent treasury authority.,Tax
Terms and Conditions: The borrower must be an Indian citizen aged between 21 and 60 years at the time of loan maturity to satisfy eligibility criteria.,Eligibility
"Terms and Conditions: In the event of partial prepayment, the borrower may choose to reduce the monthly EMI from Rs. 42,800 or reduce the tenure.",EMI
Clause 8: Differential interest rate of 15.00% shall be levied during the construction period until final disbursement.,Interest Rate
General Obligation: The borrower shall execute demand promissory notes and a deed of hypothecation in respect of all financed movable assets.,Documentation
General Obligation: The Borrower may claim tax deductions on principal repayments under Section 80C and interest payments under Section 24(b) of the IT Act.,Tax
Terms and Conditions: The Borrower's credit score must be at least 725 as reported by CIBIL or Experian at the time of formal underwriting.,Credit Score
Clause 37: Tax deducted at source (TDS) if applicable must be deposited by the borrower and statutory TDS certificates submitted to the Lender.,Tax
"General Obligation: All fees, charges, and statutory penalties mentioned herein are exclusive of Goods and Services Tax (GST) payable at 18.0%.",Tax
"Section 43.4: Upon full foreclosure, the lender shall release original title deeds within 30 working days from settlement of all dues.",Foreclosure
Clause 11: The Borrower shall execute an irrevocable power of attorney in favor of the Bank authorizing enforcement upon default.,Documentation
"Section 19.3: The borrower shall indemnify the Bank for all recovery agency costs, legal counsel fees, and litigation expenses incurred.",Penalty
"Terms and Conditions: Property mortgaged under this loan facility must be insured against fire, earthquake, and natural calamities with the Bank as sole loss payee.",Insurance
"Important Stipulation: A mandatory group loan protection insurance premium of INR 15,000 shall be debited and added to the principal balance.",Insurance
"Clause 16: The agreed repayment period is 36 calendar months, concluding on the formal maturity date.",Loan Tenure
"Terms and Conditions: A one-time file handling and login processing charge of Rs. 6,000 must be paid along with the application form submission.",Processing Fee
Legal verification fee of INR 500 and technical valuation fees of INR 500 shall be recovered separately.,Hidden Charges
"In case of default in payment of any monthly installment on the due date, a late payment fee of Rs. 350 plus 2.0% p.a. will be levied.",Late Fee
Borrower Undertaking: Any partial prepayment made within the lock-in period of 24 months shall attract a prepayment fee of 2.0%.,Prepayment
Section 15.7: The borrower may prepay up to 25% of principal annually; prepayments exceeding this threshold shall attract a 1.5% fee.,Prepayment
Clause 7: The Borrower shall inform the Bank in writing within 14 calendar days of any change in residential address or employment.,Other
Important Stipulation: The maturity date of the loan facility shall fall exactly 5 years following the initial drawdown timestamp.,Loan Tenure
General Obligation: The loan shall be repaid over an amortization schedule spanning 3 years across 36 monthly installments.,Loan Tenure
"Important Stipulation: This loan agreement shall be governed by, and construed in all respects in accordance with, the laws of the Republic of India.",Other
"Clause 35: The Bank levies a sanction processing fee of 1.0% on the gross loan value, payable prior to loan agreement signing.",Processing Fee
Special Covenant: The loan agreement remains legally binding for a term of 36 months or until all outstanding obligations are cleared.,Loan Tenure
"Borrower Undertaking: Upon receipt of part-prepayment, the lender will recalculate the amortization schedule and provide a revised repayment table.",Prepayment
"Terms and Conditions: The rate of interest chargeable shall be 12.00% p.a., subject to revision following Reserve Bank of India policy revisions.",Interest Rate
Section 35.7: Any partial prepayment made within the lock-in period of 6 months shall attract a prepayment fee of 3.0%.,Prepayment
"Section 5.4: The Borrower shall submit certified copies of PAN Card, Aadhaar Card, utility bills, and 6 months bank account statements.",Documentation
Clause 29: The Lender will issue an annual provisional and final interest certificate for the purpose of claiming income tax exemptions.,Tax
Clause 32: Any partial prepayment made within the lock-in period of 12 months shall attract a prepayment fee of 2.0%.,Prepayment
Special Covenant: A physical ECS/NACH mandate registration swap fee of Rs. 450 shall be charged for changing the repayment bank account.,Hidden Charges
Section 32.3: The Borrower must provide a minimum 15 days written notice requesting full loan foreclosure and payoff quotation calculation.,Foreclosure
Section 35.8: Self-employed applicants must show audited financial accounts reflecting net profits for at least 2 consecutive assessment years.,Eligibility
General Obligation: The Borrower shall obtain and maintain a comprehensive credit life and disability insurance policy covering 100% of the loan value.,Insurance
"Section 43.7: The Bank levies a sanction processing fee of 2.5% on the gross loan value, payable prior to loan agreement signing.",Processing Fee
Section 30.5: Self-employed applicants must show audited financial accounts reflecting net profits for at least 4 consecutive assessment years.,Eligibility
Mandatory Condition: Applicants must possess a minimum of 2 years continuous employment in the current organization or sector to qualify.,Eligibility
Important Stipulation: Overdue monthly balances shall attract late payment charges at the rate of 36.0% per month until the default is fully cured.,Late Fee
"Section 19.7: Monthly EMI payments of INR 28,450 must be serviced through an active National Automated Clearing House (NACH) mandate.",EMI
Clause 44: The duration of this credit facility is strictly restricted to 1 years from the execution date of this loan deed.,Loan Tenure
Special Covenant: The borrower explicitly authorizes the lender to obtain comprehensive credit bureau reports throughout the currency of the loan.,Credit Score
Section 35.5: Differential interest rate of 10.25% shall be levied during the construction period until final disbursement.,Interest Rate
"In the event of partial prepayment, the borrower may choose to reduce the monthly EMI from Rs. 22,500 or reduce the tenure.",EMI
Borrower Undertaking: The borrower must be an Indian citizen aged between 21 and 60 years at the time of loan maturity to satisfy eligibility criteria.,Eligibility
Special Covenant: The borrower explicitly authorizes the lender to obtain comprehensive credit bureau reports throughout the currency of the loan.,Credit Score
Clause 31: Partial prepayment is permitted up to 25% of the outstanding balance once in a financial year without any prepayment penalty.,Prepayment
General Obligation: The Borrower may request an adjustment of the remaining 300 months tenure subject to Bank loan servicing policies.,Loan Tenure
Important Stipulation: The Borrower may claim tax deductions on principal repayments under Section 80C and interest payments under Section 24(b) of the IT Act.,Tax
The Borrower shall execute an irrevocable power of attorney in favor of the Bank authorizing enforcement upon default.,Documentation
Important Stipulation: The borrower shall pay foreclosure fees equivalent to 3.0% of the remaining unpaid principal at the date of payoff.,Foreclosure
"Mandatory Condition: Property mortgaged under this loan facility must be insured against fire, earthquake, and natural calamities with the Bank as sole loss payee.",Insurance
Special Covenant: Overdue monthly balances shall attract late payment charges at the rate of 36.0% per month until the default is fully cured.,Late Fee
Foreclosure of fixed-rate loans within the initial 12 months shall incur an exit penalty of 3.0% plus applicable statutory taxes.,Foreclosure
Important Stipulation: The loan sanction is contingent upon securing adequate loan shield insurance covering the entire tenure of the credit facility.,Insurance
"Special Covenant: The borrower shall indemnify the Bank for all recovery agency costs, legal counsel fees, and litigation expenses incurred.",Penalty
"Important Stipulation: The initial EMI amount shall be Rs. 85,000 per month, subject to adjustment if the interest rate benchmark changes.",EMI
Important Stipulation: The Lender reserves the sole right to revise the interest rate spread by up to 2.25% in the event of any credit rating downgrade.,Interest Rate
General Obligation: The Borrower must provide a minimum 15 days written notice requesting full loan foreclosure and payoff quotation calculation.,Foreclosure
"Section 41.4: The agreed repayment period is 84 calendar months, concluding on the formal maturity date.",Loan Tenure
"Terms and Conditions: Any representation or warranty proving to be false or misleading will incur an immediate breach penalty of Rs. 10,000.",Penalty
Mandatory Condition: Early closure and foreclosure of this commercial loan facility will attract a foreclosure compensation levy of 2.0%.,Foreclosure
"Pre-EMI interest shall be paid every month until the regular equated monthly installment of Rs. 42,800 commences.",EMI
"The equated monthly installment (EMI) payable by the Borrower is fixed at INR 4,500 due on the 1th of every calendar month.",EMI
Clause 20: Overdue monthly balances shall attract late payment charges at the rate of 3.0% per month until the default is fully cured.,Late Fee
"Repayment shall be made by way of Equated Monthly Installments of INR 68,200 commencing from the month immediately following disbursement.",EMI
"Mandatory Condition: The applicant must demonstrate a verified minimum net monthly salary of Rs. 50,000 to qualify for this credit facility.",Eligibility
"Important Stipulation: The initial EMI amount shall be Rs. 55,000 per month, subject to adjustment if the interest rate benchmark changes.",EMI
"General Obligation: A non-refundable administrative processing fee of 2.0% of the sanctioned loan amount, subject to a minimum of Rs. 5,000, is payable.",Processing Fee
"Clause 3: The applicant must demonstrate a verified minimum net monthly salary of Rs. 35,000 to qualify for this credit facility.",Eligibility
Terms and Conditions: A reduction in the borrower's credit score below 780 grants the Lender the right to demand additional collateral security.,Credit Score
"General Obligation: The equated monthly installment (EMI) payable by the Borrower is fixed at INR 22,500 due on the 28th of every calendar month.",EMI
"Special Covenant: Failure to maintain sufficient funds for the monthly installment of INR 12,400 will trigger immediate electronic presentation dishonor.",EMI
Clause 8: Failure to renew mandatory collateral insurance shall entitle the Bank to purchase insurance on the borrower's behalf and debit the costs.,Insurance
Important Stipulation: The Borrower shall execute an irrevocable power of attorney in favor of the Bank authorizing enforcement upon default.,Documentation
"The equated monthly installment (EMI) payable by the Borrower is fixed at INR 68,200 due on the 25th of every calendar month.",EMI
Overdue monthly balances shall attract late payment charges at the rate of 28.0% per month until the default is fully cured.,Late Fee
Terms and Conditions: Any partial prepayment made within the lock-in period of 24 months shall attract a prepayment fee of 2.0%.,Prepayment
Section 1.7: Delayed payment of interest or principal beyond 3 days grace period will incur an overdue penal charge of 3.0% compounded monthly.,Late Fee
Terms and Conditions: A loan evaluation and administrative processing fee amounting to 2.5% will be deducted directly from the initial disbursement.,Processing Fee
"Section 37.7: The applicant must demonstrate a verified minimum net monthly salary of Rs. 25,000 to qualify for this credit facility.",Eligibility
General Obligation: The Borrower may claim tax deductions on principal repayments under Section 80C and interest payments under Section 24(b) of the IT Act.,Tax
"Special Covenant: Prepayment shall only be accepted in multiples of Rs. 10,000 and will be adjusted first towards overdue charges and then principal.",Prepayment
General Obligation: Periodic automated credit score reviews will be conducted by the bank to assess ongoing risk and exposure health.,Credit Score
"General Obligation: A minimum threshold of INR 1,00,000 is required for making any advance prepayment against outstanding principal.",Prepayment
"Legal verification fee of INR 2,500 and technical valuation fees of INR 2,500 shall be recovered separately.",Hidden Charges
Special Covenant: Differential interest rate of 9.10% shall be levied during the construction period until final disbursement.,Interest Rate
"Terms and Conditions: A statement of account fee of Rs. 2,500 and interest certificate generation fee of Rs. 450 shall be levied.",Hidden Charges
Special Covenant: A loan evaluation and administrative processing fee amounting to 3.0% will be deducted directly from the initial disbursement.,Processing Fee
General Obligation: Original registered title deeds of the mortgaged property must be deposited with the Bank to create an equitable mortgage.,Documentation
"Special Covenant: This loan agreement shall be governed by, and construed in all respects in accordance with, the laws of the Republic of India.",Other
Borrower Undertaking: A penal interest rate of 3.0% per annum shall be charged on all overdue EMI payments for the exact period of delay.,Late Fee
Special Covenant: Any default exceeding 30 days delinquency will be reported to credit bureaus and may severely impair the borrower's credit rating.,Credit Score
General Obligation: Original registered title deeds of the mortgaged property must be deposited with the Bank to create an equitable mortgage.,Documentation
Borrower Undertaking: A ECS mandate bounce charge of INR 450 shall be automatically levied upon each debit rejection by the clearing house.,Penalty
Mandatory Condition: An origination fee of 2.0% of the total credit limit shall be charged upon issuance of the formal loan sanction letter.,Processing Fee
General Obligation: Foreclosure of fixed-rate loans within the initial 12 months shall incur an exit penalty of 2.0% plus applicable statutory taxes.,Foreclosure
Section 7.1: The Borrower shall inform the Bank in writing within 14 calendar days of any change in residential address or employment.,Other
Clause 42: The Borrower agrees to pay interest on the loan facility at a floating rate of 10.75% per annum linked to the Bank's 1-year MCLR.,Interest Rate
"Pre-EMI interest shall be paid every month until the regular equated monthly installment of Rs. 4,500 commences.",EMI
Important Stipulation: The loan agreement remains legally binding for a term of 36 months or until all outstanding obligations are cleared.,Loan Tenure
Borrower Undertaking: The Borrower's credit score must be at least 700 as reported by CIBIL or Experian at the time of formal underwriting.,Credit Score
"Borrower Undertaking: The equated monthly installment (EMI) payable by the Borrower is fixed at INR 85,000 due on the 20th of every calendar month.",EMI
Special Covenant: A pre-closure penalty of 5.0% will be debited to the settlement statement if closed using third-party balance transfer funds.,Foreclosure
Section 36.4: A reduction in the borrower's credit score below 750 grants the Lender the right to demand additional collateral security.,Credit Score
Clause 44: The borrower shall execute demand promissory notes and a deed of hypothecation in respect of all financed movable assets.,Documentation
Terms and Conditions: Late fee calculation begins automatically at 00:01 AM on the day following the missed monthly payment deadline.,Late Fee
Mandatory Condition: Tax deducted at source (TDS) if applicable must be deposited by the borrower and statutory TDS certificates submitted to the Lender.,Tax
"Special Covenant: The Borrower shall pay an upfront loan processing charge of INR 1,500 plus applicable Goods and Services Tax (GST).",Processing Fee
Clause 21: Periodic automated credit score reviews will be conducted by the bank to assess ongoing risk and exposure health.,Credit Score
Mandatory Condition: The provisions of this agreement are severable; invalidity of any clause shall not impair the validity of remaining clauses.,Other
Important Stipulation: The borrower shall execute demand promissory notes and a deed of hypothecation in respect of all financed movable assets.,Documentation
Mandatory Condition: Delayed payment of interest or principal beyond 3 days grace period will incur an overdue penal charge of 28.0% compounded monthly.,Late Fee
"General Obligation: Upon full foreclosure, the lender shall release original title deeds within 30 working days from settlement of all dues.",Foreclosure
Clause 13: The Borrower may request an adjustment of the remaining 48 months tenure subject to Bank loan servicing policies.,Loan Tenure
"Property mortgaged under this loan facility must be insured against fire, earthquake, and natural calamities with the Bank as sole loss payee.",Insurance
General Obligation: A ECS mandate bounce charge of INR 450 shall be automatically levied upon each debit rejection by the clearing house.,Penalty
"Mandatory Condition: The Borrower confirms that the monthly EMI commitment of Rs. 28,450 does not exceed 50% of verified net monthly disposable income.",EMI
Terms and Conditions: The loan agreement remains legally binding for a term of 60 months or until all outstanding obligations are cleared.,Loan Tenure
"Special Covenant: Pre-EMI interest shall be paid every month until the regular equated monthly installment of Rs. 55,000 commences.",EMI
Section 3.3: The Borrower's credit score must be at least 700 as reported by CIBIL or Experian at the time of formal underwriting.,Credit Score
"Terms and Conditions: In case of unauthorized utilization of loan proceeds for speculative purposes, the Bank may impose a punitive penalty of 3.0%.",Penalty
"Section 33.8: The borrower shall indemnify the Bank for all recovery agency costs, legal counsel fees, and litigation expenses incurred.",Penalty
Borrower Undertaking: A physical ECS/NACH mandate registration swap fee of Rs. 150 shall be charged for changing the repayment bank account.,Hidden Charges
Important Stipulation: A ECS mandate bounce charge of INR 750 shall be automatically levied upon each debit rejection by the clearing house.,Penalty
Section 18.3: The Borrower shall inform the Bank in writing within 14 calendar days of any change in residential address or employment.,Other
Section 4.8: The maximum tenure permitted under this home finance agreement is 300 months subject to age retirement limits.,Loan Tenure
Important Stipulation: Persistent payment delay exceeding 30 calendar days shall attract default penal interest of 30.0% above regular interest rates.,Late Fee
"Special Covenant: Failure to submit annual income tax returns or financial statements within 90 days will result in a non-compliance penalty of Rs. 25,000.",Penalty
Borrower Undertaking: Original registered title deeds of the mortgaged property must be deposited with the Bank to create an equitable mortgage.,Documentation
General Obligation: No foreclosure charges shall be applicable on floating-rate individual term loans as per Reserve Bank of India consumer guidelines.,Foreclosure
Periodic automated credit score reviews will be conducted by the bank to assess ongoing risk and exposure health.,Credit Score
"Terms and Conditions: The Borrower shall pay an upfront loan processing charge of INR 2,999 plus applicable Goods and Services Tax (GST).",Processing Fee
Section 40.8: All statutory levies and stamp duties payable on this agreement shall be deposited with the competent treasury authority.,Tax
Section 44.4: Persistent payment delay exceeding 30 calendar days shall attract default penal interest of 2.0% above regular interest rates.,Late Fee
"Terms and Conditions: Loan eligibility is determined on the basis of verified cash flows, repayment capacity, and existing debt commitments.",Eligibility
"Terms and Conditions: Prepayment shall only be accepted in multiples of Rs. 10,000 and will be adjusted first towards overdue charges and then principal.",Prepayment
Clause 5: A pre-closure penalty of 3.5% will be debited to the settlement statement if closed using third-party balance transfer funds.,Foreclosure
"Loan eligibility is determined on the basis of verified cash flows, repayment capacity, and existing debt commitments.",Eligibility
Mandatory Condition: The loan agreement must be stamped with appropriate ad-valorem stamp duty as prescribed by the respective State Stamp Act.,Documentation
"Clause 18: In the event of permanent disability or death of the borrower, insurance proceeds shall be applied directly to liquidate outstanding debt.",Insurance
Section 36.8: Differential interest rate of 8.25% shall be levied during the construction period until final disbursement.,Interest Rate
"Important Stipulation: The borrower covenants to pay 180 consecutive equated monthly installments of INR 22,500 without default.",EMI
Section 32.3: The Borrower must provide a minimum 15 days written notice requesting full loan foreclosure and payoff quotation calculation.,Foreclosure
"General Obligation: The Borrower shall remit a monthly installment of Rs. 22,500 covering principal repayment and accrued monthly interest.",EMI
"The borrower covenants to pay 240 consecutive equated monthly installments of INR 8,250 without default.",EMI
"General Obligation: The agreed base lending rate is 16.50% per annum, payable in arrears at the conclusion of each calendar month.",Interest Rate
Clause 43: The provisions of this agreement are severable; invalidity of any clause shall not impair the validity of remaining clauses.,Other
"Special Covenant: Upon full foreclosure, the lender shall release original title deeds within 30 working days from settlement of all dues.",Foreclosure
Special Covenant: The borrower shall execute demand promissory notes and a deed of hypothecation in respect of all financed movable assets.,Documentation
The Lender reserves the sole right to revise the interest rate spread by up to 4.00% in the event of any credit rating downgrade.,Interest Rate
"Terms and Conditions: A mandatory group loan protection insurance premium of INR 15,000 shall be debited and added to the principal balance.",Insurance
"General Obligation: The Borrower confirms that the monthly EMI commitment of Rs. 68,200 does not exceed 50% of verified net monthly disposable income.",EMI
General Obligation: The Borrower must provide a minimum 15 days written notice requesting full loan foreclosure and payoff quotation calculation.,Foreclosure
Borrower Undertaking: The borrower shall pay foreclosure fees equivalent to 3.5% of the remaining unpaid principal at the date of payoff.,Foreclosure
Special Covenant: The maturity date of the loan facility shall fall exactly 30 years following the initial drawdown timestamp.,Loan Tenure
Special Covenant: The borrower explicitly authorizes the lender to obtain comprehensive credit bureau reports throughout the currency of the loan.,Credit Score
General Obligation: The borrower must be an Indian citizen aged between 21 and 60 years at the time of loan maturity to satisfy eligibility criteria.,Eligibility
"The borrower shall indemnify the Bank for all recovery agency costs, legal counsel fees, and litigation expenses incurred.",Penalty
"Section 8.8: An inspection and collateral re-valuation fee of Rs. 1,500 will be charged to the loan account every 3 years.",Hidden Charges
Important Stipulation: Tax deducted at source (TDS) if applicable must be deposited by the borrower and statutory TDS certificates submitted to the Lender.,Tax
Special Covenant: Failure to renew mandatory collateral insurance shall entitle the Bank to purchase insurance on the borrower's behalf and debit the costs.,Insurance
Clause 36: Persistent payment delay exceeding 30 calendar days shall attract default penal interest of 18.0% above regular interest rates.,Late Fee
Terms and Conditions: The Borrower may claim tax deductions on principal repayments under Section 80C and interest payments under Section 24(b) of the IT Act.,Tax
"Special Covenant: In case of default in payment of any monthly installment on the due date, a late payment fee of Rs. 1,000 plus 30.0% p.a. will be levied.",Late Fee
A ECS mandate bounce charge of INR 500 shall be automatically levied upon each debit rejection by the clearing house.,Penalty
General Obligation: The Borrower shall execute an irrevocable power of attorney in favor of the Bank authorizing enforcement upon default.,Documentation
Important Stipulation: All statutory levies and stamp duties payable on this agreement shall be deposited with the competent treasury authority.,Tax
"Important Stipulation: The Borrower shall pay an upfront loan processing charge of INR 10,000 plus applicable Goods and Services Tax (GST).",Processing Fee
Borrower Undertaking: The loan agreement must be stamped with appropriate ad-valorem stamp duty as prescribed by the respective State Stamp Act.,Documentation
Mandatory Condition: Any default exceeding 30 days delinquency will be reported to credit bureaus and may severely impair the borrower's credit rating.,Credit Score
"Terms and Conditions: A moratorium on principal repayment of 48 months is granted, during which only monthly interest is payable.",Loan Tenure
Mandatory Condition: Any request for tenure extension beyond the contracted 48 months shall be subject to fresh credit underwriting.,Loan Tenure
General Obligation: The loan agreement must be stamped with appropriate ad-valorem stamp duty as prescribed by the respective State Stamp Act.,Documentation
"Special Covenant: The borrower covenants to pay 120 consecutive equated monthly installments of INR 8,250 without default.",EMI
"Loan eligibility is determined on the basis of verified cash flows, repayment capacity, and existing debt commitments.",Eligibility
"Clause 19: Each monthly EMI of Rs. 22,500 shall be deducted automatically via electronic standing instruction from the designated bank account.",EMI
General Obligation: The provisions of this agreement are severable; invalidity of any clause shall not impair the validity of remaining clauses.,Other
Clause 18: The Lender will issue an annual provisional and final interest certificate for the purpose of claiming income tax exemptions.,Tax
Borrower Undertaking: Foreclosure of fixed-rate loans within the initial 12 months shall incur an exit penalty of 3.0% plus applicable statutory taxes.,Foreclosure
"Terms and Conditions: Repayment shall be made by way of Equated Monthly Installments of INR 85,000 commencing from the month immediately following disbursement.",EMI
General Obligation: A foreclosure charge of 3.5% shall be levied on the outstanding principal balance if the loan is closed prematurely.,Foreclosure
"Upon receipt of part-prepayment, the lender will recalculate the amortization schedule and provide a revised repayment table.",Prepayment
"General Obligation: An annual administrative account maintenance charge of Rs. 3,500 shall be debited every year on the anniversary date.",Hidden Charges
Special Covenant: The loan shall be repaid over an amortization schedule spanning 3 years across 36 monthly installments.,Loan Tenure
Borrower Undertaking: The Lender reserves the sole right to revise the interest rate spread by up to 4.00% in the event of any credit rating downgrade.,Interest Rate
Special Covenant: Self-employed applicants must show audited financial accounts reflecting net profits for at least 3 consecutive assessment years.,Eligibility
Borrower Undertaking: The loan sanction is contingent upon securing adequate loan shield insurance covering the entire tenure of the credit facility.,Insurance
General Obligation: The current applicable rate of interest is 10.75% p.a. comprising the benchmark repo rate of 5.75% plus a credit spread of 2.25%.,Interest Rate
"Borrower Undertaking: The Borrower shall submit certified copies of PAN Card, Aadhaar Card, utility bills, and 6 months bank account statements.",Documentation
Mandatory Condition: Original registered title deeds of the mortgaged property must be deposited with the Bank to create an equitable mortgage.,Documentation
"Section 21.6: A one-time file handling and login processing charge of Rs. 2,999 must be paid along with the application form submission.",Processing Fee
Borrower Undertaking: A loan account reactivation fee of Rs. 500 will be applied if the loan account falls into inoperative dormant status.,Hidden Charges
Special Covenant: Tax deducted at source (TDS) if applicable must be deposited by the borrower and statutory TDS certificates submitted to the Lender.,Tax
Mandatory Condition: The Borrower agrees that notices served by electronic mail to the registered email address shall constitute valid legal service.,Other
Important Stipulation: The Borrower may claim tax deductions on principal repayments under Section 80C and interest payments under Section 24(b) of the IT Act.,Tax
Terms and Conditions: The borrower may prepay up to 25% of principal annually; prepayments exceeding this threshold shall attract a 1.5% fee.,Prepayment
Borrower Undertaking: Any request for tenure extension beyond the contracted 60 months shall be subject to fresh credit underwriting.,Loan Tenure
Important Stipulation: Self-employed applicants must show audited financial accounts reflecting net profits for at least 2 consecutive assessment years.,Eligibility
"Clause 44: In case of default in payment of any monthly installment on the due date, a late payment fee of Rs. 750 plus 3.0% p.a. will be levied.",Late Fee
Clause 16: The total fixed obligation to income ratio (FOIR) of the borrower including all existing debts must not exceed 45%.,Eligibility
Section 39.5: No foreclosure charges shall be applicable on floating-rate individual term loans as per Reserve Bank of India consumer guidelines.,Foreclosure
Mandatory Condition: Interest charges will accrue from the exact date of loan disbursement at the rate of 16.50% per annum.,Interest Rate
Important Stipulation: The borrower explicitly authorizes the lender to obtain comprehensive credit bureau reports throughout the currency of the loan.,Credit Score
Terms and Conditions: A loan evaluation and administrative processing fee amounting to 0.5% will be deducted directly from the initial disbursement.,Processing Fee
"Borrower Undertaking: The borrower shall indemnify the Bank for all recovery agency costs, legal counsel fees, and litigation expenses incurred.",Penalty
Important Stipulation: Individual borrowers servicing floating interest rate advances may make prepayments without any prepayment penalty or lock-in fee.,Prepayment
Clause 45: Any dispute arising out of or in connection with this agreement shall be resolved through binding arbitration in Mumbai.,Other
Terms and Conditions: Any dispute arising out of or in connection with this agreement shall be resolved through binding arbitration in Mumbai.,Other
Mandatory Condition: The Borrower agrees that notices served by electronic mail to the registered email address shall constitute valid legal service.,Other
"General Obligation: The Borrower shall submit certified copies of PAN Card, Aadhaar Card, utility bills, and 6 months bank account statements.",Documentation
"Terms and Conditions: The agreed repayment period is 120 calendar months, concluding on the formal maturity date.",Loan Tenure
The Borrower shall pay simple interest at 10.25% during the initial moratorium period prior to principal amortization.,Interest Rate
Important Stipulation: A certified salary slip stamped by the employer along with Form 16 must be provided prior to final disbursement release.,Documentation
"Terms and Conditions: Upon full foreclosure, the lender shall release original title deeds within 30 working days from settlement of all dues.",Foreclosure
"Section 33.2: The Borrower shall submit certified copies of PAN Card, Aadhaar Card, utility bills, and 6 months bank account statements.",Documentation
The Borrower's credit score must be at least 700 as reported by CIBIL or Experian at the time of formal underwriting.,Credit Score
General Obligation: The Borrower may claim tax deductions on principal repayments under Section 80C and interest payments under Section 24(b) of the IT Act.,Tax
"Section 29.6: A loan account reactivation fee of Rs. 1,500 will be applied if the loan account falls into inoperative dormant status.",Hidden Charges
Mandatory Condition: A document retrieval and duplicate statement issuance fee of Rs. 500 plus taxes shall apply to each physical service request.,Hidden Charges
"The equated monthly installment (EMI) payable by the Borrower is fixed at INR 4,500 due on the 28th of every calendar month.",EMI
Section 23.1: Tax deducted at source (TDS) if applicable must be deposited by the borrower and statutory TDS certificates submitted to the Lender.,Tax
"Important Stipulation: This loan agreement shall be governed by, and construed in all respects in accordance with, the laws of the Republic of India.",Other
"Special Covenant: A one-time file handling and login processing charge of Rs. 10,000 must be paid along with the application form submission.",Processing Fee
"Borrower Undertaking: The processing fee of Rs. 6,000 covers comprehensive documentation verification, credit appraisal, and legal title scrutiny.",Processing Fee
Clause 18: The duration of this credit facility is strictly restricted to 25 years from the execution date of this loan deed.,Loan Tenure
"General Obligation: Repayment shall be made by way of Equated Monthly Installments of INR 35,000 commencing from the month immediately following disbursement.",EMI
Clause 3: Any request for tenure extension beyond the contracted 12 months shall be subject to fresh credit underwriting.,Loan Tenure
General Obligation: Self-employed applicants must show audited financial accounts reflecting net profits for at least 3 consecutive assessment years.,Eligibility
"Special Covenant: Loan eligibility is determined on the basis of verified cash flows, repayment capacity, and existing debt commitments.",Eligibility
"Clause 2: The processing fee of Rs. 10,000 covers comprehensive documentation verification, credit appraisal, and legal title scrutiny.",Processing Fee
Clause 16: The courts having jurisdiction over the branch where the loan was sanctioned shall have exclusive legal jurisdiction.,Other
"Section 24.7: An inspection and collateral re-valuation fee of Rs. 1,200 will be charged to the loan account every 3 years.",Hidden Charges
"Terms and Conditions: Failure to submit annual income tax returns or financial statements within 90 days will result in a non-compliance penalty of Rs. 2,000.",Penalty
"Important Stipulation: Any enhancement in statutory stamp duty, GST, or government levies shall be borne entirely by the borrower without exception.",Tax
"In case of unauthorized utilization of loan proceeds for speculative purposes, the Bank may impose a punitive penalty of 30.0%.",Penalty
"General Obligation: All fees, charges, and statutory penalties mentioned herein are exclusive of Goods and Services Tax (GST) payable at 18.0%.",Tax
"General Obligation: Upon full foreclosure, the lender shall release original title deeds within 30 working days from settlement of all dues.",Foreclosure
"Clause 9: The Borrower shall submit certified copies of PAN Card, Aadhaar Card, utility bills, and 6 months bank account statements.",Documentation
Clause 43: Any dispute arising out of or in connection with this agreement shall be resolved through binding arbitration in Mumbai.,Other
Important Stipulation: No foreclosure charges shall be applicable on floating-rate individual term loans as per Reserve Bank of India consumer guidelines.,Foreclosure
Borrower Undertaking: The provisions of this agreement are severable; invalidity of any clause shall not impair the validity of remaining clauses.,Other
Clause 16: The borrower may prepay up to 25% of principal annually; prepayments exceeding this threshold shall attract a 3.0% fee.,Prepayment
Important Stipulation: A loan evaluation and administrative processing fee amounting to 0.5% will be deducted directly from the initial disbursement.,Processing Fee
Mandatory Condition: A reduction in the borrower's credit score below 725 grants the Lender the right to demand additional collateral security.,Credit Score
"Borrower Undertaking: Failure to submit annual income tax returns or financial statements within 90 days will result in a non-compliance penalty of Rs. 10,000.",Penalty
Section 6.2: Self-employed applicants must show audited financial accounts reflecting net profits for at least 4 consecutive assessment years.,Eligibility
General Obligation: Overdue monthly balances shall attract late payment charges at the rate of 30.0% per month until the default is fully cured.,Late Fee
Clause 45: The Borrower shall obtain and maintain a comprehensive credit life and disability insurance policy covering 100% of the loan value.,Insurance
Special Covenant: Original registered title deeds of the mortgaged property must be deposited with the Bank to create an equitable mortgage.,Documentation
Mandatory Condition: Delayed payment of interest or principal beyond 3 days grace period will incur an overdue penal charge of 30.0% compounded monthly.,Late Fee
"Borrower Undertaking: The Borrower shall remit a monthly installment of Rs. 55,000 covering principal repayment and accrued monthly interest.",EMI
Clause 44: Individual borrowers servicing floating interest rate advances may make prepayments without any prepayment penalty or lock-in fee.,Prepayment
"Borrower Undertaking: The borrower shall indemnify the Bank for all recovery agency costs, legal counsel fees, and litigation expenses incurred.",Penalty
"Special Covenant: A mandatory group loan protection insurance premium of INR 24,500 shall be debited and added to the principal balance.",Insurance
Mandatory Condition: The provisions of this agreement are severable; invalidity of any clause shall not impair the validity of remaining clauses.,Other
Terms and Conditions: Early closure and foreclosure of this commercial loan facility will attract a foreclosure compensation levy of 4.0%.,Foreclosure
"Section 42.6: The equated monthly installment (EMI) payable by the Borrower is fixed at INR 8,250 due on the 28th of every calendar month.",EMI
Terms and Conditions: The Borrower shall obtain and maintain a comprehensive credit life and disability insurance policy covering 100% of the loan value.,Insurance
Terms and Conditions: A late collection fee of INR 750 shall apply per overdue installment in addition to penal interest at 24.0% p.a.,Late Fee
"Borrower Undertaking: The Borrower shall submit certified copies of PAN Card, Aadhaar Card, utility bills, and 6 months bank account statements.",Documentation
Terms and Conditions: Any partial prepayment made within the lock-in period of 18 months shall attract a prepayment fee of 1.5%.,Prepayment
"A document retrieval and duplicate statement issuance fee of Rs. 1,500 plus taxes shall apply to each physical service request.",Hidden Charges
General Obligation: Any default exceeding 30 days delinquency will be reported to credit bureaus and may severely impair the borrower's credit rating.,Credit Score
"Important Stipulation: A one-time file handling and login processing charge of Rs. 4,500 must be paid along with the application form submission.",Processing Fee
Terms and Conditions: The courts having jurisdiction over the branch where the loan was sanctioned shall have exclusive legal jurisdiction.,Other
Borrower Undertaking: The Borrower shall execute an irrevocable power of attorney in favor of the Bank authorizing enforcement upon default.,Documentation
"The Borrower shall pay an upfront loan processing charge of INR 10,000 plus applicable Goods and Services Tax (GST).",Processing Fee
Section 25.8: The Borrower may claim tax deductions on principal repayments under Section 80C and interest payments under Section 24(b) of the IT Act.,Tax
"Section 25.7: The borrower covenants to pay 36 consecutive equated monthly installments of INR 4,500 without default.",EMI
"Important Stipulation: Prepayment shall only be accepted in multiples of Rs. 50,000 and will be adjusted first towards overdue charges and then principal.",Prepayment
Clause 3: Persistent payment delay exceeding 30 calendar days shall attract default penal interest of 24.0% above regular interest rates.,Late Fee
A physical ECS/NACH mandate registration swap fee of Rs. 150 shall be charged for changing the repayment bank account.,Hidden Charges
"Section 12.3: Legal verification fee of INR 3,500 and technical valuation fees of INR 3,500 shall be recovered separately.",Hidden Charges
"Section 24.9: The processing fee of Rs. 2,999 covers comprehensive documentation verification, credit appraisal, and legal title scrutiny.",Processing Fee
"Legal verification fee of INR 2,500 and technical valuation fees of INR 2,500 shall be recovered separately.",Hidden Charges
Special Covenant: The borrower explicitly authorizes the lender to obtain comprehensive credit bureau reports throughout the currency of the loan.,Credit Score
Section 9.8: No waiver by the Bank of any default by the Borrower shall operate as a waiver of any subsequent breach or default.,Other
"Mandatory Condition: This loan agreement shall be governed by, and construed in all respects in accordance with, the laws of the Republic of India.",Other
Special Covenant: The maximum tenure permitted under this home finance agreement is 360 months subject to age retirement limits.,Loan Tenure
Terms and Conditions: The Borrower agrees that notices served by electronic mail to the registered email address shall constitute valid legal service.,Other
"Important Stipulation: Repayment shall be made by way of Equated Monthly Installments of INR 22,500 commencing from the month immediately following disbursement.",EMI
"Important Stipulation: Upon receipt of part-prepayment, the lender will recalculate the amortization schedule and provide a revised repayment table.",Prepayment
The Borrower must provide a minimum 15 days written notice requesting full loan foreclosure and payoff quotation calculation.,Foreclosure
"General Obligation: The calculated EMI for this personal credit facility is fixed at Rs. 68,200 payable on the 10th of every repayment cycle.",EMI
"Section 9.2: Monthly EMI payments of INR 4,500 must be serviced through an active National Automated Clearing House (NACH) mandate.",EMI
"Clause 2: In case of default in payment of any monthly installment on the due date, a late payment fee of Rs. 500 plus 36.0% p.a. will be levied.",Late Fee
Mandatory Condition: The Borrower may claim tax deductions on principal repayments under Section 80C and interest payments under Section 24(b) of the IT Act.,Tax
A loan account reactivation fee of Rs. 750 will be applied if the loan account falls into inoperative dormant status.,Hidden Charges
Clause 32: The Borrower agrees that notices served by electronic mail to the registered email address shall constitute valid legal service.,Other
General Obligation: No waiver by the Bank of any default by the Borrower shall operate as a waiver of any subsequent breach or default.,Other
"Special Covenant: Upon receipt of part-prepayment, the lender will recalculate the amortization schedule and provide a revised repayment table.",Prepayment
Terms and Conditions: The Borrower shall execute an irrevocable power of attorney in favor of the Bank authorizing enforcement upon default.,Documentation
"Terms and Conditions: Repayment shall be made by way of Equated Monthly Installments of INR 8,250 commencing from the month immediately following disbursement.",EMI
Important Stipulation: A CIBIL credit report pull fee of Rs. 250 will be deducted from the customer's savings account during annual monitoring.,Hidden Charges
Terms and Conditions: The duration of this credit facility is strictly restricted to 10 years from the execution date of this loan deed.,Loan Tenure
Important Stipulation: Original registered title deeds of the mortgaged property must be deposited with the Bank to create an equitable mortgage.,Documentation
Important Stipulation: The borrower explicitly authorizes the lender to obtain comprehensive credit bureau reports throughout the currency of the loan.,Credit Score
"Terms and Conditions: In case of a floating rate loan, the rate of interest shall be reset on an annual basis in accordance with prevailing market benchmarks.",Interest Rate
"Upon receipt of part-prepayment, the lender will recalculate the amortization schedule and provide a revised repayment table.",Prepayment
Clause 37: The Lender will issue an annual provisional and final interest certificate for the purpose of claiming income tax exemptions.,Tax
"Borrower Undertaking: Property mortgaged under this loan facility must be insured against fire, earthquake, and natural calamities with the Bank as sole loss payee.",Insurance
General Obligation: A loan account reactivation fee of Rs. 500 will be applied if the loan account falls into inoperative dormant status.,Hidden Charges
"Borrower Undertaking: The agreed repayment period is 120 calendar months, concluding on the formal maturity date.",Loan Tenure
Special Covenant: A physical ECS/NACH mandate registration swap fee of Rs. 250 shall be charged for changing the repayment bank account.,Hidden Charges
Mandatory Condition: The maximum tenure permitted under this home finance agreement is 48 months subject to age retirement limits.,Loan Tenure
Important Stipulation: The provisions of this agreement are severable; invalidity of any clause shall not impair the validity of remaining clauses.,Other
Mandatory Condition: Failure to renew mandatory collateral insurance shall entitle the Bank to purchase insurance on the borrower's behalf and debit the costs.,Insurance
Delayed payment of interest or principal beyond 3 days grace period will incur an overdue penal charge of 28.0% compounded monthly.,Late Fee
"Important Stipulation: A non-refundable administrative processing fee of 1.0% of the sanctioned loan amount, subject to a minimum of Rs. 1,000, is payable.",Processing Fee
Clause 43: The courts having jurisdiction over the branch where the loan was sanctioned shall have exclusive legal jurisdiction.,Other
"Section 7.9: In the event of permanent disability or death of the borrower, insurance proceeds shall be applied directly to liquidate outstanding debt.",Insurance
"Important Stipulation: Failure to submit annual income tax returns or financial statements within 90 days will result in a non-compliance penalty of Rs. 10,000.",Penalty
"Borrower Undertaking: A one-time file handling and login processing charge of Rs. 2,999 must be paid along with the application form submission.",Processing Fee
Terms and Conditions: A fixed annual interest rate of 18.00% shall be applicable for the entire tenure of the loan facility without any reset.,Interest Rate
Clause 15: The borrower may prepay up to 25% of principal annually; prepayments exceeding this threshold shall attract a 2.0% fee.,Prepayment
Terms and Conditions: The Lender will issue an annual provisional and final interest certificate for the purpose of claiming income tax exemptions.,Tax
Clause 1: Any default exceeding 30 days delinquency will be reported to credit bureaus and may severely impair the borrower's credit rating.,Credit Score
Clause 32: Early closure and foreclosure of this commercial loan facility will attract a foreclosure compensation levy of 3.0%.,Foreclosure
Section 39.8: Breach of any financial covenant or negative pledge shall attract a liquidated damages penalty of 3.0% per annum.,Penalty
Terms and Conditions: Any dispute arising out of or in connection with this agreement shall be resolved through binding arbitration in Mumbai.,Other
Important Stipulation: Late fee calculation begins automatically at 00:01 AM on the day following the missed monthly payment deadline.,Late Fee
The Borrower shall execute an irrevocable power of attorney in favor of the Bank authorizing enforcement upon default.,Documentation
Clause 8: The Lender reserves the sole right to revise the interest rate spread by up to 2.25% in the event of any credit rating downgrade.,Interest Rate
"Clause 36: All fees, charges, and statutory penalties mentioned herein are exclusive of Goods and Services Tax (GST) payable at 18.0%.",Tax
Important Stipulation: Applicants must possess a minimum of 2 years continuous employment in the current organization or sector to qualify.,Eligibility
"Mandatory Condition: Upon full foreclosure, the lender shall release original title deeds within 30 working days from settlement of all dues.",Foreclosure
Special Covenant: A late fee of Rs. 500 will be debited to the borrower's loan account for every week the EMI payment remains overdue.,Late Fee
"Clause 33: A moratorium on principal repayment of 12 months is granted, during which only monthly interest is payable.",Loan Tenure
Clause 35: The current applicable rate of interest is 16.50% p.a. comprising the benchmark repo rate of 6.50% plus a credit spread of 4.00%.,Interest Rate
Section 23.5: Differential interest rate of 16.50% shall be levied during the construction period until final disbursement.,Interest Rate
"Section 28.3: In case of unauthorized utilization of loan proceeds for speculative purposes, the Bank may impose a punitive penalty of 36.0%.",Penalty
"Borrower Undertaking: All fees, charges, and statutory penalties mentioned herein are exclusive of Goods and Services Tax (GST) payable at 18.0%.",Tax
"Pre-EMI interest shall be paid every month until the regular equated monthly installment of Rs. 55,000 commences.",EMI
Important Stipulation: The borrower shall execute demand promissory notes and a deed of hypothecation in respect of all financed movable assets.,Documentation
"Borrower Undertaking: The agreed repayment period is 36 calendar months, concluding on the formal maturity date.",Loan Tenure
"General Obligation: A one-time file handling and login processing charge of Rs. 10,000 must be paid along with the application form submission.",Processing Fee
Mandatory Condition: Early closure and foreclosure of this commercial loan facility will attract a foreclosure compensation levy of 3.5%.,Foreclosure
Borrower Undertaking: A pre-closure penalty of 4.0% will be debited to the settlement statement if closed using third-party balance transfer funds.,Foreclosure
General Obligation: The borrower may prepay up to 25% of principal annually; prepayments exceeding this threshold shall attract a 2.0% fee.,Prepayment
Borrower Undertaking: Interest shall be calculated on the daily reducing balance method at the rate of 8.25% compounded on a monthly basis.,Interest Rate
General Obligation: The loan agreement remains legally binding for a term of 240 months or until all outstanding obligations are cleared.,Loan Tenure
"General Obligation: This loan agreement shall be governed by, and construed in all respects in accordance with, the laws of the Republic of India.",Other
