profile_type,income,expenses,savings,loan_emi,income_variability,savings_rate,expense_ratio,debt_to_income,runway_months,financial_goal,goal_amount,goal_months,risk_level,recommendation_category
Daily wage worker,22523.0,9448,19938,3438,32.38,42.8,41.9,15.3,2.7,Business Expansion,75000,24,Medium,Moderately Variable Income
Commission-based worker,30623.0,23222,150374,4374,52.09,9.9,75.8,14.3,8.4,Debt Repayment,150000,18,Medium,Highly Variable Income
Shop owner,29246.0,19941,46928,0,19.32,31.8,68.2,0.0,3.1,Home Downpayment,500000,18,Low,Stable Income
Online seller,31072.0,26537,132860,0,55.28,14.6,85.4,0.0,6.3,Debt Repayment,250000,6,Medium,Highly Variable Income
Commission-based worker,36178.0,22041,18444,13749,57.0,1.1,60.9,38.0,1.1,Emergency Fund,100000,12,High,Highly Variable Income
Consultant,44491.0,38021,36310,7517,43.26,0.0,85.5,16.9,1.3,Child Education,250000,18,High,Financial Risk
Gig worker,27786.0,14614,6021,0,47.57,47.4,52.6,0.0,0.6,Home Downpayment,50000,6,High,Financial Risk
Commission-based worker,22654.0,13819,7682,3586,57.1,23.2,61.0,15.8,0.6,Business Expansion,500000,24,High,Financial Risk
Small business owner,71311.0,20260,108879,0,30.76,71.6,28.4,0.0,6.3,Business Expansion,100000,24,Low,Moderately Variable Income
Self-employed person,19856.0,18073,17317,7260,17.44,0.0,91.0,36.6,1.3,Working Capital Buffer,100000,6,High,Financial Risk
Commission-based worker,39369.0,17540,97004,12285,46.65,24.2,44.6,31.2,7.4,Home Downpayment,500000,36,Medium,Highly Variable Income
Consultant,50478.0,45320,47467,0,9.73,10.2,89.8,0.0,1.6,Business Expansion,250000,24,Medium,Stable Income
Gig worker,18178.0,22193,73872,0,50.28,0.0,122.1,0.0,4.8,Retirement Reserve,50000,24,High,Financial Risk
Online seller,81872.0,37192,361040,0,33.04,54.6,45.4,0.0,14.5,Emergency Fund,100000,12,Low,Moderately Variable Income
Daily wage worker,10251.0,10514,80186,0,39.8,0.0,102.6,0.0,9.7,Child Education,30000,12,High,Financial Risk
Gig worker,19457.0,14918,108020,4106,17.31,2.2,76.7,21.1,10.5,Home Downpayment,30000,12,Low,Stable Income
Self-employed person,44818.0,21997,19593,7148,14.39,35.0,49.1,15.9,1.1,Business Expansion,500000,18,Medium,Stable Income
Self-employed person,17586.0,17291,8552,5991,39.52,0.0,98.3,34.1,0.6,Child Education,250000,12,High,Financial Risk
Gig worker,32929.0,17983,8889,5381,27.17,29.0,54.6,16.3,0.6,Working Capital Buffer,150000,36,High,Financial Risk
Commission-based worker,33412.0,21100,112880,0,30.62,36.8,63.2,0.0,6.8,Debt Repayment,30000,12,Low,Moderately Variable Income
Online seller,35846.0,30465,111045,0,52.68,15.0,85.0,0.0,5.1,Emergency Fund,50000,12,Medium,Highly Variable Income
Daily wage worker,21418.0,12629,72784,1785,24.39,32.7,59.0,8.3,7.8,Retirement Reserve,250000,24,Low,Moderately Variable Income
Daily wage worker,10782.0,13372,22312,1721,58.96,0.0,124.0,16.0,2.6,Emergency Fund,500000,12,High,Financial Risk
Consultant,92570.0,41170,86308,17975,19.59,36.1,44.5,19.4,2.8,Emergency Fund,75000,6,Low,Stable Income
Freelancer,77534.0,23591,21182,0,30.25,69.6,30.4,0.0,1.2,Working Capital Buffer,500000,6,Medium,Moderately Variable Income
Freelancer,33216.0,28240,67120,0,47.86,15.0,85.0,0.0,3.5,Retirement Reserve,75000,6,Medium,Highly Variable Income
Seasonal business owner,28391.0,35941,20415,0,53.28,0.0,126.6,0.0,0.8,Working Capital Buffer,500000,6,High,Financial Risk
Small business owner,21804.0,27681,163134,7848,60.76,0.0,127.0,36.0,9.1,Child Education,75000,24,High,Financial Risk
Shop owner,61738.0,26288,12096,19212,26.36,26.3,42.6,31.1,0.7,Retirement Reserve,250000,36,High,Financial Risk
Small business owner,34119.0,24313,14286,5991,80.99,11.2,71.3,17.6,0.7,Emergency Fund,250000,12,High,Financial Risk
Gig worker,18561.0,16065,8293,3949,54.87,0.0,86.6,21.3,0.7,Working Capital Buffer,100000,12,High,Financial Risk
Self-employed person,31478.0,17526,166958,11032,19.87,9.3,55.7,35.0,11.1,Debt Repayment,100000,24,Low,Stable Income
Gig worker,23803.0,17699,183592,0,15.16,25.6,74.4,0.0,14.8,Child Education,100000,36,Low,Stable Income
Commission-based worker,76060.0,16968,52593,11686,46.51,62.3,22.3,15.4,3.7,Debt Repayment,500000,18,Medium,Highly Variable Income
Commission-based worker,52232.0,23011,27150,18142,53.53,21.2,44.1,34.7,1.5,Retirement Reserve,100000,24,High,Highly Variable Income
Online seller,46102.0,38463,44203,0,65.69,16.6,83.4,0.0,1.6,Business Expansion,150000,24,High,Highly Variable Income
Online seller,73072.0,33516,288769,0,36.13,54.1,45.9,0.0,11.7,Child Education,75000,18,Low,Moderately Variable Income
Gig worker,23042.0,21412,9590,0,44.89,7.1,92.9,0.0,0.6,Business Expansion,100000,36,High,Financial Risk
Daily wage worker,12252.0,10715,103728,1069,49.78,3.8,87.5,8.7,11.8,Working Capital Buffer,150000,12,Medium,Highly Variable Income
Freelancer,20894.0,22108,12408,6231,74.19,0.0,105.8,29.8,0.7,Business Expansion,500000,24,High,Financial Risk
Seasonal business owner,45612.0,38600,364642,10431,112.22,0.0,84.6,22.9,14.1,Child Education,100000,24,High,Financial Risk
Seasonal business owner,37761.0,26195,11481,0,58.18,30.6,69.4,0.0,0.5,Home Downpayment,150000,6,High,Financial Risk
Online seller,65916.0,35804,70720,0,28.62,45.7,54.3,0.0,2.9,Business Expansion,75000,6,Medium,Moderately Variable Income
Online seller,42255.0,24147,10977,15746,36.44,5.6,57.1,37.3,0.6,Emergency Fund,500000,24,High,Financial Risk
Consultant,52859.0,36148,42689,12631,22.18,7.7,68.4,23.9,1.7,Home Downpayment,30000,12,Medium,Moderately Variable Income
Seasonal business owner,47888.0,25177,255681,0,46.27,47.4,52.6,0.0,12.4,Child Education,150000,18,Medium,Highly Variable Income
Seasonal business owner,71464.0,26857,158526,26258,72.78,25.7,37.6,36.7,8.3,Debt Repayment,100000,12,Medium,Highly Variable Income
Seasonal business owner,114948.0,35530,193313,0,61.58,69.1,30.9,0.0,7.8,Home Downpayment,75000,12,Medium,Highly Variable Income
Seasonal business owner,90419.0,25066,46005,28822,34.02,40.4,27.7,31.9,2.3,Business Expansion,75000,6,High,Highly Variable Income
Self-employed person,61198.0,22291,221201,8923,34.37,49.0,36.4,14.6,11.6,Retirement Reserve,30000,36,Low,Moderately Variable Income
Small business owner,33501.0,21474,22321,10885,31.91,3.4,64.1,32.5,1.2,Working Capital Buffer,75000,24,Medium,Moderately Variable Income
Freelancer,28823.0,17954,8494,4934,80.69,20.6,62.3,17.1,0.7,Business Expansion,500000,12,High,Financial Risk
Gig worker,19317.0,20224,186743,2345,61.0,0.0,104.7,12.1,14.0,Working Capital Buffer,500000,24,High,Financial Risk
Small business owner,36564.0,24985,225590,9332,22.35,6.1,68.3,25.5,12.1,Home Downpayment,30000,24,Low,Moderately Variable Income
Freelancer,76601.0,20870,66250,23455,16.01,42.1,27.2,30.6,4.2,Business Expansion,100000,24,Low,Stable Income
Seasonal business owner,67165.0,26060,226744,24509,87.82,24.7,38.8,36.5,10.3,Child Education,500000,36,Medium,Highly Variable Income
Self-employed person,21123.0,17083,39234,3513,32.94,2.5,80.9,16.6,2.8,Emergency Fund,50000,24,Medium,Moderately Variable Income
Self-employed person,35399.0,22735,203528,7276,33.55,15.2,64.2,20.6,12.3,Child Education,150000,24,Low,Moderately Variable Income
Consultant,110964.0,32961,219114,32874,11.1,40.7,29.7,29.6,9.6,Child Education,30000,6,Low,Stable Income
Shop owner,42757.0,20112,16578,7396,33.65,35.7,47.0,17.3,1.2,Debt Repayment,75000,6,High,Highly Variable Income
Freelancer,29119.0,23485,45431,3409,38.98,7.6,80.7,11.7,3.0,Child Education,250000,36,Medium,Highly Variable Income
Small business owner,54599.0,21769,9276,0,48.57,60.1,39.9,0.0,0.6,Retirement Reserve,30000,18,High,Financial Risk
Freelancer,61242.0,17655,171560,6582,38.55,60.4,28.8,10.7,12.0,Business Expansion,100000,12,Low,Moderately Variable Income
Daily wage worker,22351.0,15773,154127,0,34.28,29.4,70.6,0.0,14.2,Business Expansion,100000,12,Low,Moderately Variable Income
Freelancer,50174.0,27982,12919,13380,48.27,17.6,55.8,26.7,0.7,Working Capital Buffer,100000,36,High,Financial Risk
Online seller,63345.0,27909,33467,23469,48.9,18.9,44.1,37.0,1.7,Child Education,150000,24,Medium,Moderately Variable Income
Freelancer,41866.0,30952,49699,12456,23.94,0.0,73.9,29.8,2.4,Home Downpayment,100000,36,High,Financial Risk
Seasonal business owner,39194.0,28834,32031,3518,26.08,17.5,73.6,9.0,1.6,Home Downpayment,250000,36,Medium,Moderately Variable Income
Consultant,92039.0,37733,223462,8051,11.15,50.3,41.0,8.7,8.3,Working Capital Buffer,500000,6,Low,Stable Income
Freelancer,33234.0,29030,33731,0,57.31,12.6,87.4,0.0,1.7,Working Capital Buffer,100000,18,High,Highly Variable Income
Freelancer,56202.0,19868,20687,5653,42.41,54.6,35.4,10.1,1.6,Retirement Reserve,50000,18,High,Highly Variable Income
Self-employed person,48859.0,31524,53431,5203,12.91,24.8,64.5,10.6,2.6,Emergency Fund,250000,36,Low,Stable Income
Self-employed person,18795.0,18511,148608,6650,63.09,0.0,98.5,35.4,9.4,Working Capital Buffer,150000,36,High,Financial Risk
Online seller,53517.0,23394,158474,0,23.88,56.3,43.7,0.0,8.0,Retirement Reserve,500000,18,Low,Moderately Variable Income
Self-employed person,37677.0,22253,11783,10041,39.16,14.3,59.1,26.7,0.8,Emergency Fund,100000,24,High,Financial Risk
Gig worker,22474.0,16221,81031,2599,28.11,16.3,72.2,11.6,5.9,Home Downpayment,100000,24,Low,Moderately Variable Income
Consultant,47956.0,39322,277177,11769,43.34,0.0,82.0,24.5,10.1,Business Expansion,100000,18,High,Financial Risk
Consultant,132814.0,35326,114040,28261,30.92,52.1,26.6,21.3,5.0,Home Downpayment,150000,12,Low,Moderately Variable Income
Commission-based worker,22156.0,16497,111437,0,64.7,25.5,74.5,0.0,8.3,Emergency Fund,100000,12,Medium,Highly Variable Income
Online seller,31672.0,26652,97935,3694,51.81,4.2,84.1,11.7,4.9,Child Education,250000,12,Medium,Highly Variable Income
Self-employed person,45763.0,26448,236963,0,30.89,42.2,57.8,0.0,13.8,Emergency Fund,150000,36,Low,Moderately Variable Income
Small business owner,74162.0,22568,25817,14318,14.12,50.3,30.4,19.3,1.5,Home Downpayment,250000,36,Medium,Stable Income
Small business owner,33044.0,24409,180375,9524,21.19,0.0,73.9,28.8,9.6,Working Capital Buffer,150000,18,High,Financial Risk
Shop owner,21945.0,23352,21379,0,36.69,0.0,106.4,0.0,1.4,Business Expansion,150000,6,High,Financial Risk
Small business owner,37028.0,22072,69181,0,59.0,40.4,59.6,0.0,4.7,Working Capital Buffer,500000,24,Medium,Highly Variable Income
Small business owner,35863.0,22263,168387,13814,22.4,0.0,62.1,38.5,9.5,Retirement Reserve,30000,36,High,Financial Risk
Daily wage worker,11980.0,14270,23552,3711,42.71,0.0,119.1,31.0,2.1,Business Expansion,250000,6,High,Financial Risk
Online seller,62971.0,32297,52807,14126,31.68,26.3,51.3,22.4,2.1,Child Education,50000,24,Medium,Moderately Variable Income
Daily wage worker,6138.0,10628,20820,1591,49.67,0.0,173.2,25.9,2.5,Home Downpayment,30000,24,High,Financial Risk
Seasonal business owner,56118.0,33672,63470,11561,68.65,19.4,60.0,20.6,2.7,Business Expansion,250000,24,High,Highly Variable Income
Self-employed person,62984.0,22079,9176,21861,38.78,30.2,35.1,34.7,0.6,Debt Repayment,75000,24,High,Financial Risk
Consultant,95358.0,39642,33445,0,24.1,58.4,41.6,0.0,1.2,Debt Repayment,30000,18,Medium,Moderately Variable Income
Consultant,121246.0,41698,18071,9996,26.25,57.4,34.4,8.2,0.7,Retirement Reserve,75000,12,High,Financial Risk
Small business owner,42618.0,27022,247267,0,29.79,36.6,63.4,0.0,12.8,Retirement Reserve,250000,36,Low,Moderately Variable Income
Consultant,94908.0,31663,66059,0,29.83,66.6,33.4,0.0,2.4,Debt Repayment,250000,12,High,Highly Variable Income
Gig worker,25781.0,18455,89817,5022,28.44,8.9,71.6,19.5,7.5,Retirement Reserve,100000,24,Low,Moderately Variable Income
Online seller,91582.0,34012,31294,0,36.06,62.9,37.1,0.0,1.2,Business Expansion,50000,12,Medium,Moderately Variable Income
Gig worker,29785.0,17711,165205,6071,37.39,20.2,59.5,20.4,13.9,Home Downpayment,100000,12,Low,Moderately Variable Income
Seasonal business owner,36850.0,22317,37711,9712,89.39,13.1,60.6,26.4,2.2,Emergency Fund,500000,12,High,Highly Variable Income
Small business owner,45944.0,19078,113548,4468,52.63,48.8,41.5,9.7,7.5,Business Expansion,75000,24,Medium,Highly Variable Income
Seasonal business owner,34715.0,29961,57273,0,49.05,13.7,86.3,0.0,2.4,Emergency Fund,50000,6,High,Highly Variable Income
Shop owner,45505.0,23500,168477,14941,48.21,15.5,51.6,32.8,9.5,Home Downpayment,30000,12,Medium,Highly Variable Income
Seasonal business owner,48019.0,27684,109615,0,55.13,42.3,57.7,0.0,4.6,Working Capital Buffer,75000,6,Medium,Highly Variable Income
Gig worker,29250.0,14719,91429,0,15.38,49.7,50.3,0.0,8.6,Home Downpayment,50000,12,Low,Stable Income
Gig worker,25431.0,14846,97356,3369,31.44,28.4,58.4,13.2,7.7,Emergency Fund,100000,36,Low,Moderately Variable Income
Small business owner,44678.0,33122,29456,0,50.47,25.9,74.1,0.0,1.3,Child Education,250000,36,High,Highly Variable Income
Commission-based worker,48626.0,22186,9602,14701,22.18,24.1,45.6,30.2,0.5,Retirement Reserve,30000,36,High,Financial Risk
Self-employed person,58308.0,20592,12110,18349,26.88,33.2,35.3,31.5,0.8,Home Downpayment,250000,12,High,Financial Risk
Consultant,63598.0,29891,84938,16238,15.21,27.5,47.0,25.5,3.7,Business Expansion,75000,12,Low,Stable Income
Shop owner,25332.0,20809,163812,0,22.23,17.9,82.1,0.0,10.3,Working Capital Buffer,50000,18,Low,Moderately Variable Income
Gig worker,10400.0,21340,18919,3426,58.03,0.0,205.2,32.9,1.3,Emergency Fund,250000,18,High,Financial Risk
Shop owner,43508.0,17879,9583,7817,30.43,40.9,41.1,18.0,0.8,Child Education,50000,6,High,Financial Risk
Consultant,73886.0,26419,27141,24728,22.53,30.8,35.8,33.5,1.3,Business Expansion,250000,24,Medium,Moderately Variable Income
Small business owner,33939.0,24132,47412,9554,60.39,0.7,71.1,28.2,3.0,Emergency Fund,250000,36,Medium,Highly Variable Income
Seasonal business owner,42684.0,38984,417675,12188,35.04,0.0,91.3,28.6,16.5,Emergency Fund,30000,18,High,Financial Risk
Freelancer,60445.0,17036,14386,19874,34.71,38.9,28.2,32.9,1.1,Retirement Reserve,75000,6,Medium,Moderately Variable Income
Self-employed person,30391.0,16078,18364,10880,35.68,11.3,52.9,35.8,1.3,Home Downpayment,100000,36,High,Highly Variable Income
Small business owner,20689.0,24365,201935,2297,79.95,0.0,117.8,11.1,12.7,Emergency Fund,75000,12,High,Financial Risk
Online seller,106921.0,30639,14464,0,28.63,71.3,28.7,0.0,0.6,Emergency Fund,100000,12,High,Financial Risk
Gig worker,14504.0,20411,62919,3076,33.52,0.0,140.7,21.2,4.4,Debt Repayment,500000,12,High,Financial Risk
Consultant,87616.0,38395,236194,20133,19.61,33.2,43.8,23.0,8.1,Working Capital Buffer,250000,12,Low,Stable Income
Commission-based worker,56648.0,16548,115950,0,50.81,70.8,29.2,0.0,9.8,Home Downpayment,50000,24,Medium,Highly Variable Income
Shop owner,35752.0,21723,63909,0,13.23,39.2,60.8,0.0,3.4,Child Education,75000,36,Low,Stable Income
Gig worker,27531.0,17081,29566,0,20.99,38.0,62.0,0.0,2.5,Working Capital Buffer,250000,24,Low,Stable Income
Shop owner,26792.0,19638,23336,0,66.07,26.7,73.3,0.0,1.7,Child Education,250000,36,High,Highly Variable Income
Commission-based worker,24691.0,18195,16727,6138,38.04,1.4,73.7,24.9,1.2,Business Expansion,100000,6,Medium,Moderately Variable Income
Daily wage worker,13678.0,15407,26729,0,12.36,0.0,112.6,0.0,2.5,Emergency Fund,50000,36,High,Financial Risk
Daily wage worker,17060.0,14686,117463,3130,32.04,0.0,86.1,18.3,11.8,Working Capital Buffer,100000,12,High,Financial Risk
Self-employed person,40499.0,22765,13563,0,70.74,43.8,56.2,0.0,0.8,Business Expansion,50000,36,High,Financial Risk
Daily wage worker,11460.0,12241,5453,1201,33.6,0.0,106.8,10.5,0.7,Retirement Reserve,500000,24,High,Financial Risk
Small business owner,27431.0,19623,8548,9740,62.21,0.0,71.5,35.5,0.5,Debt Repayment,30000,12,High,Financial Risk
Shop owner,41898.0,27093,61617,13471,17.65,3.2,64.7,32.2,3.3,Home Downpayment,50000,18,Low,Stable Income
Seasonal business owner,76944.0,29876,17360,0,41.11,61.2,38.8,0.0,0.7,Home Downpayment,30000,36,High,Financial Risk
Online seller,51529.0,31282,15787,13031,39.67,14.0,60.7,25.3,0.6,Child Education,30000,24,High,Financial Risk
Consultant,70542.0,45032,229476,21372,28.48,5.9,63.8,30.3,7.6,Home Downpayment,100000,36,Low,Moderately Variable Income
Seasonal business owner,35357.0,24986,10736,6265,49.9,11.6,70.7,17.7,0.5,Working Capital Buffer,500000,24,High,Financial Risk
Consultant,99800.0,33377,77749,0,18.27,66.6,33.4,0.0,3.2,Debt Repayment,50000,36,Low,Stable Income
Gig worker,29958.0,21449,36310,8563,43.08,0.0,71.6,28.6,2.6,Child Education,500000,18,High,Financial Risk
Commission-based worker,12531.0,21541,164782,0,83.91,0.0,171.9,0.0,10.6,Emergency Fund,150000,24,High,Financial Risk
Self-employed person,62126.0,23862,20216,0,23.11,61.6,38.4,0.0,1.0,Child Education,50000,18,Medium,Moderately Variable Income
Commission-based worker,19102.0,21882,49263,2953,50.96,0.0,114.6,15.5,3.4,Debt Repayment,150000,18,High,Financial Risk
Small business owner,30069.0,21121,18915,5960,19.93,9.9,70.2,19.8,1.2,Working Capital Buffer,30000,18,Medium,Stable Income
Consultant,76165.0,32624,341622,0,29.96,57.2,42.8,0.0,14.4,Working Capital Buffer,500000,36,Low,Moderately Variable Income
Self-employed person,50905.0,19518,76923,0,21.37,61.7,38.3,0.0,5.4,Home Downpayment,500000,36,Low,Stable Income
Self-employed person,61541.0,23375,68568,18000,52.1,32.8,38.0,29.2,4.0,Debt Repayment,150000,18,Medium,Highly Variable Income
Freelancer,36151.0,26242,214627,0,30.79,27.4,72.6,0.0,12.5,Emergency Fund,30000,18,Medium,Highly Variable Income
Self-employed person,67388.0,19179,80305,0,22.14,71.5,28.5,0.0,6.2,Retirement Reserve,100000,36,Low,Moderately Variable Income
Consultant,69061.0,32036,16314,0,24.18,53.6,46.4,0.0,0.7,Emergency Fund,75000,24,High,Financial Risk
Commission-based worker,38062.0,22731,10059,7134,36.06,21.5,59.7,18.7,0.6,Debt Repayment,75000,18,High,Financial Risk
Freelancer,46836.0,18307,108083,12825,55.03,33.5,39.1,27.4,8.4,Business Expansion,150000,36,Medium,Highly Variable Income
Consultant,93019.0,34066,363529,0,21.86,63.4,36.6,0.0,16.3,Home Downpayment,500000,6,Low,Stable Income
Consultant,48786.0,38582,30975,0,16.21,20.9,79.1,0.0,1.2,Business Expansion,500000,6,Medium,Stable Income
Daily wage worker,18294.0,11642,9659,5281,38.79,7.5,63.6,28.9,1.0,Working Capital Buffer,500000,12,Medium,Moderately Variable Income
Self-employed person,38797.0,20474,23105,0,17.9,47.2,52.8,0.0,1.4,Emergency Fund,50000,36,Medium,Stable Income
Daily wage worker,13420.0,16186,83693,1545,42.24,0.0,120.6,11.5,7.7,Retirement Reserve,250000,18,High,Financial Risk
Shop owner,49574.0,19905,184986,13193,24.49,33.2,40.2,26.6,11.2,Business Expansion,150000,24,Low,Moderately Variable Income
Gig worker,11879.0,13798,121433,4425,15.8,0.0,116.2,37.3,11.2,Retirement Reserve,150000,12,High,Financial Risk
Commission-based worker,35723.0,18284,182264,0,63.57,48.8,51.2,0.0,15.2,Business Expansion,500000,6,Medium,Highly Variable Income
Consultant,100994.0,33041,77692,0,23.12,67.3,32.7,0.0,3.6,Home Downpayment,50000,6,Low,Moderately Variable Income
Seasonal business owner,79134.0,31601,193867,0,36.62,60.1,39.9,0.0,8.7,Business Expansion,50000,24,Low,Moderately Variable Income
Commission-based worker,39658.0,19388,17789,11138,47.9,23.0,48.9,28.1,1.1,Child Education,100000,12,High,Highly Variable Income
Small business owner,37590.0,20566,188125,12263,38.51,12.7,54.7,32.6,10.8,Child Education,250000,18,Low,Moderately Variable Income
Gig worker,13898.0,14788,43416,0,35.62,0.0,106.4,0.0,4.0,Debt Repayment,75000,12,High,Financial Risk
Shop owner,27413.0,23573,55303,9164,23.31,0.0,86.0,33.4,3.3,Business Expansion,500000,12,High,Financial Risk
Seasonal business owner,111334.0,29818,70699,33631,36.16,43.0,26.8,30.2,3.2,Home Downpayment,50000,36,Low,Moderately Variable Income
Self-employed person,45748.0,19715,173483,11863,36.85,31.0,43.1,25.9,12.5,Child Education,150000,12,Medium,Highly Variable Income
Self-employed person,51419.0,18433,9642,5878,23.52,52.7,35.8,11.4,0.7,Debt Repayment,75000,36,High,Financial Risk
Self-employed person,35488.0,19306,43145,0,28.92,45.6,54.4,0.0,3.1,Business Expansion,150000,18,Low,Moderately Variable Income
Gig worker,31000.0,15406,134259,11671,24.23,12.7,49.7,37.6,11.1,Retirement Reserve,250000,24,Low,Moderately Variable Income
Online seller,48460.0,40197,132414,10350,44.01,0.0,82.9,21.4,4.7,Working Capital Buffer,30000,36,High,Financial Risk
Commission-based worker,24296.0,26146,193417,6019,52.93,0.0,107.6,24.8,11.2,Home Downpayment,500000,12,High,Financial Risk
Seasonal business owner,88001.0,27838,99087,32817,74.54,31.1,31.6,37.3,4.7,Business Expansion,250000,36,Medium,Highly Variable Income
Seasonal business owner,80762.0,33936,209590,25088,45.83,26.9,42.0,31.1,8.5,Retirement Reserve,150000,6,Low,Moderately Variable Income
Seasonal business owner,74166.0,33077,297479,15630,31.36,34.3,44.6,21.1,11.5,Working Capital Buffer,30000,36,Low,Moderately Variable Income
Commission-based worker,59757.0,14629,121827,0,45.96,75.5,24.5,0.0,9.7,Retirement Reserve,150000,24,Low,Moderately Variable Income
Small business owner,40700.0,24291,14145,11115,34.27,13.0,59.7,27.3,0.8,Debt Repayment,500000,36,High,Financial Risk
Shop owner,38714.0,28218,33174,0,63.0,27.1,72.9,0.0,1.8,Working Capital Buffer,150000,12,High,Highly Variable Income
Commission-based worker,64164.0,17514,9863,21533,41.95,39.1,27.3,33.6,0.7,Working Capital Buffer,500000,6,High,Financial Risk
Freelancer,98013.0,18816,60398,19942,64.0,60.5,19.2,20.3,4.6,Working Capital Buffer,50000,24,Medium,Highly Variable Income
Self-employed person,22502.0,19360,140241,4545,26.66,0.0,86.0,20.2,10.0,Retirement Reserve,150000,36,High,Financial Risk
Consultant,70344.0,28184,79658,22777,21.11,27.6,40.1,32.4,3.6,Business Expansion,100000,24,Low,Stable Income
Seasonal business owner,27057.0,30280,180077,3873,43.51,0.0,111.9,14.3,7.4,Working Capital Buffer,100000,36,High,Financial Risk
Online seller,65680.0,28487,275363,25071,44.71,18.5,43.4,38.2,14.4,Debt Repayment,100000,18,Medium,Highly Variable Income
Consultant,45226.0,46273,54694,3702,12.05,0.0,102.3,8.2,1.8,Home Downpayment,500000,24,High,Financial Risk
Self-employed person,45847.0,18119,38795,8468,21.3,42.0,39.5,18.5,2.5,Retirement Reserve,250000,18,Low,Stable Income
Freelancer,48323.0,16825,9606,17268,44.84,29.4,34.8,35.7,0.7,Debt Repayment,75000,6,High,Financial Risk
Small business owner,21994.0,34204,176568,5612,24.3,0.0,155.5,25.5,7.7,Working Capital Buffer,100000,24,High,Financial Risk
Freelancer,42540.0,24217,69431,0,46.48,43.1,56.9,0.0,4.3,Emergency Fund,100000,24,Medium,Highly Variable Income
Freelancer,37422.0,22670,149377,12792,51.15,5.2,60.6,34.2,8.1,Home Downpayment,30000,18,Medium,Highly Variable Income
Small business owner,60606.0,24765,12332,10303,63.03,42.1,40.9,17.0,0.7,Debt Repayment,250000,18,High,Financial Risk
Shop owner,21318.0,27014,82256,0,37.23,0.0,126.7,0.0,4.7,Emergency Fund,75000,6,High,Financial Risk
Gig worker,16495.0,12361,27455,5947,68.81,0.0,74.9,36.1,2.8,Retirement Reserve,150000,36,High,Financial Risk
Online seller,101522.0,29558,52473,0,54.32,70.9,29.1,0.0,2.1,Emergency Fund,75000,12,High,Highly Variable Income
Small business owner,18041.0,21086,222457,2776,60.94,0.0,116.9,15.4,12.4,Business Expansion,75000,12,High,Financial Risk
Gig worker,20254.0,21602,107058,0,25.68,0.0,106.7,0.0,7.4,Home Downpayment,500000,18,High,Financial Risk
Daily wage worker,8573.0,13080,107821,2862,42.98,0.0,152.6,33.4,10.8,Retirement Reserve,500000,36,High,Financial Risk
Self-employed person,26445.0,26470,48011,0,54.34,0.0,100.1,0.0,2.7,Working Capital Buffer,50000,6,High,Financial Risk
Shop owner,44060.0,27147,15361,8026,22.78,20.2,61.6,18.2,0.8,Home Downpayment,75000,6,High,Financial Risk
Daily wage worker,17105.0,14055,40443,4000,19.08,0.0,82.2,23.4,3.5,Child Education,250000,6,High,Financial Risk
Self-employed person,35288.0,22155,201866,7059,19.96,17.2,62.8,20.0,11.9,Emergency Fund,100000,12,Low,Stable Income
Freelancer,75890.0,22729,47326,0,69.75,70.1,29.9,0.0,3.1,Child Education,250000,12,Medium,Highly Variable Income
Consultant,82482.0,38027,60989,16764,35.11,33.6,46.1,20.3,2.1,Debt Repayment,150000,18,High,Highly Variable Income
Gig worker,13185.0,12692,6378,1413,36.09,0.0,96.3,10.7,0.6,Working Capital Buffer,30000,18,High,Financial Risk
Online seller,35105.0,37580,116749,4496,66.08,0.0,107.1,12.8,4.3,Emergency Fund,100000,36,High,Financial Risk
Shop owner,17864.0,27788,27579,0,17.33,0.0,155.6,0.0,1.4,Emergency Fund,500000,36,High,Financial Risk
Small business owner,60306.0,33541,36249,12481,18.73,23.7,55.6,20.7,1.6,Child Education,250000,12,Medium,Stable Income
Commission-based worker,67395.0,16985,8909,13785,28.1,54.3,25.2,20.5,0.8,Child Education,50000,36,High,Financial Risk
Seasonal business owner,106936.0,33134,329260,32832,61.7,38.3,31.0,30.7,13.0,Debt Repayment,30000,18,Medium,Highly Variable Income
Daily wage worker,18103.0,10904,25443,5818,49.55,7.6,60.2,32.1,3.5,Retirement Reserve,50000,18,Medium,Highly Variable Income
Commission-based worker,19944.0,21002,63550,7386,39.32,0.0,105.3,37.0,3.7,Child Education,500000,36,High,Financial Risk
Consultant,105865.0,31993,16389,37585,22.22,34.3,30.2,35.5,0.6,Working Capital Buffer,500000,12,High,Financial Risk
Seasonal business owner,52342.0,23884,12493,0,73.31,54.4,45.6,0.0,0.6,Debt Repayment,500000,24,High,Financial Risk
Online seller,43998.0,27688,181666,0,44.4,37.1,62.9,0.0,8.3,Business Expansion,30000,24,Medium,Highly Variable Income
Freelancer,46251.0,28599,26436,16904,69.5,1.6,61.8,36.5,1.4,Home Downpayment,75000,12,High,Highly Variable Income
Consultant,70573.0,28139,13350,13882,13.72,40.5,39.9,19.7,0.6,Debt Repayment,150000,12,High,Financial Risk
Self-employed person,51970.0,20590,126324,13803,45.38,33.8,39.6,26.6,7.9,Child Education,30000,24,Medium,Highly Variable Income
Daily wage worker,9572.0,12545,99774,1845,34.31,0.0,131.1,19.3,11.5,Business Expansion,75000,18,High,Financial Risk
Commission-based worker,42283.0,22510,49316,11373,68.66,19.9,53.2,26.9,3.1,Retirement Reserve,30000,36,Medium,Highly Variable Income
Daily wage worker,19326.0,15740,7220,2210,48.28,7.1,81.4,11.4,0.7,Business Expansion,75000,36,High,Financial Risk
Freelancer,40957.0,24487,42919,4173,82.42,30.0,59.8,10.2,2.7,Retirement Reserve,50000,18,High,Highly Variable Income
Small business owner,52774.0,23676,191607,17454,34.49,22.1,44.9,33.1,10.4,Child Education,75000,18,Medium,Highly Variable Income
Seasonal business owner,61770.0,25871,56693,0,57.79,58.1,41.9,0.0,3.2,Emergency Fund,50000,12,Medium,Highly Variable Income
Consultant,92771.0,37849,34390,18049,39.45,39.7,40.8,19.5,1.2,Retirement Reserve,50000,12,Medium,Moderately Variable Income
Seasonal business owner,80059.0,23228,154910,0,39.64,71.0,29.0,0.0,9.6,Home Downpayment,250000,36,Medium,Highly Variable Income
Daily wage worker,15504.0,10429,81966,0,33.3,32.7,67.3,0.0,9.1,Emergency Fund,150000,12,Low,Moderately Variable Income
Consultant,78760.0,29908,27601,6966,26.01,53.2,38.0,8.8,1.3,Retirement Reserve,100000,6,Medium,Moderately Variable Income
Daily wage worker,9763.0,11589,41333,1501,35.24,0.0,118.7,15.4,5.2,Debt Repayment,150000,18,High,Financial Risk
Daily wage worker,16092.0,10810,20463,0,30.35,32.8,67.2,0.0,2.2,Home Downpayment,250000,18,Medium,Moderately Variable Income
Daily wage worker,22100.0,9788,27697,7394,59.26,22.3,44.3,33.5,3.3,Business Expansion,30000,18,Medium,Highly Variable Income
Freelancer,47820.0,25551,181089,7094,73.1,31.7,53.4,14.8,11.0,Business Expansion,75000,18,Medium,Highly Variable Income
Daily wage worker,14699.0,16983,65394,3926,53.07,0.0,115.5,26.7,5.7,Emergency Fund,500000,12,High,Financial Risk
Small business owner,42264.0,33899,75125,0,49.07,19.8,80.2,0.0,3.3,Emergency Fund,50000,6,Medium,Highly Variable Income
Commission-based worker,66250.0,13826,16501,12746,67.57,59.9,20.9,19.2,1.4,Emergency Fund,30000,12,High,Highly Variable Income
Shop owner,21706.0,29345,96220,7209,39.99,0.0,135.2,33.2,5.0,Retirement Reserve,75000,6,High,Financial Risk
Consultant,91294.0,36975,19161,0,20.08,59.5,40.5,0.0,0.7,Working Capital Buffer,500000,18,High,Financial Risk
Freelancer,28516.0,20409,33432,7081,33.31,3.6,71.6,24.8,2.2,Home Downpayment,30000,18,Medium,Moderately Variable Income
Seasonal business owner,28997.0,37596,219039,6026,79.78,0.0,129.7,20.8,8.9,Debt Repayment,150000,36,High,Financial Risk
Online seller,55153.0,29833,26725,19833,63.31,9.9,54.1,36.0,1.2,Emergency Fund,100000,24,High,Highly Variable Income
Freelancer,38305.0,26802,87300,9682,14.64,4.8,70.0,25.3,4.5,Child Education,500000,36,Low,Stable Income
Online seller,36364.0,29641,108088,12120,42.3,0.0,81.5,33.3,4.7,Child Education,250000,24,High,Financial Risk
Gig worker,30853.0,16078,13513,11052,22.25,12.1,52.1,35.8,1.0,Retirement Reserve,150000,12,Medium,Moderately Variable Income
Consultant,82053.0,40337,43033,18079,19.0,28.8,49.2,22.0,1.4,Retirement Reserve,150000,24,Medium,Stable Income
Freelancer,24300.0,20486,128163,2141,61.15,6.9,84.3,8.8,9.5,Emergency Fund,150000,36,Medium,Highly Variable Income
Self-employed person,19188.0,25088,29564,6343,30.28,0.0,130.7,33.1,1.5,Emergency Fund,50000,24,High,Financial Risk
Daily wage worker,20889.0,12669,117286,7598,36.01,3.0,60.6,36.4,11.3,Business Expansion,250000,18,Medium,Highly Variable Income
Online seller,72054.0,24662,79690,26121,41.86,29.5,34.2,36.3,4.2,Child Education,30000,6,Medium,Highly Variable Income
Freelancer,35916.0,26428,97103,8560,64.89,2.6,73.6,23.8,5.3,Working Capital Buffer,250000,36,Medium,Highly Variable Income
Consultant,103065.0,30495,178610,8674,7.34,62.0,29.6,8.4,7.2,Retirement Reserve,250000,24,Low,Stable Income
Self-employed person,36123.0,26252,106629,14190,32.72,0.0,72.7,39.3,5.9,Child Education,50000,36,High,Financial Risk
Online seller,38632.0,42534,213526,0,53.04,0.0,110.1,0.0,7.6,Child Education,500000,18,High,Financial Risk
Shop owner,16429.0,24304,57570,0,22.32,0.0,147.9,0.0,3.6,Emergency Fund,100000,12,High,Financial Risk
Commission-based worker,51611.0,23704,41169,4674,21.62,45.0,45.9,9.1,2.4,Working Capital Buffer,100000,24,Low,Stable Income
Commission-based worker,23164.0,17746,9105,0,75.9,23.4,76.6,0.0,0.8,Emergency Fund,30000,36,High,Financial Risk
Small business owner,31958.0,24282,13582,0,44.36,24.0,76.0,0.0,0.8,Retirement Reserve,75000,6,High,Financial Risk
Shop owner,50032.0,21007,37824,18535,19.95,21.0,42.0,37.0,2.4,Home Downpayment,500000,12,Low,Stable Income
Online seller,70847.0,42069,81066,0,30.68,40.6,59.4,0.0,2.9,Retirement Reserve,30000,18,Medium,Moderately Variable Income
Commission-based worker,63846.0,24799,183057,0,39.72,61.2,38.8,0.0,10.9,Working Capital Buffer,150000,6,Low,Moderately Variable Income
Self-employed person,22331.0,23723,49410,5277,44.13,0.0,106.2,23.6,2.4,Retirement Reserve,75000,6,High,Financial Risk
Self-employed person,40202.0,24103,12751,0,35.23,40.0,60.0,0.0,0.7,Debt Repayment,30000,18,High,Financial Risk
Gig worker,26875.0,16474,17232,9902,21.47,1.9,61.3,36.8,1.3,Home Downpayment,500000,12,Medium,Stable Income
Consultant,99301.0,34307,326787,20838,25.07,44.5,34.5,21.0,13.3,Emergency Fund,75000,24,Low,Moderately Variable Income
Small business owner,60490.0,25366,79360,5680,30.17,48.7,41.9,9.4,4.6,Emergency Fund,75000,6,Low,Moderately Variable Income
Online seller,64073.0,23649,47321,0,38.51,63.1,36.9,0.0,2.6,Emergency Fund,250000,36,High,Highly Variable Income
Seasonal business owner,47569.0,25554,101475,13837,67.5,17.2,53.7,29.1,5.2,Working Capital Buffer,150000,18,Medium,Highly Variable Income
Commission-based worker,60267.0,17856,60511,0,50.93,70.4,29.6,0.0,4.0,Debt Repayment,75000,6,Medium,Highly Variable Income
Commission-based worker,48374.0,17937,39219,0,65.28,62.9,37.1,0.0,2.9,Retirement Reserve,50000,12,High,Highly Variable Income
Commission-based worker,26609.0,16458,33821,7132,31.45,11.3,61.9,26.8,2.5,Business Expansion,150000,24,Medium,Moderately Variable Income
Shop owner,28898.0,18557,39903,8359,57.11,6.9,64.2,28.9,2.6,Child Education,50000,18,High,Highly Variable Income
Daily wage worker,18630.0,11912,25927,0,36.91,36.1,63.9,0.0,2.6,Business Expansion,30000,36,Medium,Moderately Variable Income
Self-employed person,49179.0,20109,21426,11150,27.41,36.4,40.9,22.7,1.4,Emergency Fund,250000,18,Medium,Moderately Variable Income
Commission-based worker,25140.0,18634,130686,0,65.18,25.9,74.1,0.0,10.6,Retirement Reserve,150000,18,Medium,Highly Variable Income
Daily wage worker,16019.0,11823,81606,5118,39.0,0.0,73.8,32.0,8.8,Retirement Reserve,30000,24,High,Financial Risk
Small business owner,72940.0,22066,84500,0,23.49,69.7,30.3,0.0,4.6,Business Expansion,250000,36,Low,Moderately Variable Income
Gig worker,14478.0,17658,61561,1809,41.29,0.0,122.0,12.5,4.2,Child Education,250000,12,High,Financial Risk
Small business owner,29065.0,22398,41471,5917,24.23,2.6,77.1,20.4,2.3,Business Expansion,150000,36,Medium,Moderately Variable Income
Shop owner,51656.0,16945,34941,0,26.4,67.2,32.8,0.0,2.8,Emergency Fund,100000,12,Medium,Moderately Variable Income
Freelancer,32085.0,23960,25284,0,49.38,25.3,74.7,0.0,1.6,Working Capital Buffer,500000,24,High,Highly Variable Income
Freelancer,54841.0,21460,39038,0,28.09,60.9,39.1,0.0,2.3,Debt Repayment,500000,6,Medium,Moderately Variable Income
Daily wage worker,17354.0,11494,37345,3470,51.87,13.8,66.2,20.0,3.9,Business Expansion,250000,18,Medium,Highly Variable Income
Consultant,75648.0,42657,355217,26028,16.24,9.2,56.4,34.4,11.9,Debt Repayment,50000,36,Low,Stable Income
Consultant,124781.0,34934,72779,22648,28.59,53.9,28.0,18.2,2.5,Home Downpayment,75000,6,Medium,Moderately Variable Income
Shop owner,45786.0,23392,24819,13889,36.87,18.6,51.1,30.3,1.6,Home Downpayment,250000,6,High,Highly Variable Income
Online seller,54044.0,34764,15844,6255,46.11,24.1,64.3,11.6,0.7,Emergency Fund,150000,24,High,Financial Risk
Self-employed person,40624.0,24725,10580,8808,33.04,17.5,60.9,21.7,0.6,Debt Repayment,50000,6,High,Financial Risk
Commission-based worker,21471.0,18563,33201,5642,53.47,0.0,86.5,26.3,2.3,Business Expansion,30000,36,High,Financial Risk
Small business owner,33835.0,30348,33899,9076,44.57,0.0,89.7,26.8,1.6,Working Capital Buffer,500000,18,High,Financial Risk
Commission-based worker,20971.0,17861,168443,1908,38.07,5.7,85.2,9.1,12.0,Emergency Fund,30000,24,Medium,Highly Variable Income
Consultant,87902.0,36241,242974,11069,24.2,46.2,41.2,12.6,8.7,Working Capital Buffer,30000,12,Low,Moderately Variable Income
Small business owner,35214.0,25033,246498,6921,52.04,9.3,71.1,19.7,12.1,Child Education,500000,36,Medium,Highly Variable Income
Commission-based worker,49578.0,16607,143968,0,35.45,66.5,33.5,0.0,10.2,Emergency Fund,500000,36,Low,Moderately Variable Income
Small business owner,21208.0,27487,12339,0,36.59,0.0,129.6,0.0,0.5,Emergency Fund,100000,36,High,Financial Risk
Commission-based worker,31601.0,19210,170770,0,34.1,39.2,60.8,0.0,11.3,Working Capital Buffer,500000,36,Low,Moderately Variable Income
Shop owner,22076.0,17030,33563,8523,32.11,0.0,77.1,38.6,2.4,Emergency Fund,100000,6,High,Financial Risk
Consultant,56768.0,39437,112545,21503,13.17,0.0,69.5,37.9,4.0,Home Downpayment,150000,36,High,Financial Risk
Freelancer,49386.0,21353,21019,0,29.79,56.8,43.2,0.0,1.2,Business Expansion,30000,12,Medium,Moderately Variable Income
Freelancer,40507.0,28441,25511,7190,29.02,12.0,70.2,17.8,1.3,Child Education,75000,6,Medium,Moderately Variable Income
Online seller,26758.0,23622,245880,0,26.35,11.7,88.3,0.0,13.1,Emergency Fund,30000,24,Low,Moderately Variable Income
Shop owner,23214.0,18333,7840,0,26.52,21.0,79.0,0.0,0.6,Business Expansion,250000,18,High,Financial Risk
Gig worker,47964.0,16128,154000,11633,42.08,42.1,33.6,24.3,12.2,Working Capital Buffer,100000,6,Low,Moderately Variable Income
Gig worker,19821.0,22214,22353,7223,46.19,0.0,112.1,36.4,1.5,Child Education,150000,18,High,Financial Risk
Consultant,69564.0,45614,134149,12466,30.44,16.5,65.6,17.9,4.6,Business Expansion,150000,36,Low,Moderately Variable Income
Consultant,87279.0,37227,37380,26338,23.99,27.2,42.7,30.2,1.2,Child Education,75000,24,Medium,Moderately Variable Income
Seasonal business owner,21988.0,27273,182554,4374,45.6,0.0,124.0,19.9,9.2,Business Expansion,30000,18,High,Financial Risk
Seasonal business owner,29617.0,31550,208809,0,64.85,0.0,106.5,0.0,9.2,Home Downpayment,50000,18,High,Financial Risk
Shop owner,28963.0,22695,231930,8564,61.2,0.0,78.4,29.6,14.5,Child Education,75000,6,High,Financial Risk
Self-employed person,44588.0,24563,83712,0,19.84,44.9,55.1,0.0,4.7,Working Capital Buffer,100000,18,Low,Stable Income
Commission-based worker,62780.0,16381,92052,0,25.16,73.9,26.1,0.0,7.8,Working Capital Buffer,30000,18,Low,Moderately Variable Income
Shop owner,36917.0,26399,13080,8586,45.32,5.2,71.5,23.3,0.7,Working Capital Buffer,500000,6,High,Financial Risk
Shop owner,32152.0,24181,93040,11788,24.81,0.0,75.2,36.7,5.9,Child Education,50000,18,High,Financial Risk
Shop owner,23048.0,14392,55278,7111,17.41,6.7,62.4,30.9,4.6,Emergency Fund,75000,6,Low,Stable Income
Seasonal business owner,47857.0,31617,32130,8574,63.76,16.0,66.1,17.9,1.6,Home Downpayment,250000,24,High,Highly Variable Income
Gig worker,15012.0,14545,55646,3659,42.97,0.0,96.9,24.4,4.8,Working Capital Buffer,30000,18,High,Financial Risk
Online seller,57289.0,24676,147535,11612,49.39,36.7,43.1,20.3,7.1,Child Education,500000,24,Medium,Highly Variable Income
Shop owner,29288.0,17744,126472,7359,39.25,14.3,60.6,25.1,8.5,Working Capital Buffer,500000,6,Medium,Highly Variable Income
Small business owner,34812.0,27557,93924,11058,37.75,0.0,79.2,31.8,5.1,Working Capital Buffer,100000,18,High,Financial Risk
Freelancer,41902.0,26081,23853,0,47.22,37.8,62.2,0.0,1.4,Working Capital Buffer,30000,12,High,Highly Variable Income
Freelancer,28501.0,19111,22746,0,50.57,32.9,67.1,0.0,1.8,Working Capital Buffer,30000,18,High,Highly Variable Income
Commission-based worker,28877.0,21083,147498,10011,34.84,0.0,73.0,34.7,10.3,Retirement Reserve,500000,24,High,Financial Risk
Gig worker,20347.0,19357,164586,2280,27.06,0.0,95.1,11.2,11.0,Emergency Fund,75000,12,High,Financial Risk
Consultant,75029.0,39045,193807,0,28.7,48.0,52.0,0.0,6.5,Child Education,75000,36,Low,Moderately Variable Income
Daily wage worker,19951.0,11411,100379,7554,38.86,4.9,57.2,37.9,12.0,Debt Repayment,100000,18,Low,Moderately Variable Income
Shop owner,51296.0,22520,23490,0,6.62,56.1,43.9,0.0,1.4,Retirement Reserve,250000,24,Medium,Stable Income
Daily wage worker,14153.0,11660,40750,0,57.74,17.6,82.4,0.0,5.0,Emergency Fund,75000,24,Medium,Highly Variable Income
Self-employed person,23949.0,16279,58603,2463,22.56,21.7,68.0,10.3,4.3,Debt Repayment,250000,6,Low,Moderately Variable Income
Commission-based worker,44343.0,17765,20962,5801,39.45,46.9,40.1,13.1,1.8,Business Expansion,30000,24,High,Highly Variable Income
Commission-based worker,24202.0,22393,8989,0,52.67,7.5,92.5,0.0,0.5,Working Capital Buffer,50000,24,High,Financial Risk
Freelancer,40441.0,24549,144936,4587,92.9,28.0,60.7,11.3,7.3,Home Downpayment,100000,24,Medium,Highly Variable Income
Gig worker,39488.0,18692,57659,6616,21.54,35.9,47.3,16.8,4.6,Emergency Fund,500000,36,Low,Stable Income
Daily wage worker,14093.0,9716,67677,0,62.14,31.1,68.9,0.0,8.7,Retirement Reserve,250000,36,Medium,Highly Variable Income
Self-employed person,60322.0,24069,12986,0,31.84,60.1,39.9,0.0,0.6,Emergency Fund,100000,6,High,Financial Risk
Seasonal business owner,92313.0,37680,82635,17673,53.29,40.0,40.8,19.1,3.2,Debt Repayment,30000,24,Medium,Highly Variable Income
Self-employed person,36496.0,21233,118254,10026,43.14,14.4,58.2,27.5,6.6,Retirement Reserve,75000,12,Low,Moderately Variable Income
Consultant,39439.0,32725,17927,9675,54.88,0.0,83.0,24.5,0.7,Child Education,500000,6,High,Financial Risk
Freelancer,54066.0,23256,46950,12911,43.43,33.1,43.0,23.9,2.5,Emergency Fund,150000,6,High,Highly Variable Income
Daily wage worker,12200.0,15985,8725,3967,17.68,0.0,131.0,32.5,0.7,Retirement Reserve,75000,12,High,Financial Risk
Commission-based worker,28489.0,21448,12675,11296,48.36,0.0,75.3,39.7,0.9,Working Capital Buffer,500000,36,High,Financial Risk
Gig worker,15196.0,20627,60478,5114,7.42,0.0,135.7,33.7,4.1,Emergency Fund,30000,18,High,Financial Risk
Commission-based worker,34268.0,18098,17428,10373,48.42,16.9,52.8,30.3,1.2,Working Capital Buffer,50000,24,High,Highly Variable Income
Seasonal business owner,81357.0,20043,209184,23520,44.21,46.5,24.6,28.9,13.0,Child Education,30000,36,Medium,Highly Variable Income
Small business owner,29357.0,24489,11007,0,17.95,16.6,83.4,0.0,0.5,Emergency Fund,250000,6,High,Financial Risk
Consultant,67539.0,32344,56444,14006,21.76,31.4,47.9,20.7,2.1,Emergency Fund,75000,24,Low,Stable Income
Seasonal business owner,91062.0,34872,41064,0,46.07,61.7,38.3,0.0,1.8,Emergency Fund,50000,24,High,Highly Variable Income
Shop owner,30325.0,20298,36162,10941,37.0,0.0,66.9,36.1,2.6,Debt Repayment,50000,36,High,Financial Risk
Seasonal business owner,78799.0,24111,19401,19199,53.39,45.0,30.6,24.4,1.1,Retirement Reserve,30000,36,High,Highly Variable Income
Shop owner,23290.0,17768,10412,0,18.21,23.7,76.3,0.0,0.8,Home Downpayment,50000,24,High,Financial Risk
Self-employed person,49647.0,22458,12836,0,38.76,54.8,45.2,0.0,0.8,Retirement Reserve,30000,12,High,Financial Risk
Gig worker,15081.0,19840,10303,0,28.34,0.0,131.6,0.0,0.7,Retirement Reserve,150000,24,High,Financial Risk
Self-employed person,32330.0,27056,13230,0,35.58,16.3,83.7,0.0,0.7,Emergency Fund,250000,12,High,Financial Risk
Seasonal business owner,77302.0,19137,103328,0,103.94,75.2,24.8,0.0,6.4,Debt Repayment,50000,18,Medium,Highly Variable Income
Consultant,85582.0,37799,43382,19710,22.66,32.8,44.2,23.0,1.4,Debt Repayment,150000,12,Medium,Moderately Variable Income
Online seller,83092.0,25063,182988,8120,35.25,60.1,30.2,9.8,9.4,Retirement Reserve,30000,24,Medium,Highly Variable Income
Freelancer,51491.0,22805,22456,0,43.19,55.7,44.3,0.0,1.4,Retirement Reserve,30000,36,High,Highly Variable Income
Online seller,50981.0,42138,83352,10761,44.27,0.0,82.7,21.1,3.0,Retirement Reserve,50000,18,High,Financial Risk
Online seller,37816.0,26637,13004,4048,64.77,18.9,70.4,10.7,0.7,Working Capital Buffer,500000,24,High,Financial Risk
Seasonal business owner,50783.0,32233,208805,16840,72.03,3.4,63.5,33.2,9.5,Child Education,500000,36,Medium,Highly Variable Income
Daily wage worker,22233.0,9700,39910,0,24.89,56.4,43.6,0.0,5.4,Emergency Fund,100000,24,Low,Moderately Variable Income
Commission-based worker,51861.0,20922,121589,19374,51.7,22.3,40.3,37.4,9.0,Working Capital Buffer,30000,18,Medium,Highly Variable Income
Self-employed person,26398.0,28055,253311,0,15.39,0.0,106.3,0.0,13.5,Child Education,75000,6,High,Financial Risk
Seasonal business owner,39472.0,26159,22213,9790,52.2,8.9,66.3,24.8,1.2,Business Expansion,75000,6,High,Highly Variable Income
Self-employed person,31330.0,30275,53494,12096,39.94,0.0,96.6,38.6,2.6,Retirement Reserve,500000,18,High,Financial Risk
Seasonal business owner,31385.0,29702,278794,0,61.58,5.4,94.6,0.0,13.5,Business Expansion,100000,12,Medium,Highly Variable Income
Freelancer,32509.0,26414,28479,4965,28.89,3.5,81.3,15.3,1.4,Child Education,100000,18,Medium,Moderately Variable Income
Daily wage worker,11039.0,11444,19966,3377,32.8,0.0,103.7,30.6,2.4,Working Capital Buffer,150000,18,High,Financial Risk
Self-employed person,22644.0,20140,12066,3037,14.42,0.0,88.9,13.4,0.8,Debt Repayment,75000,18,High,Financial Risk
Commission-based worker,28085.0,25038,44074,2405,44.38,2.3,89.2,8.6,2.5,Home Downpayment,500000,6,High,Highly Variable Income
Daily wage worker,16315.0,10875,5568,6083,64.47,0.0,66.7,37.3,0.7,Retirement Reserve,50000,18,High,Financial Risk
Daily wage worker,18672.0,15108,12281,2901,37.96,3.5,80.9,15.5,1.2,Child Education,150000,12,Medium,Moderately Variable Income
Online seller,54693.0,31327,206828,8487,24.3,27.2,57.3,15.5,7.9,Retirement Reserve,75000,36,Low,Moderately Variable Income
Freelancer,60208.0,24331,137809,0,26.42,59.6,40.4,0.0,7.4,Emergency Fund,150000,18,Low,Moderately Variable Income
Commission-based worker,28770.0,14084,33122,0,21.16,51.0,49.0,0.0,2.7,Home Downpayment,250000,12,Low,Stable Income
Gig worker,24216.0,17664,69697,3841,49.59,11.2,72.9,15.9,5.6,Home Downpayment,100000,24,Medium,Highly Variable Income
Shop owner,45529.0,21617,10053,7278,12.5,36.5,47.5,16.0,0.6,Child Education,500000,18,High,Financial Risk
Shop owner,28517.0,16206,15500,10870,23.26,5.1,56.8,38.1,1.2,Business Expansion,100000,6,Medium,Moderately Variable Income
Seasonal business owner,77650.0,30223,154801,29327,54.35,23.3,38.9,37.8,6.7,Business Expansion,50000,36,Medium,Highly Variable Income
Commission-based worker,38222.0,27488,51924,0,60.07,28.1,71.9,0.0,2.9,Home Downpayment,250000,24,High,Highly Variable Income
Self-employed person,35370.0,23117,20648,6160,22.75,17.2,65.4,17.4,1.1,Emergency Fund,75000,24,Medium,Moderately Variable Income
Gig worker,26287.0,22425,11850,3982,29.46,0.0,85.3,15.1,0.8,Working Capital Buffer,150000,18,High,Financial Risk
Self-employed person,21772.0,22364,11922,2695,24.47,0.0,102.7,12.4,0.7,Working Capital Buffer,250000,24,High,Financial Risk
Shop owner,34935.0,26903,246097,5914,25.31,6.1,77.0,16.9,13.1,Emergency Fund,100000,12,Low,Moderately Variable Income
Gig worker,17070.0,19646,134739,4341,52.07,0.0,115.1,25.4,10.0,Debt Repayment,250000,24,High,Financial Risk
Seasonal business owner,25017.0,20850,42994,0,73.88,16.7,83.3,0.0,2.4,Working Capital Buffer,30000,6,High,Highly Variable Income
Seasonal business owner,35417.0,29249,251358,3440,37.53,7.7,82.6,9.7,13.2,Working Capital Buffer,150000,12,Low,Moderately Variable Income
Commission-based worker,36491.0,27120,180014,3911,58.34,15.0,74.3,10.7,10.0,Emergency Fund,75000,24,Medium,Highly Variable Income
Online seller,53603.0,26809,15719,0,36.25,50.0,50.0,0.0,0.9,Child Education,150000,24,High,Financial Risk
Seasonal business owner,43052.0,34875,69228,12054,62.52,0.0,81.0,28.0,2.8,Debt Repayment,250000,24,High,Financial Risk
Commission-based worker,19838.0,18112,154468,5819,76.27,0.0,91.3,29.3,12.3,Debt Repayment,100000,6,High,Financial Risk
Daily wage worker,22284.0,10191,4249,5281,15.69,30.6,45.7,23.7,0.5,Business Expansion,50000,36,High,Financial Risk
Online seller,39011.0,30165,318278,7693,33.67,3.0,77.3,19.7,14.7,Business Expansion,250000,6,Medium,Highly Variable Income
Daily wage worker,11310.0,9487,4186,2208,40.04,0.0,83.9,19.5,0.6,Working Capital Buffer,30000,36,High,Financial Risk
Consultant,124890.0,48829,103547,41290,24.75,27.8,39.1,33.1,3.2,Business Expansion,150000,24,Low,Moderately Variable Income
Small business owner,44959.0,24646,72090,13659,42.02,14.8,54.8,30.4,4.4,Debt Repayment,150000,6,Low,Moderately Variable Income
Commission-based worker,37692.0,20592,183609,14565,22.15,6.7,54.6,38.6,13.1,Emergency Fund,100000,24,Low,Moderately Variable Income
Shop owner,45987.0,20910,17425,9052,32.56,34.8,45.5,19.7,1.0,Business Expansion,150000,36,Medium,Moderately Variable Income
Online seller,85168.0,28251,50728,24813,26.68,37.7,33.2,29.1,2.3,Debt Repayment,500000,24,Medium,Moderately Variable Income
Self-employed person,37952.0,24893,13024,0,13.1,34.4,65.6,0.0,0.7,Emergency Fund,150000,6,High,Financial Risk
Self-employed person,32424.0,23019,69447,9916,25.39,0.0,71.0,30.6,4.5,Retirement Reserve,250000,24,High,Financial Risk
Gig worker,21966.0,13753,5740,2548,4.57,25.8,62.6,11.6,0.6,Child Education,500000,12,High,Financial Risk
Freelancer,38957.0,25685,103858,0,53.3,34.1,65.9,0.0,5.0,Working Capital Buffer,150000,18,Medium,Highly Variable Income
Seasonal business owner,103712.0,26275,254932,31832,39.2,44.0,25.3,30.7,11.2,Child Education,250000,6,Low,Moderately Variable Income
Gig worker,20584.0,12996,72590,4563,40.09,14.7,63.1,22.2,6.9,Home Downpayment,150000,24,Medium,Highly Variable Income
Online seller,70845.0,30742,125219,8477,12.63,44.6,43.4,12.0,6.0,Retirement Reserve,500000,24,Low,Stable Income
Commission-based worker,42852.0,20724,61123,0,57.92,51.6,48.4,0.0,4.1,Emergency Fund,50000,18,Medium,Highly Variable Income
Commission-based worker,22942.0,19078,44526,0,63.17,16.8,83.2,0.0,2.8,Working Capital Buffer,250000,24,High,Highly Variable Income
Small business owner,27888.0,28076,12627,0,46.3,0.0,100.7,0.0,0.7,Debt Repayment,50000,24,High,Financial Risk
Consultant,49715.0,39514,21286,8443,17.81,3.5,79.5,17.0,0.7,Working Capital Buffer,100000,6,High,Financial Risk
Commission-based worker,22862.0,22674,11134,0,57.65,0.8,99.2,0.0,0.7,Debt Repayment,30000,6,High,Financial Risk
Commission-based worker,40903.0,17354,9271,0,48.51,57.6,42.4,0.0,0.6,Child Education,250000,18,High,Financial Risk
Online seller,73337.0,24805,10847,14187,42.05,46.8,33.8,19.3,0.6,Debt Repayment,150000,18,High,Financial Risk
Small business owner,58447.0,23438,9747,14744,27.93,34.7,40.1,25.2,0.6,Home Downpayment,50000,24,High,Financial Risk
Consultant,52288.0,44458,356118,8142,19.53,0.0,85.0,15.6,12.4,Debt Repayment,500000,24,High,Financial Risk
Gig worker,22166.0,16251,37603,0,35.01,26.7,73.3,0.0,2.9,Home Downpayment,500000,24,Medium,Moderately Variable Income
Online seller,85546.0,27090,277075,33482,24.42,29.2,31.7,39.1,13.0,Retirement Reserve,100000,24,Low,Moderately Variable Income
Self-employed person,56236.0,24172,99348,18246,13.69,24.6,43.0,32.4,5.3,Debt Repayment,500000,12,Low,Stable Income
Online seller,51514.0,34534,63587,15099,65.99,3.7,67.0,29.3,2.8,Business Expansion,30000,36,High,Highly Variable Income
Self-employed person,23562.0,16667,36455,0,29.55,29.3,70.7,0.0,2.5,Debt Repayment,100000,24,Medium,Moderately Variable Income
Commission-based worker,21967.0,24117,23530,5609,67.7,0.0,109.8,25.5,1.3,Working Capital Buffer,75000,24,High,Financial Risk
Small business owner,31383.0,25229,157016,0,49.0,19.6,80.4,0.0,9.2,Debt Repayment,100000,24,Medium,Highly Variable Income
Gig worker,26490.0,18537,41747,0,38.72,30.0,70.0,0.0,3.4,Debt Repayment,75000,24,Low,Moderately Variable Income
Gig worker,21557.0,17057,7846,5179,51.25,0.0,79.1,24.0,0.6,Child Education,100000,6,High,Financial Risk
Consultant,57452.0,32515,76747,0,13.97,43.4,56.6,0.0,3.4,Retirement Reserve,250000,6,Low,Stable Income
Small business owner,55884.0,25116,172302,0,14.97,55.1,44.9,0.0,9.0,Business Expansion,100000,24,Low,Stable Income
Small business owner,43756.0,26363,105660,0,28.96,39.8,60.2,0.0,5.6,Emergency Fund,30000,6,Low,Moderately Variable Income
Freelancer,77630.0,25711,23945,0,22.04,66.9,33.1,0.0,1.3,Retirement Reserve,500000,6,Medium,Moderately Variable Income
Commission-based worker,34458.0,16804,7615,12398,14.62,15.3,48.8,36.0,0.6,Child Education,100000,6,High,Financial Risk
Seasonal business owner,140743.0,28801,84661,21385,33.08,64.3,20.5,15.2,3.7,Working Capital Buffer,100000,12,Medium,Highly Variable Income
Gig worker,16285.0,15067,42725,0,42.07,7.5,92.5,0.0,4.2,Business Expansion,250000,12,Medium,Highly Variable Income
Gig worker,13838.0,15058,16179,0,11.17,0.0,108.8,0.0,1.3,Emergency Fund,150000,18,High,Financial Risk
Freelancer,32858.0,25325,57029,12505,19.33,0.0,77.1,38.1,3.0,Working Capital Buffer,500000,36,High,Financial Risk
Commission-based worker,41806.0,17140,142118,3810,23.0,49.9,41.0,9.1,12.3,Emergency Fund,50000,6,Low,Moderately Variable Income
Small business owner,43456.0,17551,140836,6784,17.93,44.0,40.4,15.6,9.4,Debt Repayment,250000,6,Low,Stable Income
Online seller,65596.0,32400,251086,6393,29.87,40.9,49.4,9.7,9.2,Retirement Reserve,150000,24,Low,Moderately Variable Income
Commission-based worker,76275.0,19486,67277,12460,20.35,58.1,25.5,16.3,4.1,Working Capital Buffer,250000,24,Low,Stable Income
Gig worker,17466.0,14095,98211,6704,19.74,0.0,80.7,38.4,9.0,Retirement Reserve,500000,18,High,Financial Risk
Online seller,104122.0,33127,129702,37655,38.91,32.0,31.8,36.2,5.6,Working Capital Buffer,250000,24,Low,Moderately Variable Income
Gig worker,16320.0,20364,41787,3840,47.98,0.0,124.8,23.5,2.7,Debt Repayment,50000,18,High,Financial Risk
Seasonal business owner,125957.0,29268,155678,46349,69.75,40.0,23.2,36.8,7.3,Home Downpayment,250000,12,Medium,Highly Variable Income
Daily wage worker,9467.0,11379,11823,948,19.56,0.0,120.2,10.0,1.2,Home Downpayment,250000,18,High,Financial Risk
Seasonal business owner,71471.0,31947,14350,0,56.66,55.3,44.7,0.0,0.6,Emergency Fund,100000,24,High,Financial Risk
Gig worker,21619.0,17655,29570,3590,24.87,1.7,81.7,16.6,2.1,Child Education,50000,12,Medium,Moderately Variable Income
Gig worker,26294.0,15010,14022,7163,30.34,15.7,57.1,27.2,1.2,Debt Repayment,100000,12,Medium,Moderately Variable Income
Shop owner,22260.0,21965,164404,0,19.83,1.3,98.7,0.0,9.4,Retirement Reserve,250000,6,Low,Stable Income
Consultant,58571.0,30785,35844,0,40.37,47.4,52.6,0.0,1.3,Child Education,100000,6,Medium,Moderately Variable Income
Freelancer,32798.0,20929,25024,8888,57.71,9.1,63.8,27.1,1.5,Retirement Reserve,500000,12,High,Highly Variable Income
Freelancer,62800.0,20438,204624,15825,67.59,42.3,32.5,25.2,13.3,Emergency Fund,500000,6,Medium,Highly Variable Income
Small business owner,77068.0,19804,9612,11041,38.9,60.0,25.7,14.3,0.7,Retirement Reserve,150000,18,High,Financial Risk
Daily wage worker,8990.0,15109,17628,0,19.67,0.0,168.1,0.0,1.7,Retirement Reserve,500000,12,High,Financial Risk
Daily wage worker,7052.0,15538,55803,2304,55.17,0.0,220.3,32.7,5.0,Home Downpayment,75000,36,High,Financial Risk
Seasonal business owner,70351.0,27872,13126,27736,64.96,21.0,39.6,39.4,0.6,Child Education,75000,6,High,Financial Risk
Online seller,76048.0,27772,16039,0,31.66,63.5,36.5,0.0,0.8,Emergency Fund,150000,12,High,Financial Risk
Seasonal business owner,146874.0,20888,20802,32157,24.82,63.9,14.2,21.9,1.3,Emergency Fund,100000,6,Medium,Moderately Variable Income
Self-employed person,30019.0,24380,46376,3636,19.2,6.7,81.2,12.1,2.6,Home Downpayment,50000,6,Low,Stable Income
Daily wage worker,8728.0,12937,47299,1361,53.08,0.0,148.2,15.6,5.2,Working Capital Buffer,250000,36,High,Financial Risk
Freelancer,50930.0,20870,158708,0,36.96,59.0,41.0,0.0,10.4,Working Capital Buffer,250000,36,Low,Moderately Variable Income
Commission-based worker,43650.0,20372,178238,12666,64.43,24.3,46.7,29.0,10.8,Retirement Reserve,150000,24,Medium,Highly Variable Income
Consultant,104488.0,28516,181069,19421,19.76,54.1,27.3,18.6,7.5,Working Capital Buffer,50000,6,Low,Stable Income
Self-employed person,29793.0,23434,251673,9754,57.52,0.0,78.7,32.7,14.9,Debt Repayment,150000,6,High,Financial Risk
Commission-based worker,55100.0,18125,10262,16401,8.05,37.3,32.9,29.8,0.8,Emergency Fund,30000,18,High,Financial Risk
Commission-based worker,21597.0,24736,100563,4989,89.59,0.0,114.5,23.1,6.0,Emergency Fund,30000,36,High,Financial Risk
Consultant,99868.0,28765,12812,30803,26.42,40.4,28.8,30.8,0.5,Child Education,75000,18,High,Financial Risk
Small business owner,31636.0,22416,169098,0,34.93,29.1,70.9,0.0,10.3,Home Downpayment,250000,6,Medium,Highly Variable Income
Self-employed person,50473.0,19465,77511,0,30.76,61.4,38.6,0.0,5.6,Emergency Fund,50000,6,Low,Moderately Variable Income
Self-employed person,35034.0,21629,11935,3956,41.72,27.0,61.7,11.3,0.7,Business Expansion,500000,12,High,Financial Risk
Consultant,79075.0,30956,186311,0,35.2,60.9,39.1,0.0,8.4,Emergency Fund,500000,12,Low,Moderately Variable Income
Seasonal business owner,31180.0,24104,51221,9115,31.19,0.0,77.3,29.2,3.1,Business Expansion,100000,24,High,Financial Risk
Consultant,69927.0,24241,40117,17679,22.42,40.1,34.7,25.3,1.9,Emergency Fund,50000,24,Medium,Moderately Variable Income
Online seller,65328.0,26041,61589,6037,18.91,50.9,39.9,9.2,3.3,Business Expansion,50000,36,Low,Stable Income
Self-employed person,42839.0,26237,92614,17079,46.09,0.0,61.2,39.9,5.5,Working Capital Buffer,100000,18,High,Financial Risk
Freelancer,26793.0,17854,74701,8793,42.66,0.5,66.6,32.8,5.1,Business Expansion,500000,24,Medium,Highly Variable Income
Seasonal business owner,77557.0,28150,244098,30463,52.15,24.4,36.3,39.3,13.2,Working Capital Buffer,100000,36,Medium,Highly Variable Income
Shop owner,30472.0,16514,170126,2631,16.96,37.2,54.2,8.6,13.4,Home Downpayment,30000,36,Low,Stable Income
Daily wage worker,19931.0,13121,126584,0,48.18,34.2,65.8,0.0,12.9,Home Downpayment,250000,36,Medium,Highly Variable Income
Shop owner,16646.0,20788,9203,6350,27.08,0.0,124.9,38.1,0.5,Debt Repayment,50000,36,High,Financial Risk
Online seller,30522.0,28140,213010,4618,28.37,0.0,92.2,15.1,9.2,Business Expansion,500000,24,High,Financial Risk
Gig worker,25488.0,19259,41606,0,24.43,24.4,75.6,0.0,3.1,Retirement Reserve,150000,6,Low,Moderately Variable Income
Freelancer,65226.0,24310,13468,21420,20.02,29.9,37.3,32.8,0.7,Emergency Fund,500000,18,High,Financial Risk
Gig worker,24905.0,11789,79135,6483,30.4,26.6,47.3,26.0,7.9,Business Expansion,500000,18,Low,Moderately Variable Income
Gig worker,33819.0,13970,85440,13108,33.0,19.9,41.3,38.8,8.8,Working Capital Buffer,50000,24,Medium,Highly Variable Income
Online seller,30320.0,34310,97539,0,43.89,0.0,113.2,0.0,3.8,Business Expansion,150000,24,High,Financial Risk
Self-employed person,26271.0,27478,112280,3153,26.18,0.0,104.6,12.0,5.8,Emergency Fund,100000,12,High,Financial Risk
Seasonal business owner,35717.0,30344,309932,0,63.65,15.0,85.0,0.0,15.7,Emergency Fund,30000,18,Medium,Highly Variable Income
Daily wage worker,13508.0,8862,89467,0,46.23,34.4,65.6,0.0,12.1,Emergency Fund,500000,18,Medium,Highly Variable Income
Consultant,86793.0,35788,114131,31618,18.5,22.3,41.2,36.4,3.8,Debt Repayment,150000,12,Low,Stable Income
Freelancer,33002.0,18657,78091,0,46.71,43.5,56.5,0.0,5.0,Debt Repayment,250000,12,Medium,Highly Variable Income
Self-employed person,29846.0,24373,91753,7385,11.53,0.0,81.7,24.7,5.7,Debt Repayment,75000,12,High,Financial Risk
Commission-based worker,27988.0,24224,78784,4466,38.13,0.0,86.6,16.0,4.8,Retirement Reserve,150000,18,High,Financial Risk
Freelancer,52377.0,23338,20316,0,28.22,55.4,44.6,0.0,1.1,Debt Repayment,50000,12,Medium,Moderately Variable Income
Gig worker,15166.0,14634,77585,5711,22.68,0.0,96.5,37.7,6.2,Retirement Reserve,100000,36,High,Financial Risk
Online seller,54278.0,38690,236448,19708,48.81,0.0,71.3,36.3,8.5,Home Downpayment,500000,12,High,Financial Risk
Daily wage worker,14412.0,10347,4245,4599,53.39,0.0,71.8,31.9,0.5,Business Expansion,50000,36,High,Financial Risk
Commission-based worker,69100.0,20927,66751,0,30.98,69.7,30.3,0.0,3.7,Retirement Reserve,150000,18,Low,Moderately Variable Income
Shop owner,21394.0,19498,162212,4310,49.38,0.0,91.1,20.1,10.3,Business Expansion,50000,6,High,Financial Risk
Commission-based worker,47087.0,19281,162723,0,79.19,59.1,40.9,0.0,12.1,Child Education,500000,36,Medium,Highly Variable Income
Commission-based worker,38879.0,19072,74958,0,27.34,50.9,49.1,0.0,5.2,Retirement Reserve,500000,6,Low,Moderately Variable Income
Consultant,68937.0,33714,73207,25468,51.16,14.2,48.9,36.9,2.8,Working Capital Buffer,100000,12,High,Highly Variable Income
Online seller,53874.0,31212,167800,0,12.49,42.1,57.9,0.0,6.7,Debt Repayment,30000,36,Low,Stable Income
Freelancer,26725.0,24219,82968,0,54.51,9.4,90.6,0.0,5.2,Business Expansion,30000,18,Medium,Highly Variable Income
Freelancer,53941.0,31429,109546,20672,68.44,3.4,58.3,38.3,5.4,Emergency Fund,250000,36,Medium,Highly Variable Income
Daily wage worker,12308.0,11450,26924,2785,53.62,0.0,93.0,22.6,3.2,Child Education,150000,12,High,Financial Risk
Freelancer,54035.0,24797,144474,17917,90.3,21.0,45.9,33.2,7.2,Working Capital Buffer,75000,18,Medium,Highly Variable Income
Gig worker,18659.0,16623,18049,0,69.05,10.9,89.1,0.0,1.3,Working Capital Buffer,100000,18,High,Highly Variable Income
Consultant,119511.0,31775,32103,47121,16.42,34.0,26.6,39.4,1.3,Emergency Fund,250000,6,Medium,Stable Income
Online seller,37567.0,31465,189274,0,61.62,16.2,83.8,0.0,7.5,Child Education,250000,12,Medium,Highly Variable Income
Daily wage worker,10055.0,15658,64136,0,52.81,0.0,155.7,0.0,5.6,Emergency Fund,50000,24,High,Financial Risk
Online seller,41415.0,32203,237208,6940,41.43,5.5,77.8,16.8,11.1,Working Capital Buffer,500000,18,Low,Moderately Variable Income
Online seller,83943.0,27892,14812,18910,39.5,44.2,33.2,22.5,0.6,Retirement Reserve,75000,18,High,Financial Risk
Commission-based worker,34462.0,27373,50457,0,39.22,20.6,79.4,0.0,2.8,Working Capital Buffer,50000,6,Medium,Moderately Variable Income
Consultant,88130.0,27918,31072,19429,27.03,46.3,31.7,22.0,1.4,Home Downpayment,50000,6,Medium,Moderately Variable Income
Daily wage worker,11706.0,14979,15811,4622,23.12,0.0,128.0,39.5,1.5,Retirement Reserve,50000,12,High,Financial Risk
Freelancer,46183.0,20698,107210,11505,36.7,30.3,44.8,24.9,6.1,Emergency Fund,250000,12,Low,Moderately Variable Income
Gig worker,33180.0,16841,8052,11771,33.02,13.8,50.8,35.5,0.6,Working Capital Buffer,50000,12,High,Financial Risk
Freelancer,40138.0,25532,13734,10759,48.48,9.6,63.6,26.8,0.7,Retirement Reserve,30000,24,High,Financial Risk
Self-employed person,62162.0,23124,43737,20994,10.39,29.0,37.2,33.8,2.7,Debt Repayment,500000,18,Low,Stable Income
Online seller,62029.0,21791,25600,0,44.16,64.9,35.1,0.0,1.4,Working Capital Buffer,500000,12,High,Highly Variable Income
Self-employed person,37304.0,23672,126762,0,55.03,36.5,63.5,0.0,7.4,Business Expansion,500000,6,Medium,Highly Variable Income
Seasonal business owner,128555.0,25681,84518,45714,74.71,44.5,20.0,35.6,4.3,Retirement Reserve,500000,6,Medium,Highly Variable Income
Self-employed person,55015.0,24449,138442,0,34.01,55.6,44.4,0.0,7.0,Child Education,500000,18,Low,Moderately Variable Income
Shop owner,34244.0,15476,86675,0,25.91,54.8,45.2,0.0,6.6,Home Downpayment,30000,6,Low,Moderately Variable Income
Small business owner,31339.0,25101,256227,9078,50.34,0.0,80.1,29.0,12.9,Emergency Fund,250000,24,High,Financial Risk
Self-employed person,39208.0,23559,12414,3845,19.92,30.1,60.1,9.8,0.7,Retirement Reserve,500000,24,High,Financial Risk
Consultant,65500.0,25402,182145,11508,11.96,43.6,38.8,17.6,8.6,Working Capital Buffer,250000,12,Low,Stable Income
Online seller,52544.0,30708,253558,0,33.52,41.6,58.4,0.0,9.7,Retirement Reserve,500000,36,Low,Moderately Variable Income
Seasonal business owner,45588.0,30995,13716,0,132.08,32.0,68.0,0.0,0.6,Working Capital Buffer,100000,36,High,Financial Risk
Shop owner,25716.0,23141,176537,0,13.52,10.0,90.0,0.0,10.8,Home Downpayment,30000,36,Low,Stable Income
Gig worker,17238.0,18112,65725,0,16.19,0.0,105.1,0.0,4.2,Emergency Fund,100000,36,High,Financial Risk
Gig worker,19045.0,18474,16657,0,68.54,3.0,97.0,0.0,1.2,Debt Repayment,30000,24,High,Highly Variable Income
Online seller,79863.0,41444,37350,31200,44.9,9.0,51.9,39.1,1.3,Debt Repayment,50000,12,High,Highly Variable Income
Consultant,63338.0,45729,317327,14313,31.62,5.2,72.2,22.6,10.1,Business Expansion,500000,12,Low,Moderately Variable Income
Seasonal business owner,46449.0,22232,52722,13720,50.76,22.6,47.9,29.5,3.1,Debt Repayment,50000,6,Medium,Highly Variable Income
Self-employed person,48868.0,31066,27212,0,28.87,36.4,63.6,0.0,1.3,Home Downpayment,75000,12,Medium,Moderately Variable Income
Commission-based worker,50285.0,15262,162844,0,50.3,69.6,30.4,0.0,13.5,Child Education,250000,36,Medium,Highly Variable Income
Commission-based worker,14378.0,22332,36661,2686,41.59,0.0,155.3,18.7,2.2,Debt Repayment,50000,24,High,Financial Risk
Daily wage worker,21315.0,13339,6988,4601,45.98,15.8,62.6,21.6,0.7,Business Expansion,75000,24,High,Financial Risk
Small business owner,53217.0,25922,11135,8180,25.79,35.9,48.7,15.4,0.5,Working Capital Buffer,500000,18,High,Financial Risk
Daily wage worker,13924.0,11705,10438,0,29.07,15.9,84.1,0.0,1.3,Home Downpayment,250000,6,Medium,Moderately Variable Income
Gig worker,23010.0,16282,51805,3772,32.99,12.8,70.8,16.4,3.8,Home Downpayment,250000,24,Low,Moderately Variable Income
Self-employed person,25440.0,20080,164907,5876,63.48,0.0,78.9,23.1,11.0,Emergency Fund,250000,24,High,Financial Risk
Online seller,68603.0,22680,138262,17499,49.82,41.4,33.1,25.5,7.1,Retirement Reserve,50000,24,Medium,Highly Variable Income
Freelancer,66170.0,21086,73274,21145,30.77,36.2,31.9,32.0,4.5,Emergency Fund,100000,36,Low,Moderately Variable Income
Freelancer,43727.0,20744,18664,14325,49.78,19.8,47.4,32.8,1.1,Home Downpayment,100000,24,High,Highly Variable Income
Daily wage worker,15257.0,12136,14515,2727,26.46,2.6,79.5,17.9,1.6,Child Education,75000,18,Medium,Moderately Variable Income
Self-employed person,26364.0,23033,233237,10448,31.41,0.0,87.4,39.6,11.7,Business Expansion,30000,24,High,Financial Risk
Online seller,21919.0,30817,36435,0,47.93,0.0,140.6,0.0,1.8,Debt Repayment,500000,6,High,Financial Risk
Small business owner,26402.0,26813,233599,2531,26.68,0.0,101.6,9.6,11.9,Working Capital Buffer,30000,36,High,Financial Risk
Self-employed person,39186.0,17741,29891,0,42.48,54.7,45.3,0.0,2.2,Home Downpayment,50000,24,High,Highly Variable Income
Daily wage worker,8418.0,11112,23439,3140,21.72,0.0,132.0,37.3,2.5,Emergency Fund,250000,18,High,Financial Risk
Gig worker,21501.0,16122,33263,4459,30.08,4.3,75.0,20.7,2.4,Retirement Reserve,250000,6,Medium,Moderately Variable Income
Online seller,60179.0,36963,117846,8610,45.47,24.3,61.4,14.3,4.3,Emergency Fund,100000,12,Medium,Highly Variable Income
Consultant,60424.0,37135,146498,0,42.65,38.5,61.5,0.0,5.1,Home Downpayment,30000,6,Low,Moderately Variable Income
Online seller,58990.0,39752,345081,0,35.03,32.6,67.4,0.0,12.4,Emergency Fund,500000,6,Medium,Highly Variable Income
Self-employed person,34331.0,28072,239335,7130,28.11,0.0,81.8,20.8,11.9,Child Education,50000,24,High,Financial Risk
Seasonal business owner,76120.0,24269,150583,19578,35.93,42.4,31.9,25.7,8.0,Business Expansion,100000,24,Medium,Highly Variable Income
Freelancer,71882.0,23476,80887,0,55.64,67.3,32.7,0.0,4.5,Child Education,50000,6,Medium,Highly Variable Income
Commission-based worker,20601.0,18730,7956,0,73.29,9.1,90.9,0.0,0.5,Retirement Reserve,500000,18,High,Financial Risk
Commission-based worker,33361.0,23771,26309,7568,52.75,6.1,71.3,22.7,1.5,Debt Repayment,75000,6,High,Highly Variable Income
Daily wage worker,15502.0,11954,14015,0,31.87,22.9,77.1,0.0,1.6,Working Capital Buffer,30000,24,Medium,Moderately Variable Income
Gig worker,8520.0,11611,61898,1568,30.89,0.0,136.3,18.4,6.2,Retirement Reserve,50000,24,High,Financial Risk
Small business owner,30939.0,29576,32127,11051,49.71,0.0,95.6,35.7,1.4,Home Downpayment,500000,24,High,Financial Risk
Seasonal business owner,48997.0,25929,11718,8537,35.78,29.7,52.9,17.4,0.6,Debt Repayment,50000,24,High,Financial Risk
Consultant,39832.0,34054,331995,6888,33.75,0.0,85.5,17.3,13.2,Retirement Reserve,250000,12,High,Financial Risk
Self-employed person,40430.0,23017,52168,3380,19.35,34.7,56.9,8.4,3.3,Home Downpayment,30000,6,Low,Stable Income
Self-employed person,16595.0,16031,83107,1738,25.58,0.0,96.6,10.5,6.4,Working Capital Buffer,30000,24,High,Financial Risk
Seasonal business owner,61506.0,27455,44117,10728,51.14,37.9,44.6,17.4,2.1,Child Education,250000,12,High,Highly Variable Income
Commission-based worker,37650.0,23875,19485,13953,60.89,0.0,63.4,37.1,1.2,Emergency Fund,30000,6,High,Financial Risk
Seasonal business owner,30580.0,28742,25118,5323,72.1,0.0,94.0,17.4,1.2,Working Capital Buffer,500000,6,High,Financial Risk
Small business owner,31198.0,26952,15412,7466,37.14,0.0,86.4,23.9,0.8,Home Downpayment,500000,18,High,Financial Risk
Commission-based worker,14671.0,21512,17575,0,52.96,0.0,146.6,0.0,1.0,Emergency Fund,250000,18,High,Financial Risk
Online seller,61471.0,26886,175561,0,39.51,56.3,43.7,0.0,9.2,Debt Repayment,50000,24,Medium,Highly Variable Income
Gig worker,33995.0,15583,28180,8656,20.25,28.7,45.8,25.5,2.2,Debt Repayment,50000,24,Low,Stable Income
Small business owner,44738.0,30111,160014,7614,33.84,15.7,67.3,17.0,8.0,Emergency Fund,500000,6,Low,Moderately Variable Income
Daily wage worker,13169.0,9656,4029,2150,31.0,10.3,73.3,16.3,0.5,Child Education,250000,24,High,Financial Risk
Commission-based worker,40459.0,18018,17164,11000,61.17,28.3,44.5,27.2,1.4,Home Downpayment,75000,24,High,Highly Variable Income
Freelancer,64596.0,23812,13853,5384,73.87,54.8,36.9,8.3,0.7,Debt Repayment,75000,6,High,Financial Risk
Seasonal business owner,86157.0,24994,176674,0,32.19,71.0,29.0,0.0,8.5,Child Education,150000,18,Low,Moderately Variable Income
Freelancer,46508.0,18579,185612,0,71.56,60.1,39.9,0.0,13.3,Debt Repayment,500000,36,Medium,Highly Variable Income
Freelancer,31555.0,20642,9263,10916,52.08,0.0,65.4,34.6,0.7,Home Downpayment,50000,6,High,Financial Risk
Seasonal business owner,69224.0,24716,218695,0,41.39,64.3,35.7,0.0,13.4,Business Expansion,30000,12,Medium,Highly Variable Income
Daily wage worker,9936.0,9933,19523,1537,65.08,0.0,100.0,15.5,2.4,Working Capital Buffer,75000,12,High,Financial Risk
Commission-based worker,27269.0,22284,25628,3753,57.35,4.5,81.7,13.8,1.6,Retirement Reserve,150000,12,High,Highly Variable Income
Daily wage worker,14475.0,13093,67611,0,45.14,9.5,90.5,0.0,6.7,Business Expansion,30000,12,Medium,Highly Variable Income
Small business owner,27026.0,22222,20310,4331,50.65,1.8,82.2,16.0,1.2,Retirement Reserve,50000,6,High,Highly Variable Income
Freelancer,34520.0,25460,50470,11530,32.9,0.0,73.8,33.4,2.7,Business Expansion,250000,6,High,Financial Risk
Self-employed person,58662.0,17510,125240,19391,20.72,37.1,29.8,33.1,8.8,Retirement Reserve,500000,36,Low,Stable Income
Online seller,45963.0,24119,47187,12300,45.55,20.8,52.5,26.8,2.5,Home Downpayment,150000,6,High,Highly Variable Income
Small business owner,57906.0,27552,53486,6990,36.99,40.3,47.6,12.1,2.6,Emergency Fund,500000,6,Medium,Moderately Variable Income
Consultant,100196.0,34450,31064,27339,27.36,38.3,34.4,27.3,1.1,Retirement Reserve,150000,6,Medium,Moderately Variable Income
Self-employed person,42307.0,19131,9795,12941,34.78,24.2,45.2,30.6,0.6,Working Capital Buffer,150000,36,High,Financial Risk
Self-employed person,32292.0,25005,140306,5358,54.81,6.0,77.4,16.6,7.8,Working Capital Buffer,500000,6,Medium,Highly Variable Income
Gig worker,18138.0,13171,27037,2591,43.5,13.1,72.6,14.3,2.6,Working Capital Buffer,30000,24,High,Highly Variable Income
Gig worker,26529.0,18579,18252,10102,60.65,0.0,70.0,38.1,1.5,Child Education,500000,18,High,Financial Risk
Shop owner,35984.0,17061,51649,0,62.12,52.6,47.4,0.0,4.1,Debt Repayment,500000,6,Medium,Highly Variable Income
Gig worker,27312.0,17037,104630,5555,22.18,17.3,62.4,20.3,7.5,Emergency Fund,500000,18,Low,Moderately Variable Income
Seasonal business owner,42927.0,24301,56401,8763,122.16,23.0,56.6,20.4,2.9,Home Downpayment,150000,12,High,Highly Variable Income
Shop owner,38370.0,16670,31964,7690,32.65,36.5,43.4,20.0,2.5,Retirement Reserve,250000,24,Medium,Moderately Variable Income
Daily wage worker,8578.0,10602,9044,2166,78.61,0.0,123.6,25.2,1.2,Retirement Reserve,100000,24,High,Financial Risk
Daily wage worker,9332.0,12619,12273,0,37.91,0.0,135.2,0.0,1.5,Child Education,150000,24,High,Financial Risk
Self-employed person,34543.0,22377,24866,11132,24.64,3.0,64.8,32.2,1.5,Home Downpayment,500000,6,Medium,Moderately Variable Income
Self-employed person,28407.0,26790,81518,9320,22.41,0.0,94.3,32.8,4.4,Working Capital Buffer,500000,24,High,Financial Risk
Online seller,43431.0,26713,283360,9860,48.28,15.8,61.5,22.7,12.4,Debt Repayment,500000,36,Medium,Highly Variable Income
Small business owner,55921.0,23601,186032,7429,26.42,44.5,42.2,13.3,12.1,Debt Repayment,500000,24,Low,Moderately Variable Income
Small business owner,31078.0,24085,22184,11045,61.19,0.0,77.5,35.5,1.2,Child Education,75000,12,High,Financial Risk
Consultant,61617.0,40751,292589,0,21.36,33.9,66.1,0.0,9.1,Debt Repayment,150000,6,Low,Stable Income
Seasonal business owner,45413.0,23164,163721,7301,70.56,32.9,51.0,16.1,9.8,Retirement Reserve,500000,18,Medium,Highly Variable Income
Online seller,76231.0,39727,139227,30344,52.5,8.1,52.1,39.8,5.3,Business Expansion,30000,12,Medium,Highly Variable Income
Online seller,29569.0,30836,179740,6856,58.59,0.0,104.3,23.2,6.8,Debt Repayment,500000,12,High,Financial Risk
Shop owner,14480.0,21753,50663,4424,28.71,0.0,150.2,30.6,3.5,Retirement Reserve,50000,12,High,Financial Risk
Seasonal business owner,64411.0,24810,55997,18875,44.96,32.2,38.5,29.3,3.3,Child Education,100000,6,Medium,Highly Variable Income
Freelancer,49407.0,18438,51745,7925,39.78,46.6,37.3,16.0,3.6,Working Capital Buffer,150000,12,Medium,Highly Variable Income
Gig worker,17782.0,13740,5584,4127,31.55,0.0,77.3,23.2,0.5,Debt Repayment,500000,24,High,Financial Risk
Shop owner,17441.0,18149,190198,0,12.51,0.0,104.1,0.0,13.6,Business Expansion,500000,6,High,Financial Risk
Gig worker,15313.0,17657,178635,0,49.49,0.0,115.3,0.0,14.4,Business Expansion,150000,6,High,Financial Risk
Shop owner,33464.0,24950,12449,0,30.33,25.4,74.6,0.0,0.6,Retirement Reserve,150000,36,High,Financial Risk
Online seller,36886.0,24889,234206,13168,32.91,0.0,67.5,35.7,11.0,Retirement Reserve,500000,12,High,Financial Risk
Seasonal business owner,108486.0,20059,10176,32648,83.32,51.4,18.5,30.1,0.6,Child Education,250000,6,High,Financial Risk
Commission-based worker,48100.0,18714,10309,10191,34.38,39.9,38.9,21.2,0.8,Working Capital Buffer,150000,18,High,Financial Risk
Daily wage worker,19308.0,12515,48965,4866,61.14,10.0,64.8,25.2,4.9,Retirement Reserve,50000,12,Medium,Highly Variable Income
Gig worker,17446.0,18795,75111,0,23.02,0.0,107.7,0.0,5.4,Debt Repayment,75000,24,High,Financial Risk
Commission-based worker,50180.0,17749,20667,0,68.77,64.6,35.4,0.0,1.5,Child Education,250000,12,High,Highly Variable Income
Commission-based worker,22242.0,18187,51143,4979,53.32,0.0,81.8,22.4,4.3,Emergency Fund,500000,24,High,Financial Risk
Online seller,84053.0,34015,14381,0,44.77,59.5,40.5,0.0,0.6,Debt Repayment,100000,18,High,Financial Risk
Small business owner,41324.0,27258,173532,5594,47.7,20.5,66.0,13.5,8.4,Working Capital Buffer,150000,12,Medium,Highly Variable Income
Gig worker,9255.0,15222,60265,2805,66.04,0.0,164.5,30.3,5.4,Debt Repayment,500000,6,High,Financial Risk
Gig worker,21382.0,15195,103825,2228,17.37,18.5,71.1,10.4,8.7,Working Capital Buffer,100000,12,Low,Stable Income
Online seller,52137.0,32252,266199,9399,38.67,20.1,61.9,18.0,10.1,Retirement Reserve,250000,24,Medium,Highly Variable Income
Shop owner,24587.0,23175,146951,5086,22.12,0.0,94.3,20.7,8.8,Home Downpayment,30000,6,High,Financial Risk
Self-employed person,24920.0,27386,265233,6229,18.29,0.0,109.9,25.0,14.0,Emergency Fund,150000,6,High,Financial Risk
Daily wage worker,20330.0,11213,12746,5998,18.1,15.3,55.2,29.5,1.7,Debt Repayment,75000,18,Medium,Stable Income
Self-employed person,23772.0,26661,244450,8355,29.68,0.0,112.2,35.1,12.4,Emergency Fund,100000,18,High,Financial Risk
Self-employed person,28546.0,17480,36033,8696,21.41,8.3,61.2,30.5,2.6,Retirement Reserve,75000,18,Low,Stable Income
Freelancer,20547.0,19915,127378,3328,51.91,0.0,96.9,16.2,8.1,Business Expansion,500000,18,High,Financial Risk
Small business owner,17719.0,19757,35321,0,45.09,0.0,111.5,0.0,2.3,Working Capital Buffer,50000,36,High,Financial Risk
Small business owner,61676.0,27502,22656,20347,49.26,22.4,44.6,33.0,1.3,Working Capital Buffer,500000,12,High,Highly Variable Income
Online seller,61807.0,27934,113204,14290,57.59,31.7,45.2,23.1,5.6,Business Expansion,30000,12,Medium,Highly Variable Income
Gig worker,14868.0,16935,35332,2229,29.66,0.0,113.9,15.0,3.2,Home Downpayment,250000,6,High,Financial Risk
Daily wage worker,13441.0,10855,114862,0,37.71,19.2,80.8,0.0,12.4,Working Capital Buffer,30000,12,Low,Moderately Variable Income
Commission-based worker,44549.0,22147,19528,0,29.01,50.3,49.7,0.0,1.1,Retirement Reserve,50000,18,Medium,Moderately Variable Income
Seasonal business owner,34728.0,33384,33843,0,66.89,3.9,96.1,0.0,1.5,Child Education,100000,12,High,Highly Variable Income
Freelancer,38169.0,18050,63258,7124,29.01,34.0,47.3,18.7,4.9,Emergency Fund,30000,24,Low,Moderately Variable Income
Small business owner,31035.0,18823,19542,4376,31.74,25.2,60.7,14.1,1.3,Retirement Reserve,30000,36,Medium,Moderately Variable Income
Self-employed person,32197.0,18656,39581,6940,37.07,20.5,57.9,21.6,2.6,Working Capital Buffer,500000,6,Medium,Moderately Variable Income
Shop owner,35157.0,21834,123305,4754,57.68,24.4,62.1,13.5,8.0,Emergency Fund,500000,36,Medium,Highly Variable Income
Daily wage worker,18796.0,13799,22431,3734,32.86,6.7,73.4,19.9,2.0,Business Expansion,30000,12,Medium,Moderately Variable Income
Freelancer,26080.0,22616,9665,0,39.9,13.3,86.7,0.0,0.6,Home Downpayment,150000,24,High,Financial Risk
Commission-based worker,39702.0,15540,57996,12841,38.45,28.5,39.1,32.3,4.3,Emergency Fund,50000,36,Low,Moderately Variable Income
Self-employed person,42384.0,21466,37578,14566,24.48,15.0,50.6,34.4,2.1,Child Education,150000,12,Medium,Moderately Variable Income
Gig worker,17869.0,11923,10844,0,38.21,33.3,66.7,0.0,1.1,Emergency Fund,30000,24,Medium,Moderately Variable Income
Self-employed person,62180.0,31765,112688,17407,24.99,20.9,51.1,28.0,5.5,Debt Repayment,250000,12,Low,Moderately Variable Income
Consultant,57119.0,31556,27630,0,18.16,44.8,55.2,0.0,1.0,Retirement Reserve,150000,24,Medium,Stable Income
Self-employed person,42130.0,28793,26494,13645,17.59,0.0,68.3,32.4,1.4,Business Expansion,250000,24,High,Financial Risk
Online seller,35383.0,29517,166552,7621,19.95,0.0,83.4,21.5,7.3,Debt Repayment,50000,36,High,Financial Risk
Daily wage worker,14992.0,10924,8767,5595,75.02,0.0,72.9,37.3,1.2,Business Expansion,150000,12,High,Financial Risk
Online seller,27418.0,33554,182900,0,24.1,0.0,122.4,0.0,7.3,Retirement Reserve,30000,24,High,Financial Risk
Freelancer,60109.0,24453,14346,0,59.84,59.3,40.7,0.0,0.7,Child Education,30000,18,High,Financial Risk
Self-employed person,49121.0,25989,96380,13455,39.17,19.7,52.9,27.4,5.1,Working Capital Buffer,150000,36,Medium,Highly Variable Income
Small business owner,12236.0,22584,47312,0,57.36,0.0,184.6,0.0,2.8,Retirement Reserve,250000,24,High,Financial Risk
Commission-based worker,48824.0,21880,9743,0,37.74,55.2,44.8,0.0,0.6,Child Education,250000,12,High,Financial Risk
Commission-based worker,44679.0,16081,8377,0,43.08,64.0,36.0,0.0,0.7,Working Capital Buffer,500000,12,High,Financial Risk
Self-employed person,35016.0,21527,37481,5407,38.7,23.1,61.5,15.4,2.1,Business Expansion,50000,12,High,Highly Variable Income
Consultant,78239.0,43441,224412,0,28.97,44.5,55.5,0.0,7.3,Business Expansion,500000,6,Low,Moderately Variable Income
Small business owner,50460.0,23387,81920,18629,32.03,16.7,46.3,36.9,4.0,Emergency Fund,150000,24,Low,Moderately Variable Income
Self-employed person,51252.0,25347,10838,13978,24.48,23.3,49.5,27.3,0.5,Home Downpayment,100000,12,High,Financial Risk
Self-employed person,38165.0,17663,64770,12691,47.47,20.5,46.3,33.3,4.3,Home Downpayment,250000,12,Medium,Highly Variable Income
Seasonal business owner,49654.0,18927,8199,18323,74.25,25.0,38.1,36.9,0.5,Emergency Fund,100000,12,High,Financial Risk
Commission-based worker,23871.0,20092,79451,5410,44.77,0.0,84.2,22.7,5.9,Child Education,500000,24,High,Financial Risk
Small business owner,46948.0,21888,149818,5451,36.81,41.8,46.6,11.6,10.4,Working Capital Buffer,500000,36,Low,Moderately Variable Income
Daily wage worker,15203.0,12924,7661,3431,44.07,0.0,85.0,22.6,0.8,Working Capital Buffer,150000,36,High,Financial Risk
Self-employed person,26103.0,18053,174170,0,34.65,30.8,69.2,0.0,12.9,Business Expansion,50000,12,Low,Moderately Variable Income
Gig worker,11579.0,18739,195602,3989,33.2,0.0,161.8,34.5,13.1,Child Education,75000,24,High,Financial Risk
Daily wage worker,20505.0,15011,16489,5202,60.55,1.4,73.2,25.4,1.6,Emergency Fund,250000,24,High,Highly Variable Income
Freelancer,56944.0,23405,130961,7326,25.46,46.0,41.1,12.9,6.8,Debt Repayment,150000,6,Low,Moderately Variable Income
Freelancer,34319.0,23088,147677,0,35.29,32.7,67.3,0.0,9.6,Retirement Reserve,500000,36,Medium,Highly Variable Income
Gig worker,18817.0,13725,7849,0,53.02,27.1,72.9,0.0,0.7,Working Capital Buffer,75000,24,High,Financial Risk
Daily wage worker,17664.0,10383,29271,3687,44.87,20.3,58.8,20.9,4.0,Home Downpayment,100000,12,Low,Moderately Variable Income
Self-employed person,29046.0,17979,187906,7348,40.13,12.8,61.9,25.3,14.1,Working Capital Buffer,150000,24,Medium,Highly Variable Income
Consultant,86979.0,35985,16463,0,33.25,58.6,41.4,0.0,0.7,Retirement Reserve,100000,6,High,Financial Risk
Small business owner,57604.0,27079,86810,13014,32.52,30.4,47.0,22.6,3.8,Business Expansion,150000,18,Low,Moderately Variable Income
Freelancer,59842.0,25431,27554,0,23.06,57.5,42.5,0.0,1.5,Working Capital Buffer,30000,36,Medium,Moderately Variable Income
Shop owner,26385.0,22902,9996,0,48.95,13.2,86.8,0.0,0.6,Debt Repayment,150000,18,High,Financial Risk
Daily wage worker,17437.0,10954,35059,4516,48.48,11.3,62.8,25.9,4.7,Debt Repayment,50000,6,Medium,Highly Variable Income
Small business owner,57348.0,19688,17675,20406,27.15,30.1,34.3,35.6,1.2,Home Downpayment,150000,24,Medium,Moderately Variable Income
Seasonal business owner,36841.0,25215,239688,5535,78.05,16.5,68.4,15.0,14.0,Business Expansion,100000,18,Medium,Highly Variable Income
Self-employed person,35418.0,20209,10387,11364,39.33,10.9,57.1,32.1,0.7,Emergency Fund,150000,36,High,Financial Risk
Shop owner,35413.0,22658,23587,4383,13.53,23.6,64.0,12.4,1.2,Home Downpayment,500000,18,Medium,Stable Income
Seasonal business owner,70306.0,27680,52704,14680,69.34,39.7,39.4,20.9,2.3,Debt Repayment,500000,6,High,Highly Variable Income
Seasonal business owner,69920.0,28515,13145,11344,72.01,43.0,40.8,16.2,0.6,Retirement Reserve,500000,6,High,Financial Risk
Consultant,56112.0,36995,42941,21825,44.08,0.0,65.9,38.9,1.7,Working Capital Buffer,75000,36,High,Financial Risk
Seasonal business owner,59012.0,30187,175317,0,40.2,48.8,51.2,0.0,7.8,Debt Repayment,250000,24,Medium,Highly Variable Income
Seasonal business owner,63739.0,38469,88904,17755,50.96,11.8,60.4,27.9,3.5,Working Capital Buffer,75000,36,Medium,Highly Variable Income
Online seller,40232.0,28423,54719,10125,33.23,4.2,70.6,25.2,2.6,Retirement Reserve,250000,12,Medium,Moderately Variable Income
Self-employed person,45215.0,16919,96416,10806,17.21,38.7,37.4,23.9,6.9,Emergency Fund,250000,6,Low,Stable Income
Gig worker,11836.0,12549,90016,1622,57.57,0.0,106.0,13.7,8.6,Retirement Reserve,150000,24,High,Financial Risk
Freelancer,48912.0,22252,49481,0,27.56,54.5,45.5,0.0,3.0,Working Capital Buffer,100000,24,Low,Moderately Variable Income
Online seller,51409.0,27791,26553,7430,67.54,31.5,54.1,14.5,1.3,Emergency Fund,150000,18,High,Highly Variable Income
Online seller,70663.0,38537,345441,17745,52.49,20.4,54.5,25.1,12.2,Debt Repayment,100000,6,Medium,Highly Variable Income
Gig worker,14990.0,16082,6607,0,57.69,0.0,107.3,0.0,0.5,Retirement Reserve,75000,24,High,Financial Risk
Self-employed person,35483.0,22461,12475,0,46.78,36.7,63.3,0.0,0.7,Working Capital Buffer,500000,6,High,Financial Risk
Gig worker,10994.0,15150,8190,0,55.75,0.0,137.8,0.0,0.8,Business Expansion,100000,24,High,Financial Risk
Online seller,37593.0,24759,136595,10542,33.41,6.1,65.9,28.0,7.0,Child Education,50000,12,Low,Moderately Variable Income
Seasonal business owner,80762.0,35166,338759,0,32.28,56.5,43.5,0.0,14.8,Working Capital Buffer,100000,24,Low,Moderately Variable Income
Gig worker,19123.0,19366,16784,4731,8.03,0.0,101.3,24.7,1.3,Home Downpayment,30000,24,High,Financial Risk
Small business owner,83173.0,23322,89591,0,31.56,72.0,28.0,0.0,5.7,Home Downpayment,30000,6,Low,Moderately Variable Income
Seasonal business owner,70147.0,32059,102578,8701,47.54,41.9,45.7,12.4,4.0,Retirement Reserve,75000,24,Medium,Highly Variable Income
Shop owner,47843.0,23790,20949,15321,31.87,18.3,49.7,32.0,1.2,Emergency Fund,30000,6,Medium,Moderately Variable Income
Daily wage worker,7888.0,13387,21813,2112,55.75,0.0,169.7,26.8,1.9,Emergency Fund,50000,12,High,Financial Risk
Daily wage worker,11854.0,11297,115664,0,52.76,4.7,95.3,0.0,14.1,Business Expansion,75000,6,Medium,Highly Variable Income
Self-employed person,20318.0,17905,138773,5543,46.05,0.0,88.1,27.3,10.7,Working Capital Buffer,75000,6,High,Financial Risk
Small business owner,51007.0,23337,232488,0,25.72,54.2,45.8,0.0,11.8,Working Capital Buffer,100000,6,Low,Moderately Variable Income
Daily wage worker,20042.0,11528,22597,4607,29.82,19.5,57.5,23.0,2.4,Business Expansion,75000,24,Medium,Moderately Variable Income
Consultant,41318.0,40428,276607,0,51.2,2.2,97.8,0.0,10.0,Working Capital Buffer,75000,18,Medium,Highly Variable Income
Shop owner,33557.0,20393,8829,6537,29.85,19.7,60.8,19.5,0.5,Retirement Reserve,75000,24,High,Financial Risk
Self-employed person,30443.0,25385,74484,0,23.62,16.6,83.4,0.0,3.8,Working Capital Buffer,50000,6,Low,Moderately Variable Income
Daily wage worker,8292.0,11538,13536,2615,82.26,0.0,139.1,31.5,1.6,Working Capital Buffer,75000,12,High,Financial Risk
Online seller,39453.0,38211,256866,0,27.68,3.1,96.9,0.0,9.0,Working Capital Buffer,75000,36,Low,Moderately Variable Income
Freelancer,83107.0,25382,49427,15926,9.48,50.3,30.5,19.2,2.4,Child Education,30000,6,Low,Stable Income
Self-employed person,40741.0,29041,25082,12282,37.27,0.0,71.3,30.1,1.3,Retirement Reserve,500000,6,High,Financial Risk
Shop owner,41809.0,20777,64830,8707,40.88,29.5,49.7,20.8,3.9,Debt Repayment,150000,18,Medium,Highly Variable Income
Seasonal business owner,39959.0,28552,214536,15844,104.12,0.0,71.5,39.7,10.6,Home Downpayment,100000,36,High,Financial Risk
Freelancer,27301.0,19399,37555,4555,51.12,12.3,71.1,16.7,2.8,Working Capital Buffer,250000,18,High,Highly Variable Income
Daily wage worker,11295.0,10084,5806,3975,42.41,0.0,89.3,35.2,0.7,Working Capital Buffer,75000,12,High,Financial Risk
Daily wage worker,8926.0,10409,10554,3378,49.54,0.0,116.6,37.8,1.2,Home Downpayment,250000,6,High,Financial Risk
Gig worker,18330.0,18454,15094,0,60.24,0.0,100.7,0.0,1.0,Debt Repayment,250000,18,High,Financial Risk
Daily wage worker,9804.0,16084,152915,943,26.55,0.0,164.1,9.6,13.2,Business Expansion,150000,18,High,Financial Risk
Small business owner,53924.0,32157,253067,5543,14.0,30.1,59.6,10.3,11.5,Retirement Reserve,30000,24,Low,Stable Income
Online seller,39465.0,31598,16274,13006,44.14,0.0,80.1,33.0,0.6,Business Expansion,250000,24,High,Financial Risk
Gig worker,10848.0,15421,27152,3721,28.43,0.0,142.2,34.3,2.7,Debt Repayment,150000,36,High,Financial Risk
Small business owner,28957.0,21139,78262,0,56.79,27.0,73.0,0.0,5.2,Retirement Reserve,500000,36,Medium,Highly Variable Income
Gig worker,31596.0,19092,19683,0,24.05,39.6,60.4,0.0,1.4,Business Expansion,500000,6,Medium,Moderately Variable Income
Gig worker,15357.0,20244,46176,2212,43.7,0.0,131.8,14.4,3.4,Debt Repayment,50000,24,High,Financial Risk
Online seller,64809.0,30463,71949,0,15.78,53.0,47.0,0.0,2.9,Home Downpayment,50000,12,Low,Stable Income
Commission-based worker,23308.0,21546,75172,0,38.03,7.6,92.4,0.0,5.1,Child Education,50000,12,Medium,Highly Variable Income
Freelancer,49448.0,19479,43180,0,44.85,60.6,39.4,0.0,2.6,Working Capital Buffer,250000,36,High,Highly Variable Income
Consultant,52589.0,27718,24181,0,19.16,47.3,52.7,0.0,1.1,Emergency Fund,250000,36,Medium,Stable Income
Shop owner,31138.0,24055,95743,11319,30.91,0.0,77.3,36.4,5.6,Emergency Fund,50000,12,High,Financial Risk
Freelancer,32052.0,19775,123994,0,29.8,38.3,61.7,0.0,7.4,Home Downpayment,500000,36,Low,Moderately Variable Income
Gig worker,8638.0,18154,38465,1797,57.18,0.0,210.2,20.8,2.7,Working Capital Buffer,500000,18,High,Financial Risk
Freelancer,28245.0,26487,227261,0,35.64,6.2,93.8,0.0,12.3,Debt Repayment,50000,36,Medium,Highly Variable Income
Small business owner,25050.0,31198,29258,9771,41.6,0.0,124.5,39.0,1.3,Business Expansion,500000,12,High,Financial Risk
Commission-based worker,22243.0,18408,60931,7463,21.81,0.0,82.8,33.6,4.9,Child Education,30000,36,High,Financial Risk
Small business owner,52832.0,25723,48699,19237,64.38,14.9,48.7,36.4,2.3,Retirement Reserve,75000,24,High,Highly Variable Income
Self-employed person,62607.0,20228,9553,19767,26.56,36.1,32.3,31.6,0.6,Home Downpayment,250000,12,High,Financial Risk
Freelancer,21147.0,24875,10525,8316,56.03,0.0,117.6,39.3,0.6,Business Expansion,250000,18,High,Financial Risk
Seasonal business owner,69984.0,27636,273325,19769,60.54,32.3,39.5,28.2,13.1,Working Capital Buffer,100000,18,Medium,Highly Variable Income
Small business owner,28372.0,20081,69069,0,51.58,29.2,70.8,0.0,4.0,Retirement Reserve,150000,24,Medium,Highly Variable Income
Shop owner,31485.0,18027,10449,4821,22.86,27.4,57.3,15.3,0.7,Home Downpayment,75000,18,High,Financial Risk
Commission-based worker,20919.0,18141,14590,6950,13.97,0.0,86.7,33.2,1.1,Child Education,50000,24,High,Financial Risk
Consultant,49094.0,35857,78909,8125,48.9,10.4,73.0,16.5,3.4,Emergency Fund,100000,24,Medium,Highly Variable Income
Daily wage worker,13041.0,13347,31298,3291,37.45,0.0,102.3,25.2,2.9,Debt Repayment,500000,18,High,Financial Risk
Small business owner,38334.0,35006,341915,0,19.42,8.7,91.3,0.0,14.7,Business Expansion,30000,6,Low,Stable Income
Shop owner,38350.0,15947,18496,0,34.32,58.4,41.6,0.0,1.5,Child Education,50000,36,High,Highly Variable Income
Small business owner,64899.0,28114,292856,17171,23.02,30.2,43.3,26.5,13.7,Child Education,250000,6,Low,Moderately Variable Income
Freelancer,52086.0,25059,227422,4669,43.5,42.9,48.1,9.0,13.7,Working Capital Buffer,100000,6,Medium,Highly Variable Income
Self-employed person,21153.0,21197,123966,0,27.92,0.0,100.2,0.0,8.0,Working Capital Buffer,150000,36,High,Financial Risk
Daily wage worker,9171.0,12467,40118,1683,15.78,0.0,135.9,18.4,4.1,Home Downpayment,75000,18,High,Financial Risk
Self-employed person,32673.0,24350,12645,0,23.95,25.5,74.5,0.0,0.7,Debt Repayment,150000,6,High,Financial Risk
Freelancer,57974.0,18362,15035,8105,57.97,54.3,31.7,14.0,1.0,Home Downpayment,75000,12,High,Highly Variable Income
Small business owner,58590.0,23290,12020,21066,12.18,24.3,39.8,36.0,0.8,Child Education,30000,6,High,Financial Risk
Daily wage worker,27142.0,15001,122580,7602,39.14,16.7,55.3,28.0,12.2,Home Downpayment,500000,18,Low,Moderately Variable Income
Small business owner,29053.0,26710,272588,4098,25.23,0.0,91.9,14.1,14.4,Working Capital Buffer,100000,24,High,Financial Risk
Consultant,73811.0,25165,234562,0,22.74,65.9,34.1,0.0,11.1,Debt Repayment,500000,6,Low,Moderately Variable Income
Gig worker,27354.0,19563,16249,3838,46.15,14.4,71.5,14.0,1.3,Working Capital Buffer,250000,6,High,Highly Variable Income
Self-employed person,55203.0,19565,16413,12904,27.68,41.2,35.4,23.4,1.0,Home Downpayment,100000,36,Medium,Moderately Variable Income
Daily wage worker,12450.0,10544,6103,0,61.74,15.3,84.7,0.0,0.8,Debt Repayment,50000,24,High,Financial Risk
Freelancer,66451.0,24089,40945,19864,97.44,33.9,36.3,29.9,2.1,Child Education,75000,12,High,Highly Variable Income
Self-employed person,38784.0,21752,106427,0,34.4,43.9,56.1,0.0,7.0,Emergency Fund,30000,18,Medium,Highly Variable Income
Commission-based worker,39622.0,14291,24662,10346,47.8,37.8,36.1,26.1,2.2,Retirement Reserve,100000,36,High,Highly Variable Income
Consultant,86552.0,33297,16463,9003,38.58,51.1,38.5,10.4,0.6,Home Downpayment,30000,18,High,Financial Risk
Freelancer,41818.0,23954,75617,8127,73.96,23.3,57.3,19.4,4.7,Child Education,30000,24,Medium,Highly Variable Income
Commission-based worker,37402.0,27441,165637,0,38.8,26.6,73.4,0.0,9.3,Business Expansion,50000,24,Medium,Highly Variable Income
Gig worker,24128.0,18510,72936,7002,30.43,0.0,76.7,29.0,6.1,Working Capital Buffer,500000,36,High,Financial Risk
Consultant,87595.0,29407,220509,30982,47.49,31.1,33.6,35.4,9.4,Retirement Reserve,75000,6,Medium,Highly Variable Income
Daily wage worker,13940.0,11746,87736,2476,43.98,0.0,84.3,17.8,10.8,Retirement Reserve,150000,36,High,Financial Risk
Seasonal business owner,83643.0,19734,172577,11574,39.95,62.6,23.6,13.8,10.1,Working Capital Buffer,100000,12,Medium,Highly Variable Income
Freelancer,32134.0,24862,101615,7189,34.04,0.3,77.4,22.4,6.3,Working Capital Buffer,100000,6,Low,Moderately Variable Income
Commission-based worker,53490.0,16377,106938,8338,68.25,53.8,30.6,15.6,8.6,Business Expansion,30000,24,Medium,Highly Variable Income
Consultant,65270.0,48589,112593,0,18.5,25.6,74.4,0.0,3.6,Child Education,30000,12,Low,Stable Income
Small business owner,33684.0,22506,50738,0,35.57,33.2,66.8,0.0,3.0,Business Expansion,100000,6,Low,Moderately Variable Income
Consultant,79786.0,41940,68268,6865,22.9,38.8,52.6,8.6,2.4,Home Downpayment,50000,6,Medium,Moderately Variable Income
Consultant,82778.0,48367,289154,0,35.7,41.6,58.4,0.0,9.2,Home Downpayment,30000,36,Medium,Highly Variable Income
Shop owner,58714.0,17252,17873,0,36.27,70.6,29.4,0.0,1.4,Business Expansion,150000,36,Medium,Moderately Variable Income
Small business owner,42693.0,29981,12195,8918,61.97,8.9,70.2,20.9,0.6,Business Expansion,75000,24,High,Financial Risk
Gig worker,17308.0,16716,33073,3120,22.94,0.0,96.6,18.0,2.6,Home Downpayment,250000,12,High,Financial Risk
Small business owner,32285.0,28957,207379,0,77.7,10.3,89.7,0.0,9.3,Child Education,75000,36,Medium,Highly Variable Income
Online seller,58590.0,22138,180072,0,26.54,62.2,37.8,0.0,9.9,Home Downpayment,250000,36,Low,Moderately Variable Income
Self-employed person,36317.0,24828,10994,5499,19.03,16.5,68.4,15.1,0.6,Working Capital Buffer,75000,12,High,Financial Risk
Daily wage worker,15980.0,14020,14967,0,41.93,12.3,87.7,0.0,1.3,Home Downpayment,250000,36,Medium,Moderately Variable Income
Shop owner,47913.0,18409,10635,12486,14.25,35.5,38.4,26.1,0.7,Debt Repayment,30000,36,High,Financial Risk
Consultant,35512.0,46321,189802,13788,26.65,0.0,130.4,38.8,5.9,Emergency Fund,250000,18,High,Financial Risk
Freelancer,66372.0,21751,44497,24285,38.13,30.6,32.8,36.6,2.6,Debt Repayment,30000,36,High,Highly Variable Income
Daily wage worker,9913.0,15330,35804,3571,30.11,0.0,154.6,36.0,3.5,Child Education,30000,36,High,Financial Risk
Gig worker,33632.0,20224,44996,11408,42.9,5.9,60.1,33.9,3.1,Child Education,75000,36,Medium,Highly Variable Income
Small business owner,47913.0,22673,45241,10420,54.37,30.9,47.3,21.7,2.8,Home Downpayment,50000,18,High,Highly Variable Income
Online seller,41320.0,33120,345074,0,45.22,19.8,80.2,0.0,12.7,Home Downpayment,500000,12,Medium,Highly Variable Income
Self-employed person,46055.0,28440,89620,12423,23.22,11.3,61.8,27.0,4.8,Emergency Fund,150000,24,Low,Moderately Variable Income
Gig worker,13376.0,20962,165612,3810,39.11,0.0,156.7,28.5,10.7,Business Expansion,50000,24,High,Financial Risk
Gig worker,21072.0,17555,14439,2059,47.49,6.9,83.3,9.8,1.0,Emergency Fund,150000,24,High,Highly Variable Income
Daily wage worker,15969.0,11441,4698,0,27.0,28.4,71.6,0.0,0.6,Home Downpayment,500000,36,High,Financial Risk
Commission-based worker,31963.0,20517,131535,8315,46.62,9.8,64.2,26.0,9.1,Debt Repayment,75000,18,Medium,Highly Variable Income
Freelancer,36992.0,18265,68330,9041,48.74,26.2,49.4,24.4,4.4,Retirement Reserve,50000,6,Medium,Highly Variable Income
Online seller,33005.0,29262,24350,5094,30.89,0.0,88.7,15.4,1.0,Retirement Reserve,150000,18,High,Financial Risk
Self-employed person,49615.0,23441,87364,7348,15.52,37.9,47.2,14.8,5.4,Child Education,50000,6,Low,Stable Income
Daily wage worker,27866.0,10829,5723,3891,20.92,47.2,38.9,14.0,0.7,Child Education,50000,12,High,Financial Risk
Consultant,55199.0,41988,399807,14753,28.65,0.0,76.1,26.7,14.0,Working Capital Buffer,75000,6,High,Financial Risk
Small business owner,38508.0,33938,19593,0,40.64,11.9,88.1,0.0,0.9,Debt Repayment,250000,24,High,Financial Risk
Shop owner,44116.0,17964,18206,8277,30.85,40.5,40.7,18.8,1.3,Debt Repayment,30000,6,Medium,Moderately Variable Income
Daily wage worker,12799.0,14466,6556,3413,22.52,0.0,113.0,26.7,0.6,Business Expansion,30000,6,High,Financial Risk
Gig worker,11979.0,16681,68257,1847,39.3,0.0,139.3,15.4,5.5,Child Education,30000,12,High,Financial Risk
Consultant,90568.0,46056,327577,18758,62.05,28.4,50.9,20.7,10.2,Child Education,500000,18,Medium,Highly Variable Income
Consultant,51115.0,26418,223923,0,5.57,48.3,51.7,0.0,10.0,Business Expansion,100000,36,Low,Stable Income
Gig worker,11347.0,14656,6389,936,22.75,0.0,129.2,8.2,0.5,Child Education,100000,6,High,Financial Risk
Commission-based worker,46469.0,25419,250359,0,42.73,45.3,54.7,0.0,15.2,Emergency Fund,30000,18,Medium,Highly Variable Income
Seasonal business owner,45698.0,23686,125450,13286,59.94,19.1,51.8,29.1,7.0,Retirement Reserve,50000,24,Medium,Highly Variable Income
Freelancer,64701.0,19592,78182,0,39.54,69.7,30.3,0.0,5.1,Emergency Fund,150000,12,Medium,Highly Variable Income
Commission-based worker,30483.0,19454,38192,0,72.82,36.2,63.8,0.0,2.9,Child Education,50000,24,High,Highly Variable Income
Freelancer,42485.0,22192,10090,9702,23.19,24.9,52.2,22.8,0.6,Home Downpayment,150000,24,High,Financial Risk
Self-employed person,58970.0,27088,13479,10872,12.01,35.6,45.9,18.4,0.7,Working Capital Buffer,30000,24,High,Financial Risk
Consultant,50459.0,35468,18593,10721,21.33,8.5,70.3,21.2,0.6,Emergency Fund,150000,18,High,Financial Risk
Online seller,80594.0,31663,27501,28036,42.66,25.9,39.3,34.8,1.2,Child Education,100000,24,High,Highly Variable Income
Seasonal business owner,41388.0,24790,44822,0,86.0,40.1,59.9,0.0,2.7,Retirement Reserve,150000,6,High,Highly Variable Income
Freelancer,29392.0,18827,22416,0,31.28,35.9,64.1,0.0,1.5,Child Education,150000,24,Medium,Moderately Variable Income
Shop owner,24826.0,24332,166724,4011,37.31,0.0,98.0,16.2,9.8,Retirement Reserve,100000,6,High,Financial Risk
Shop owner,29899.0,16411,87806,0,31.57,45.1,54.9,0.0,7.1,Emergency Fund,250000,18,Low,Moderately Variable Income
Self-employed person,42959.0,23770,90661,6482,12.6,29.6,55.3,15.1,4.5,Home Downpayment,250000,24,Low,Stable Income
Gig worker,20029.0,19116,45007,0,40.55,4.6,95.4,0.0,3.0,Emergency Fund,250000,36,Low,Moderately Variable Income
Consultant,76277.0,40880,262169,19322,46.06,21.1,53.6,25.3,9.7,Retirement Reserve,75000,6,Medium,Highly Variable Income
Daily wage worker,7274.0,12279,27176,0,52.86,0.0,168.8,0.0,2.9,Debt Repayment,250000,18,High,Financial Risk
Shop owner,28834.0,25774,28256,2359,32.57,2.4,89.4,8.2,1.6,Child Education,50000,36,High,Highly Variable Income
Online seller,37793.0,23216,43960,8092,68.03,17.2,61.4,21.4,2.2,Retirement Reserve,500000,36,High,Highly Variable Income
Gig worker,29348.0,15814,7133,8901,55.51,15.8,53.9,30.3,0.6,Child Education,50000,6,High,Financial Risk
Seasonal business owner,108507.0,33634,138080,0,11.8,69.0,31.0,0.0,5.6,Working Capital Buffer,100000,12,Low,Stable Income
Freelancer,34848.0,26651,14288,5757,25.02,7.0,76.5,16.5,0.7,Working Capital Buffer,100000,6,High,Financial Risk
Small business owner,25153.0,23223,201672,3473,47.57,0.0,92.3,13.8,10.2,Retirement Reserve,250000,18,High,Financial Risk
Online seller,90953.0,34230,283753,0,58.08,62.4,37.6,0.0,10.9,Debt Repayment,50000,12,Medium,Highly Variable Income
Shop owner,15800.0,24888,45676,3705,13.16,0.0,157.5,23.4,2.7,Emergency Fund,250000,36,High,Financial Risk
Gig worker,25611.0,23808,187127,8587,15.24,0.0,93.0,33.5,12.1,Debt Repayment,500000,12,High,Financial Risk
Freelancer,54539.0,25251,105222,15521,35.22,25.2,46.3,28.5,5.8,Home Downpayment,100000,12,Low,Moderately Variable Income
Shop owner,46197.0,22405,12075,0,17.67,51.5,48.5,0.0,0.8,Home Downpayment,50000,18,High,Financial Risk
Online seller,38594.0,30245,244364,0,37.44,21.6,78.4,0.0,11.3,Child Education,500000,18,Medium,Highly Variable Income
Online seller,48209.0,42928,18543,6984,43.24,0.0,89.0,14.5,0.7,Child Education,100000,18,High,Financial Risk
Freelancer,66314.0,23333,68323,20499,48.07,33.9,35.2,30.9,4.2,Emergency Fund,50000,12,Medium,Highly Variable Income
Small business owner,39222.0,22043,9927,10407,59.96,17.3,56.2,26.5,0.5,Retirement Reserve,150000,24,High,Financial Risk
Commission-based worker,40819.0,21580,112684,0,29.66,47.1,52.9,0.0,6.4,Working Capital Buffer,50000,36,Low,Moderately Variable Income
Seasonal business owner,86176.0,37367,44502,28616,55.72,23.4,43.4,33.2,1.7,Home Downpayment,75000,6,High,Highly Variable Income
Shop owner,43316.0,19731,191718,7241,43.32,37.7,45.6,16.7,13.8,Child Education,150000,6,Low,Moderately Variable Income
Commission-based worker,30182.0,20032,23393,10624,47.1,0.0,66.4,35.2,1.7,Child Education,250000,24,High,Financial Risk
Small business owner,30987.0,26058,183894,3485,30.07,4.7,84.1,11.2,8.5,Child Education,30000,6,Low,Moderately Variable Income
Gig worker,15489.0,18321,180174,3551,24.05,0.0,118.3,22.9,14.7,Debt Repayment,30000,18,High,Financial Risk
Commission-based worker,50488.0,14925,30791,17225,56.54,36.3,29.6,34.1,2.7,Child Education,250000,18,High,Highly Variable Income
Consultant,121061.0,33441,67392,0,11.44,72.4,27.6,0.0,2.4,Home Downpayment,100000,18,Low,Stable Income
Shop owner,62861.0,15279,6442,0,22.95,75.7,24.3,0.0,0.5,Business Expansion,75000,12,High,Financial Risk
Freelancer,9318.0,20002,137181,0,91.11,0.0,214.6,0.0,9.2,Emergency Fund,150000,12,High,Financial Risk
Shop owner,36516.0,21877,75412,12808,23.32,5.0,59.9,35.1,5.2,Home Downpayment,75000,6,Low,Moderately Variable Income
Gig worker,11193.0,16982,36395,4255,23.81,0.0,151.7,38.0,3.3,Home Downpayment,250000,6,High,Financial Risk
Gig worker,25650.0,20918,20899,9502,50.28,0.0,81.6,37.0,1.4,Home Downpayment,250000,6,High,Financial Risk
Freelancer,78141.0,23693,43644,22008,39.74,41.5,30.3,28.2,2.5,Business Expansion,50000,12,High,Highly Variable Income
Daily wage worker,9356.0,10620,88344,3149,28.5,0.0,113.5,33.7,9.6,Working Capital Buffer,75000,24,High,Financial Risk
Commission-based worker,49080.0,15244,99286,0,43.54,68.9,31.1,0.0,8.1,Emergency Fund,500000,36,Medium,Highly Variable Income
Freelancer,40028.0,22937,49557,3394,65.13,34.2,57.3,8.5,3.0,Child Education,150000,36,Medium,Highly Variable Income
Daily wage worker,12854.0,12718,116614,2577,48.69,0.0,98.9,20.0,11.3,Child Education,50000,18,High,Financial Risk
Gig worker,33776.0,16434,58859,11058,27.01,18.6,48.7,32.7,5.3,Debt Repayment,30000,36,Low,Moderately Variable Income
Small business owner,60602.0,27072,32330,22073,61.75,18.9,44.7,36.4,1.7,Child Education,50000,6,High,Highly Variable Income
Gig worker,15624.0,22464,75634,3971,45.31,0.0,143.8,25.4,5.1,Child Education,30000,18,High,Financial Risk
Gig worker,33118.0,13206,7503,0,22.94,60.1,39.9,0.0,0.8,Child Education,30000,24,High,Financial Risk
Seasonal business owner,47527.0,26324,103593,6797,66.83,30.3,55.4,14.3,4.7,Business Expansion,250000,12,Medium,Highly Variable Income
Commission-based worker,22038.0,18954,10573,2022,70.23,4.8,86.0,9.2,0.7,Emergency Fund,50000,18,High,Financial Risk
Seasonal business owner,81340.0,27169,54598,8453,74.8,56.2,33.4,10.4,2.8,Home Downpayment,150000,12,High,Highly Variable Income
Consultant,70349.0,40395,374836,0,33.97,42.6,57.4,0.0,12.5,Home Downpayment,150000,12,Low,Moderately Variable Income
Gig worker,22794.0,20183,116745,7670,32.82,0.0,88.5,33.6,8.3,Child Education,50000,18,High,Financial Risk
Small business owner,64822.0,26173,206448,22948,31.06,24.2,40.4,35.4,12.0,Child Education,150000,6,Low,Moderately Variable Income
Shop owner,29826.0,23071,94147,8042,28.88,0.0,77.4,27.0,6.0,Home Downpayment,100000,18,High,Financial Risk
Commission-based worker,24334.0,22025,168481,0,49.31,9.5,90.5,0.0,11.7,Child Education,250000,24,Medium,Highly Variable Income
Seasonal business owner,86725.0,26372,135727,0,49.19,69.6,30.4,0.0,7.3,Home Downpayment,50000,18,Medium,Highly Variable Income
Shop owner,21422.0,20876,141078,2063,14.79,0.0,97.5,9.6,10.1,Emergency Fund,500000,36,High,Financial Risk
Self-employed person,62395.0,21181,86870,8032,36.91,53.2,33.9,12.9,5.1,Debt Repayment,100000,6,Low,Moderately Variable Income
Small business owner,73797.0,22026,114523,0,25.89,70.2,29.8,0.0,7.8,Retirement Reserve,75000,12,Low,Moderately Variable Income
Consultant,32665.0,34182,221050,6080,36.73,0.0,104.6,18.6,9.3,Working Capital Buffer,100000,24,High,Financial Risk
Commission-based worker,22668.0,25267,14988,7042,69.61,0.0,111.5,31.1,0.9,Child Education,30000,24,High,Financial Risk
Consultant,94274.0,30011,35760,34336,20.08,31.7,31.8,36.4,1.7,Home Downpayment,150000,18,Medium,Stable Income
Daily wage worker,21700.0,9781,82671,7134,38.11,22.1,45.1,32.9,11.3,Debt Repayment,30000,18,Low,Moderately Variable Income
Daily wage worker,11470.0,14144,32750,4138,31.67,0.0,123.3,36.1,3.3,Emergency Fund,500000,36,High,Financial Risk
Small business owner,51294.0,25118,147335,0,41.39,51.0,49.0,0.0,8.8,Retirement Reserve,50000,36,Medium,Highly Variable Income
Seasonal business owner,96639.0,21315,9614,15414,28.33,62.0,22.1,16.0,0.5,Working Capital Buffer,75000,36,High,Financial Risk
Shop owner,38682.0,22028,41051,13791,27.02,7.4,56.9,35.7,2.6,Working Capital Buffer,30000,24,Medium,Moderately Variable Income
Daily wage worker,11798.0,16293,7855,4660,35.17,0.0,138.1,39.5,0.7,Home Downpayment,50000,24,High,Financial Risk
Consultant,106524.0,45883,138563,20859,14.54,37.3,43.1,19.6,4.5,Home Downpayment,30000,6,Low,Stable Income
Freelancer,33384.0,26283,12540,0,76.88,21.3,78.7,0.0,0.6,Home Downpayment,30000,24,High,Financial Risk
Small business owner,51518.0,22194,127506,0,16.75,56.9,43.1,0.0,8.7,Retirement Reserve,100000,24,Low,Stable Income
Seasonal business owner,59658.0,29802,25095,8156,45.34,36.4,50.0,13.7,1.0,Working Capital Buffer,75000,36,High,Highly Variable Income
Consultant,55579.0,48345,109964,0,29.71,13.0,87.0,0.0,3.4,Emergency Fund,150000,6,Low,Moderately Variable Income
Gig worker,31440.0,15626,165392,0,17.11,50.3,49.7,0.0,16.3,Working Capital Buffer,250000,24,Low,Stable Income
Consultant,54607.0,27204,130711,0,31.19,50.2,49.8,0.0,6.1,Home Downpayment,250000,36,Medium,Highly Variable Income
Seasonal business owner,29718.0,30166,217241,0,63.95,0.0,101.5,0.0,8.9,Retirement Reserve,30000,12,High,Financial Risk
Consultant,81286.0,36712,124395,28331,15.83,20.0,45.2,34.9,4.1,Working Capital Buffer,500000,36,Low,Stable Income
Gig worker,21081.0,15561,55108,2009,52.06,16.7,73.8,9.5,4.7,Home Downpayment,100000,6,Medium,Highly Variable Income
Consultant,75608.0,44053,72306,19590,16.5,15.8,58.3,25.9,2.5,Home Downpayment,75000,24,Low,Stable Income
Online seller,59828.0,25444,25930,0,35.25,57.5,42.5,0.0,1.3,Child Education,100000,18,High,Highly Variable Income
Gig worker,12368.0,17014,8770,3898,36.61,0.0,137.6,31.5,0.7,Child Education,100000,24,High,Financial Risk
Freelancer,71040.0,20429,152631,0,39.36,71.2,28.8,0.0,10.5,Child Education,100000,36,Medium,Highly Variable Income
Commission-based worker,40048.0,13756,69707,5072,71.19,53.0,34.3,12.7,6.1,Business Expansion,30000,24,Medium,Highly Variable Income
Small business owner,30775.0,22612,40677,8741,25.47,0.0,73.5,28.4,2.1,Child Education,100000,12,High,Financial Risk
Consultant,72437.0,37207,194638,0,34.65,48.6,51.4,0.0,6.1,Retirement Reserve,30000,6,Low,Moderately Variable Income
Consultant,90395.0,29445,92819,0,18.24,67.4,32.6,0.0,4.0,Retirement Reserve,50000,24,Low,Stable Income
Seasonal business owner,57918.0,26814,12400,15714,75.92,26.6,46.3,27.1,0.6,Business Expansion,150000,24,High,Financial Risk
Shop owner,29784.0,16313,130619,0,31.66,45.2,54.8,0.0,10.7,Working Capital Buffer,150000,24,Low,Moderately Variable Income
Self-employed person,17868.0,23295,190647,5796,47.31,0.0,130.4,32.4,10.6,Debt Repayment,30000,24,High,Financial Risk
Daily wage worker,10520.0,9113,7299,0,47.34,13.4,86.6,0.0,0.9,Working Capital Buffer,100000,12,High,Financial Risk
Seasonal business owner,83223.0,29999,14336,0,87.64,64.0,36.0,0.0,0.6,Emergency Fund,75000,18,High,Financial Risk
Consultant,108134.0,40071,43336,0,35.79,62.9,37.1,0.0,1.5,Debt Repayment,250000,6,High,Highly Variable Income
Shop owner,23925.0,25732,54086,0,19.85,0.0,107.6,0.0,3.1,Business Expansion,100000,12,High,Financial Risk
Online seller,49710.0,29207,34798,14913,46.37,11.2,58.8,30.0,1.4,Working Capital Buffer,250000,12,Medium,Moderately Variable Income
Shop owner,33793.0,16798,61643,9709,20.63,21.6,49.7,28.7,5.1,Retirement Reserve,250000,12,Low,Stable Income
Daily wage worker,11134.0,11153,57205,0,77.7,0.0,100.2,0.0,7.9,Working Capital Buffer,50000,36,High,Financial Risk
Seasonal business owner,101643.0,23684,119118,32608,66.71,44.6,23.3,32.1,6.2,Working Capital Buffer,30000,12,Medium,Highly Variable Income
Freelancer,52081.0,20479,21234,12382,16.06,36.9,39.3,23.8,1.3,Business Expansion,100000,36,Medium,Stable Income
Gig worker,12922.0,14847,157563,4844,25.8,0.0,114.9,37.5,14.5,Debt Repayment,75000,6,High,Financial Risk
Seasonal business owner,74376.0,28182,51876,25866,112.29,27.3,37.9,34.8,2.4,Debt Repayment,75000,6,High,Highly Variable Income
Commission-based worker,46293.0,22684,119936,6715,32.72,36.5,49.0,14.5,8.2,Working Capital Buffer,50000,36,Low,Moderately Variable Income
Seasonal business owner,43589.0,24610,119891,8581,60.83,23.9,56.5,19.7,7.1,Business Expansion,500000,36,Medium,Highly Variable Income
Small business owner,63116.0,17041,63675,0,45.42,73.0,27.0,0.0,4.3,Child Education,150000,6,Medium,Highly Variable Income
Self-employed person,41945.0,20660,11121,0,37.53,50.7,49.3,0.0,0.8,Home Downpayment,100000,12,High,Financial Risk
Self-employed person,24248.0,23904,210541,5259,23.46,0.0,98.6,21.7,10.2,Retirement Reserve,500000,24,High,Financial Risk
Online seller,65693.0,38618,198675,0,45.5,41.2,58.8,0.0,7.1,Home Downpayment,30000,6,Medium,Highly Variable Income
Shop owner,35544.0,20844,66409,0,19.3,41.4,58.6,0.0,4.1,Retirement Reserve,30000,24,Low,Stable Income
Commission-based worker,14329.0,25122,52923,2754,43.51,0.0,175.3,19.2,3.0,Home Downpayment,100000,6,High,Financial Risk
Online seller,57636.0,31322,239549,10172,55.08,28.0,54.3,17.6,11.1,Debt Repayment,75000,18,Medium,Highly Variable Income
Seasonal business owner,99368.0,27774,22919,0,43.3,72.0,28.0,0.0,1.1,Working Capital Buffer,500000,12,Medium,Moderately Variable Income
Daily wage worker,15987.0,10967,10304,0,37.3,31.4,68.6,0.0,1.4,Emergency Fund,500000,6,High,Highly Variable Income
Shop owner,34896.0,17401,100599,0,74.54,50.1,49.9,0.0,6.9,Emergency Fund,150000,24,Medium,Highly Variable Income
Seasonal business owner,47372.0,39329,218899,17322,33.16,0.0,83.0,36.6,8.5,Child Education,100000,24,High,Financial Risk
Commission-based worker,35616.0,17358,148186,10633,66.84,21.4,48.7,29.9,11.5,Retirement Reserve,75000,24,Medium,Highly Variable Income
Gig worker,21631.0,13131,15268,0,27.01,39.3,60.7,0.0,1.5,Retirement Reserve,500000,18,Medium,Moderately Variable Income
Small business owner,36156.0,29334,15440,0,50.75,18.9,81.1,0.0,0.7,Retirement Reserve,30000,24,High,Financial Risk
Self-employed person,30471.0,18358,70157,2615,38.34,31.2,60.2,8.6,5.0,Business Expansion,150000,24,Medium,Highly Variable Income
Freelancer,73755.0,20100,59551,16868,56.86,49.9,27.3,22.9,3.9,Child Education,100000,24,Medium,Highly Variable Income
Freelancer,33480.0,17059,37517,10249,87.01,18.4,51.0,30.6,2.9,Working Capital Buffer,500000,6,High,Highly Variable Income
Commission-based worker,50681.0,16243,12995,5024,31.42,58.0,32.0,9.9,1.0,Child Education,75000,12,Medium,Moderately Variable Income
Consultant,71385.0,32845,52921,8220,49.53,42.5,46.0,11.5,2.4,Working Capital Buffer,50000,12,High,Highly Variable Income
Online seller,59732.0,29957,57571,20729,38.86,15.1,50.2,34.7,2.5,Working Capital Buffer,500000,36,Medium,Moderately Variable Income
Online seller,72523.0,37887,76571,7350,21.31,37.6,52.2,10.1,3.0,Home Downpayment,50000,6,Low,Stable Income
Shop owner,25949.0,18923,68040,0,16.66,27.1,72.9,0.0,4.6,Business Expansion,250000,24,Low,Stable Income
Seasonal business owner,35949.0,25298,222089,6151,54.4,12.5,70.4,17.1,10.2,Emergency Fund,500000,12,Medium,Highly Variable Income
Daily wage worker,15570.0,15445,102969,0,35.06,0.8,99.2,0.0,10.2,Business Expansion,150000,6,Medium,Highly Variable Income
Self-employed person,55647.0,19402,80786,16717,37.19,35.1,34.9,30.0,5.2,Retirement Reserve,250000,36,Low,Moderately Variable Income
Shop owner,36507.0,27298,56257,8179,36.02,2.8,74.8,22.4,3.2,Child Education,75000,24,Low,Moderately Variable Income
Small business owner,29572.0,31540,208004,6443,29.69,0.0,106.7,21.8,9.1,Emergency Fund,500000,24,High,Financial Risk
Freelancer,46264.0,20063,23210,12497,24.51,29.6,43.4,27.0,1.8,Working Capital Buffer,150000,12,Medium,Moderately Variable Income
Seasonal business owner,70266.0,34125,174142,19553,21.05,23.6,48.6,27.8,7.6,Emergency Fund,100000,24,Low,Stable Income
Shop owner,25004.0,20411,9751,5775,31.77,0.0,81.6,23.1,0.6,Home Downpayment,150000,36,High,Financial Risk
Daily wage worker,15382.0,13888,12464,3703,60.12,0.0,90.3,24.1,1.3,Debt Repayment,50000,12,High,Financial Risk
Shop owner,13346.0,24495,24210,4647,54.6,0.0,183.5,34.8,1.3,Emergency Fund,150000,12,High,Financial Risk
Consultant,41432.0,37889,18519,0,13.46,8.6,91.4,0.0,0.6,Home Downpayment,50000,12,High,Financial Risk
Small business owner,53381.0,27311,64878,14794,44.62,21.1,51.2,27.7,3.2,Child Education,500000,18,Medium,Highly Variable Income
Daily wage worker,16949.0,14740,13326,5740,23.69,0.0,87.0,33.9,1.2,Retirement Reserve,30000,6,High,Financial Risk
Self-employed person,48876.0,25190,51859,3976,27.26,40.3,51.5,8.1,2.9,Business Expansion,500000,6,Medium,Moderately Variable Income
Seasonal business owner,70218.0,33228,14651,0,64.19,52.7,47.3,0.0,0.6,Business Expansion,75000,18,High,Financial Risk
Seasonal business owner,64459.0,30406,72493,0,31.37,52.8,47.2,0.0,3.5,Emergency Fund,50000,6,Low,Moderately Variable Income
Seasonal business owner,24161.0,26689,58738,4325,60.36,0.0,110.5,17.9,3.1,Debt Repayment,30000,24,High,Financial Risk
Seasonal business owner,68118.0,26764,105130,12453,45.8,42.4,39.3,18.3,4.8,Emergency Fund,500000,18,Low,Moderately Variable Income
Gig worker,26468.0,14725,12263,0,24.66,44.4,55.6,0.0,1.0,Child Education,75000,18,Medium,Moderately Variable Income
Commission-based worker,27832.0,26815,84372,0,77.71,3.7,96.3,0.0,4.7,Child Education,75000,6,Medium,Highly Variable Income
Small business owner,22066.0,17952,71345,0,61.02,18.6,81.4,0.0,4.6,Working Capital Buffer,500000,12,Medium,Highly Variable Income
Self-employed person,34050.0,27577,30962,6592,48.95,0.0,81.0,19.4,1.6,Working Capital Buffer,500000,24,High,Financial Risk
Shop owner,37142.0,20634,8427,3217,20.03,35.8,55.6,8.7,0.6,Emergency Fund,100000,24,High,Financial Risk
Online seller,34808.0,32741,74690,0,26.83,5.9,94.1,0.0,2.6,Debt Repayment,50000,6,Medium,Moderately Variable Income
Online seller,54654.0,31104,202804,0,20.35,43.1,56.9,0.0,7.6,Debt Repayment,100000,36,Low,Stable Income
Daily wage worker,12542.0,9017,8627,1775,39.78,14.0,71.9,14.2,1.2,Retirement Reserve,150000,18,High,Highly Variable Income
Commission-based worker,36093.0,16753,19502,8171,62.39,30.9,46.4,22.6,1.4,Home Downpayment,250000,36,High,Highly Variable Income
Gig worker,30856.0,13318,27757,6744,26.22,35.0,43.2,21.9,2.5,Working Capital Buffer,30000,18,Medium,Moderately Variable Income
Small business owner,65515.0,25973,22803,24342,45.11,23.2,39.6,37.2,1.3,Emergency Fund,100000,18,High,Highly Variable Income
Freelancer,40019.0,25684,22422,4187,70.89,25.4,64.2,10.5,1.2,Emergency Fund,75000,6,High,Highly Variable Income
Daily wage worker,9962.0,9351,99824,1753,50.24,0.0,93.9,17.6,13.0,Working Capital Buffer,75000,36,High,Financial Risk
Commission-based worker,49523.0,18044,19659,4822,27.68,53.8,36.4,9.7,1.3,Child Education,150000,12,Medium,Moderately Variable Income
Daily wage worker,15242.0,12242,6203,4948,46.99,0.0,80.3,32.5,0.8,Working Capital Buffer,250000,12,High,Financial Risk
Shop owner,42523.0,19018,42007,0,37.59,55.3,44.7,0.0,2.9,Retirement Reserve,75000,12,Medium,Moderately Variable Income
Online seller,50139.0,36565,278256,6264,37.46,14.6,72.9,12.5,11.1,Business Expansion,150000,18,Medium,Highly Variable Income
Consultant,89661.0,30892,16955,34887,26.39,26.6,34.5,38.9,0.8,Business Expansion,500000,6,High,Financial Risk
Daily wage worker,15196.0,12393,35304,5676,39.15,0.0,81.6,37.4,3.8,Child Education,100000,18,High,Financial Risk
Consultant,84839.0,40087,34789,0,48.29,52.7,47.3,0.0,1.3,Child Education,100000,36,High,Highly Variable Income
Seasonal business owner,67263.0,34255,39579,0,47.48,49.1,50.9,0.0,1.7,Child Education,30000,36,High,Highly Variable Income
Self-employed person,31016.0,24788,152123,0,20.42,20.1,79.9,0.0,7.7,Home Downpayment,150000,24,Low,Stable Income
Self-employed person,57813.0,24602,11630,7822,46.52,43.9,42.6,13.5,0.6,Business Expansion,50000,6,High,Financial Risk
Shop owner,41522.0,23532,94207,7231,55.81,25.9,56.7,17.4,4.9,Debt Repayment,150000,36,Medium,Highly Variable Income
Freelancer,51245.0,27019,31514,11400,60.21,25.0,52.7,22.2,1.6,Home Downpayment,500000,24,High,Highly Variable Income
Online seller,56767.0,31498,124310,18050,51.87,12.7,55.5,31.8,5.2,Child Education,100000,6,Medium,Highly Variable Income
Shop owner,22614.0,26877,60648,0,20.88,0.0,118.9,0.0,3.4,Working Capital Buffer,250000,18,High,Financial Risk
Consultant,98787.0,42657,18679,17901,22.11,38.7,43.2,18.1,0.6,Child Education,250000,18,High,Financial Risk
Freelancer,61436.0,22545,11259,0,62.9,63.3,36.7,0.0,0.6,Child Education,500000,6,High,Financial Risk
Daily wage worker,17769.0,12909,117057,0,50.77,27.4,72.6,0.0,13.8,Home Downpayment,100000,36,Medium,Highly Variable Income
Shop owner,43815.0,19026,79117,0,16.45,56.6,43.4,0.0,5.2,Working Capital Buffer,150000,12,Low,Stable Income
Consultant,54993.0,36322,254379,5268,34.84,24.4,66.0,9.6,10.6,Retirement Reserve,75000,6,Low,Moderately Variable Income
Consultant,113704.0,34457,34197,30340,21.12,43.0,30.3,26.7,1.5,Retirement Reserve,250000,12,Medium,Stable Income
Freelancer,26968.0,21185,86903,7735,69.32,0.0,78.6,28.7,4.7,Debt Repayment,150000,6,High,Financial Risk
Online seller,40620.0,27311,103054,13071,15.33,0.6,67.2,32.2,5.7,Emergency Fund,250000,18,Low,Stable Income
Gig worker,11438.0,17694,132765,4160,17.54,0.0,154.7,36.4,9.6,Working Capital Buffer,150000,6,High,Financial Risk
Commission-based worker,52570.0,23959,20942,16013,81.84,24.0,45.6,30.5,1.2,Business Expansion,50000,36,High,Highly Variable Income
Daily wage worker,22514.0,14960,42723,2854,29.61,20.9,66.4,12.7,3.9,Home Downpayment,500000,6,Low,Moderately Variable Income
Daily wage worker,11790.0,10220,4829,0,25.96,13.3,86.7,0.0,0.6,Home Downpayment,30000,6,High,Financial Risk
Freelancer,50428.0,25324,13107,0,71.2,49.8,50.2,0.0,0.7,Business Expansion,75000,36,High,Financial Risk
Online seller,55814.0,35238,20363,21960,18.82,0.0,63.1,39.3,0.8,Debt Repayment,75000,6,High,Financial Risk
Small business owner,42594.0,29246,29848,16701,23.25,0.0,68.7,39.2,1.5,Retirement Reserve,75000,6,High,Financial Risk
Self-employed person,23566.0,22166,70386,4029,19.31,0.0,94.1,17.1,4.7,Retirement Reserve,250000,6,High,Financial Risk
Commission-based worker,31801.0,22703,42839,0,27.42,28.6,71.4,0.0,2.7,Retirement Reserve,30000,12,Medium,Moderately Variable Income
Seasonal business owner,48901.0,28102,63398,0,52.24,42.5,57.5,0.0,2.8,Home Downpayment,250000,12,High,Highly Variable Income
Online seller,23638.0,30419,16964,0,41.88,0.0,128.7,0.0,0.8,Emergency Fund,100000,6,High,Financial Risk
Freelancer,36001.0,22123,233835,0,46.06,38.5,61.5,0.0,12.5,Emergency Fund,75000,6,Medium,Highly Variable Income
Online seller,44592.0,35282,178487,0,33.37,20.9,79.1,0.0,7.1,Retirement Reserve,500000,36,Low,Moderately Variable Income
Small business owner,58251.0,24450,98074,21937,19.03,20.4,42.0,37.7,6.2,Debt Repayment,50000,6,Low,Stable Income
Seasonal business owner,58303.0,20948,177502,5489,64.72,54.7,35.9,9.4,10.2,Working Capital Buffer,75000,6,Medium,Highly Variable Income
Freelancer,31264.0,24346,138801,7627,30.24,0.0,77.9,24.4,7.5,Home Downpayment,150000,24,High,Financial Risk
Commission-based worker,20702.0,23245,13846,6430,33.87,0.0,112.3,31.1,0.8,Working Capital Buffer,30000,36,High,Financial Risk
Seasonal business owner,66783.0,20792,130476,21788,53.9,36.2,31.1,32.6,8.0,Child Education,75000,18,Medium,Highly Variable Income
Self-employed person,50132.0,24907,49854,15455,16.91,19.5,49.7,30.8,2.7,Debt Repayment,150000,18,Low,Stable Income
Freelancer,64632.0,25355,28242,0,31.76,60.8,39.2,0.0,1.6,Child Education,250000,18,Medium,Moderately Variable Income
Seasonal business owner,105268.0,26319,236234,15507,48.69,60.3,25.0,14.7,13.0,Business Expansion,50000,36,Medium,Highly Variable Income
Online seller,70775.0,26649,21826,0,48.8,62.3,37.7,0.0,1.1,Child Education,250000,12,High,Highly Variable Income
Self-employed person,47740.0,19826,56527,14900,40.04,27.3,41.5,31.2,4.4,Emergency Fund,500000,18,Medium,Highly Variable Income
Daily wage worker,12383.0,13071,38675,3212,42.19,0.0,105.6,25.9,4.4,Business Expansion,150000,36,High,Financial Risk
Daily wage worker,8535.0,15310,14374,1902,38.06,0.0,179.4,22.3,1.4,Emergency Fund,250000,24,High,Financial Risk
Commission-based worker,36503.0,20659,23184,8360,45.78,20.5,56.6,22.9,1.6,Debt Repayment,30000,6,High,Highly Variable Income
Consultant,69621.0,40320,141024,26549,18.98,4.0,57.9,38.1,5.4,Business Expansion,500000,24,Low,Stable Income
Seasonal business owner,61133.0,25992,172341,17519,69.27,28.8,42.5,28.7,8.2,Child Education,75000,24,Medium,Highly Variable Income
Self-employed person,25026.0,17732,117624,8540,17.45,0.0,70.9,34.1,9.0,Home Downpayment,75000,24,High,Financial Risk
Freelancer,37947.0,19687,122720,10580,26.74,20.2,51.9,27.9,8.3,Retirement Reserve,500000,12,Low,Moderately Variable Income
Daily wage worker,20355.0,16176,15547,7831,49.53,0.0,79.5,38.5,1.4,Retirement Reserve,30000,36,High,Financial Risk
Small business owner,18851.0,31852,28048,6074,64.74,0.0,169.0,32.2,1.3,Emergency Fund,30000,36,High,Financial Risk
Gig worker,20386.0,21935,24524,2486,37.66,0.0,107.6,12.2,1.6,Working Capital Buffer,500000,24,High,Financial Risk
Self-employed person,22287.0,22447,92720,7125,36.85,0.0,100.7,32.0,5.9,Retirement Reserve,250000,6,High,Financial Risk
Shop owner,41165.0,27620,157121,14675,38.76,0.0,67.1,35.6,8.7,Business Expansion,150000,18,High,Financial Risk
Shop owner,34954.0,25460,20667,6395,29.47,8.9,72.8,18.3,1.3,Child Education,250000,36,Medium,Moderately Variable Income
Small business owner,55176.0,19971,116860,0,31.01,63.8,36.2,0.0,6.9,Working Capital Buffer,100000,18,Low,Moderately Variable Income
Shop owner,27187.0,17957,18463,9765,24.38,0.0,66.0,35.9,1.2,Child Education,100000,6,High,Financial Risk
Online seller,32545.0,38041,305456,0,79.63,0.0,116.9,0.0,12.2,Child Education,250000,24,High,Financial Risk
Gig worker,19370.0,20255,124932,1877,25.3,0.0,104.6,9.7,8.4,Emergency Fund,50000,24,High,Financial Risk
Consultant,101219.0,27676,213770,30658,34.69,42.4,27.3,30.3,9.9,Working Capital Buffer,30000,36,Medium,Highly Variable Income
Small business owner,40850.0,25409,57431,5235,23.9,25.0,62.2,12.8,3.0,Debt Repayment,150000,18,Low,Moderately Variable Income
Freelancer,46633.0,22903,119412,18218,69.65,11.8,49.1,39.1,8.0,Business Expansion,250000,36,Medium,Highly Variable Income
Small business owner,34142.0,22418,88917,6227,25.83,16.1,65.7,18.2,5.5,Working Capital Buffer,30000,36,Low,Moderately Variable Income
Freelancer,53608.0,18550,103428,20500,57.39,27.2,34.6,38.2,7.4,Retirement Reserve,75000,18,Medium,Highly Variable Income
Shop owner,31126.0,17069,13802,2763,11.73,36.3,54.8,8.9,1.0,Business Expansion,50000,36,Medium,Stable Income
Freelancer,40495.0,22077,86947,11967,49.58,15.9,54.5,29.6,4.6,Retirement Reserve,250000,24,Medium,Highly Variable Income
Small business owner,36120.0,31757,155992,0,14.13,12.1,87.9,0.0,7.3,Home Downpayment,75000,12,Low,Stable Income
Commission-based worker,50460.0,24072,250994,0,62.37,52.3,47.7,0.0,16.0,Debt Repayment,100000,36,Medium,Highly Variable Income
Self-employed person,29509.0,28028,46041,7680,15.94,0.0,95.0,26.0,2.2,Home Downpayment,30000,12,High,Financial Risk
Shop owner,49189.0,14015,30278,9013,44.15,53.2,28.5,18.3,2.5,Business Expansion,100000,6,High,Highly Variable Income
Freelancer,36511.0,24870,20953,8248,60.25,9.3,68.1,22.6,1.1,Retirement Reserve,30000,6,High,Highly Variable Income
Small business owner,62435.0,25440,129160,14592,33.71,35.9,40.7,23.4,6.4,Child Education,250000,24,Low,Moderately Variable Income
Commission-based worker,25304.0,21259,9836,0,63.83,16.0,84.0,0.0,0.6,Child Education,150000,24,High,Financial Risk
Online seller,70497.0,26410,197044,20000,37.66,34.2,37.5,28.4,10.8,Debt Repayment,75000,6,Low,Moderately Variable Income
Daily wage worker,9446.0,12988,113925,0,55.43,0.0,137.5,0.0,13.2,Debt Repayment,150000,6,High,Financial Risk
Seasonal business owner,107779.0,31454,64014,22683,20.42,49.8,29.2,21.0,2.5,Retirement Reserve,100000,18,Low,Stable Income
Online seller,36481.0,29685,237687,12379,60.23,0.0,81.4,33.9,10.6,Emergency Fund,100000,36,High,Financial Risk
Consultant,101969.0,29640,121286,39850,20.26,31.9,29.1,39.1,5.5,Debt Repayment,50000,18,Low,Stable Income
Shop owner,43769.0,22092,222041,0,13.47,49.5,50.5,0.0,14.6,Business Expansion,30000,18,Low,Stable Income
Online seller,87351.0,26583,131249,0,55.7,69.6,30.4,0.0,6.7,Working Capital Buffer,50000,36,Medium,Highly Variable Income
Freelancer,29239.0,23258,46678,8354,35.98,0.0,79.5,28.6,2.7,Home Downpayment,30000,18,High,Financial Risk
Commission-based worker,24451.0,21546,12681,3390,18.07,0.0,88.1,13.9,0.8,Business Expansion,50000,18,High,Financial Risk
Small business owner,45953.0,32543,27426,14738,38.41,0.0,70.8,32.1,1.2,Child Education,250000,12,High,Financial Risk
Seasonal business owner,79816.0,32552,32592,26639,75.74,25.8,40.8,33.4,1.3,Home Downpayment,150000,24,High,Highly Variable Income
Commission-based worker,22575.0,24050,23111,5874,26.61,0.0,106.5,26.0,1.3,Debt Repayment,250000,24,High,Financial Risk
Freelancer,42308.0,29421,55517,0,62.16,30.5,69.5,0.0,2.9,Debt Repayment,50000,24,High,Highly Variable Income
Small business owner,51345.0,24203,74448,0,34.99,52.9,47.1,0.0,3.7,Child Education,250000,18,Low,Moderately Variable Income
Small business owner,29046.0,30463,24380,6929,27.41,0.0,104.9,23.9,1.1,Home Downpayment,75000,6,High,Financial Risk
Gig worker,20752.0,17380,86909,0,18.56,16.3,83.7,0.0,6.6,Working Capital Buffer,150000,36,Low,Stable Income
Online seller,64946.0,35880,329369,17530,13.31,17.8,55.2,27.0,13.4,Debt Repayment,150000,12,Low,Stable Income
Small business owner,23866.0,32457,72642,0,30.48,0.0,136.0,0.0,3.2,Child Education,50000,12,High,Financial Risk
Freelancer,68464.0,17570,49971,18703,44.97,47.0,25.7,27.3,3.6,Working Capital Buffer,50000,24,Medium,Highly Variable Income
Online seller,66222.0,33892,18750,14708,16.82,26.6,51.2,22.2,0.8,Working Capital Buffer,75000,6,High,Financial Risk
Shop owner,39931.0,27809,28992,14346,20.62,0.0,69.6,35.9,1.6,Business Expansion,100000,36,High,Financial Risk
Small business owner,36107.0,30298,50538,11540,29.52,0.0,83.9,32.0,2.4,Business Expansion,100000,36,High,Financial Risk
Freelancer,45076.0,19345,97399,0,42.2,57.1,42.9,0.0,6.0,Retirement Reserve,75000,36,Medium,Highly Variable Income
Commission-based worker,17169.0,17894,41395,6332,42.11,0.0,104.2,36.9,2.9,Emergency Fund,50000,12,High,Financial Risk
Online seller,45179.0,27104,85944,4950,67.96,29.1,60.0,11.0,4.2,Retirement Reserve,30000,6,Medium,Highly Variable Income
Online seller,97440.0,34959,57468,11446,31.04,52.4,35.9,11.7,2.3,Debt Repayment,250000,36,Medium,Moderately Variable Income
Online seller,45518.0,34407,71752,11316,35.46,0.0,75.6,24.9,2.8,Business Expansion,30000,24,High,Financial Risk
Shop owner,66577.0,20517,81942,25418,32.55,31.0,30.8,38.2,5.1,Debt Repayment,100000,12,Low,Moderately Variable Income
Gig worker,45544.0,19220,37104,11285,22.75,33.0,42.2,24.8,2.6,Working Capital Buffer,150000,36,Medium,Moderately Variable Income
Commission-based worker,32410.0,19366,78851,10620,18.0,7.5,59.8,32.8,5.6,Working Capital Buffer,30000,12,Low,Stable Income
Gig worker,11240.0,16316,107814,3188,11.93,0.0,145.2,28.4,9.4,Debt Repayment,30000,12,High,Financial Risk
Consultant,81964.0,27841,48149,8624,31.7,55.5,34.0,10.5,2.0,Child Education,50000,18,Medium,Moderately Variable Income
Shop owner,42623.0,17669,87033,5358,36.76,46.0,41.5,12.6,5.9,Emergency Fund,500000,24,Low,Moderately Variable Income
Small business owner,54060.0,18473,140715,8891,45.33,49.4,34.2,16.4,8.9,Business Expansion,150000,6,Medium,Highly Variable Income
Self-employed person,54670.0,21136,205553,17073,27.16,30.1,38.7,31.2,13.9,Working Capital Buffer,500000,6,Low,Moderately Variable Income
Shop owner,47999.0,19680,40654,9912,37.19,38.3,41.0,20.7,3.0,Business Expansion,250000,12,Low,Moderately Variable Income
Freelancer,66799.0,25111,262360,0,50.21,62.4,37.6,0.0,14.3,Working Capital Buffer,75000,6,Medium,Highly Variable Income
Small business owner,34762.0,23134,50255,10783,28.48,2.4,66.5,31.0,3.2,Business Expansion,30000,6,Low,Moderately Variable Income
Commission-based worker,38702.0,20951,153726,4306,54.03,34.7,54.1,11.1,10.5,Child Education,100000,18,Medium,Highly Variable Income
Commission-based worker,31043.0,19006,92904,0,51.74,38.8,61.2,0.0,6.0,Child Education,30000,24,Medium,Highly Variable Income
Daily wage worker,19242.0,12739,13379,2775,51.57,19.4,66.2,14.4,1.6,Working Capital Buffer,50000,18,High,Highly Variable Income
Shop owner,21346.0,15603,6446,8233,24.54,0.0,73.1,38.6,0.5,Retirement Reserve,100000,6,High,Financial Risk
Daily wage worker,15285.0,9030,15030,2501,29.79,24.6,59.1,16.4,1.9,Child Education,250000,18,Medium,Moderately Variable Income
Freelancer,37678.0,22327,77583,0,26.87,40.7,59.3,0.0,4.5,Emergency Fund,150000,36,Low,Moderately Variable Income
Freelancer,69921.0,26623,216696,9979,18.41,47.7,38.1,14.3,12.1,Emergency Fund,30000,12,Low,Stable Income
Shop owner,39959.0,18188,8121,8933,29.68,32.1,45.5,22.4,0.5,Debt Repayment,30000,6,High,Financial Risk
Gig worker,25866.0,18006,57449,3867,32.58,15.4,69.6,15.0,4.6,Home Downpayment,75000,36,Low,Moderately Variable Income
Commission-based worker,20288.0,24650,176747,4187,56.76,0.0,121.5,20.6,10.6,Retirement Reserve,500000,18,High,Financial Risk
Online seller,66750.0,31576,158211,0,31.45,52.7,47.3,0.0,7.5,Working Capital Buffer,50000,6,Medium,Highly Variable Income
Shop owner,45179.0,22528,24521,5557,24.98,37.8,49.9,12.3,1.3,Debt Repayment,75000,36,Medium,Moderately Variable Income
Consultant,98840.0,45517,39162,10534,53.93,43.3,46.1,10.7,1.2,Retirement Reserve,150000,12,High,Highly Variable Income
Freelancer,50235.0,22116,42285,0,75.97,56.0,44.0,0.0,2.4,Working Capital Buffer,100000,12,High,Highly Variable Income
Freelancer,64799.0,24932,86454,0,37.68,61.5,38.5,0.0,5.3,Emergency Fund,75000,24,Low,Moderately Variable Income
Self-employed person,26965.0,16722,18540,10626,34.8,0.0,62.0,39.4,1.3,Working Capital Buffer,100000,18,High,Financial Risk
Freelancer,42539.0,16559,53203,10391,62.48,36.6,38.9,24.4,4.0,Child Education,75000,18,Medium,Highly Variable Income
Gig worker,17064.0,12946,53424,0,30.35,24.1,75.9,0.0,5.6,Retirement Reserve,50000,6,Low,Moderately Variable Income
Shop owner,25942.0,21898,136123,6612,25.32,0.0,84.4,25.5,8.5,Emergency Fund,500000,12,High,Financial Risk
Commission-based worker,32726.0,17455,9370,0,54.0,46.7,53.3,0.0,0.7,Retirement Reserve,50000,6,High,Financial Risk
Gig worker,20437.0,13992,6287,5005,59.44,7.0,68.5,24.5,0.5,Debt Repayment,150000,6,High,Financial Risk
Shop owner,59284.0,16455,158795,0,21.18,72.2,27.8,0.0,12.6,Emergency Fund,30000,18,Low,Stable Income
Seasonal business owner,51064.0,30148,28696,13403,25.93,14.7,59.0,26.2,1.4,Working Capital Buffer,500000,12,Medium,Moderately Variable Income
Consultant,89941.0,32536,101505,0,20.21,63.8,36.2,0.0,4.5,Retirement Reserve,500000,24,Low,Stable Income
Consultant,48940.0,43651,300552,0,23.27,10.8,89.2,0.0,9.7,Home Downpayment,100000,12,Low,Moderately Variable Income
Online seller,52634.0,24985,40452,6736,65.88,39.7,47.5,12.8,1.9,Child Education,250000,6,High,Highly Variable Income
Self-employed person,32042.0,16087,55142,5839,70.29,31.6,50.2,18.2,4.3,Debt Repayment,500000,6,Medium,Highly Variable Income
Self-employed person,28745.0,25710,133808,0,39.97,10.6,89.4,0.0,7.2,Child Education,150000,6,Medium,Highly Variable Income
Consultant,79790.0,33090,30367,19969,27.94,33.5,41.5,25.0,1.1,Business Expansion,75000,6,Medium,Moderately Variable Income
Gig worker,25626.0,14219,117775,6811,39.1,17.9,55.5,26.6,11.9,Debt Repayment,50000,36,Medium,Highly Variable Income
Daily wage worker,15000.0,15351,25255,2173,22.78,0.0,102.3,14.5,2.5,Business Expansion,30000,18,High,Financial Risk
Shop owner,23354.0,15256,155983,2070,16.22,25.8,65.3,8.9,11.9,Working Capital Buffer,150000,12,Low,Stable Income
Consultant,77287.0,32779,176303,0,24.81,57.6,42.4,0.0,7.5,Debt Repayment,250000,36,Low,Moderately Variable Income
Shop owner,36389.0,24729,48682,0,23.74,32.0,68.0,0.0,2.6,Debt Repayment,50000,24,Medium,Moderately Variable Income
Daily wage worker,8611.0,12712,119140,3367,42.22,0.0,147.6,39.1,12.4,Debt Repayment,30000,24,High,Financial Risk
Small business owner,43522.0,30125,171148,9586,80.97,8.8,69.2,22.0,8.0,Home Downpayment,50000,6,Medium,Highly Variable Income
Small business owner,71021.0,34195,127303,11633,50.56,35.5,48.1,16.4,5.7,Business Expansion,100000,36,Medium,Highly Variable Income
Online seller,57240.0,35793,74929,7685,27.59,24.0,62.5,13.4,3.0,Retirement Reserve,250000,18,Low,Moderately Variable Income
Gig worker,12139.0,15388,44064,3876,62.06,0.0,126.8,31.9,4.3,Retirement Reserve,75000,36,High,Financial Risk
Online seller,16761.0,35572,59564,0,46.34,0.0,212.2,0.0,2.5,Emergency Fund,500000,24,High,Financial Risk
Shop owner,19554.0,18711,105105,4485,32.86,0.0,95.7,22.9,7.5,Working Capital Buffer,30000,36,High,Financial Risk
Commission-based worker,19939.0,16873,15325,6358,32.75,0.0,84.6,31.9,1.2,Working Capital Buffer,50000,24,High,Financial Risk
Commission-based worker,18619.0,24077,93569,6854,44.9,0.0,129.3,36.8,5.9,Debt Repayment,30000,6,High,Financial Risk
Shop owner,50185.0,17398,109983,0,13.96,65.3,34.7,0.0,8.0,Business Expansion,500000,24,Low,Stable Income
Seasonal business owner,81692.0,28604,48904,0,77.5,65.0,35.0,0.0,2.6,Home Downpayment,75000,18,High,Highly Variable Income
Freelancer,41047.0,24127,14098,14211,84.92,6.6,58.8,34.6,0.8,Emergency Fund,50000,18,High,Financial Risk
Gig worker,16932.0,18188,71557,0,23.65,0.0,107.4,0.0,6.0,Retirement Reserve,50000,36,High,Financial Risk
Small business owner,11307.0,26735,188352,0,103.5,0.0,236.4,0.0,8.6,Debt Repayment,250000,24,High,Financial Risk
Shop owner,34999.0,21515,25301,9170,25.2,12.3,61.5,26.2,1.7,Business Expansion,100000,6,Medium,Moderately Variable Income
Shop owner,24346.0,23919,79459,5919,16.13,0.0,98.2,24.3,4.4,Child Education,250000,18,High,Financial Risk
Daily wage worker,16418.0,10865,63566,6081,38.73,0.0,66.2,37.0,8.4,Retirement Reserve,30000,36,High,Financial Risk
Shop owner,17309.0,25443,93176,6610,39.46,0.0,147.0,38.2,5.3,Working Capital Buffer,250000,36,High,Financial Risk
Daily wage worker,11060.0,12933,131725,0,57.7,0.0,116.9,0.0,12.3,Emergency Fund,75000,18,High,Financial Risk
Shop owner,30589.0,21198,83803,8114,16.32,4.2,69.3,26.5,5.7,Retirement Reserve,150000,12,Low,Stable Income
Online seller,63936.0,29624,175692,0,48.53,53.7,46.3,0.0,7.5,Debt Repayment,500000,18,Medium,Highly Variable Income
Consultant,82428.0,38881,129285,0,15.93,52.8,47.2,0.0,4.6,Home Downpayment,250000,12,Low,Stable Income
Daily wage worker,22180.0,15457,145002,7920,34.1,0.0,69.7,35.7,13.5,Debt Repayment,50000,24,High,Financial Risk
Seasonal business owner,77638.0,24570,23062,11250,45.59,53.9,31.6,14.5,1.3,Home Downpayment,30000,24,High,Highly Variable Income
Small business owner,33442.0,27596,13078,0,7.8,17.5,82.5,0.0,0.6,Business Expansion,250000,36,High,Financial Risk
Consultant,62708.0,38345,87487,0,20.81,38.9,61.1,0.0,2.8,Retirement Reserve,250000,36,Low,Stable Income
Self-employed person,33887.0,19333,35746,0,25.46,42.9,57.1,0.0,2.5,Retirement Reserve,100000,36,Medium,Moderately Variable Income
Commission-based worker,32905.0,19188,22982,0,32.09,41.7,58.3,0.0,1.4,Debt Repayment,75000,36,Medium,Moderately Variable Income
Consultant,87190.0,38579,207358,13271,21.91,40.5,44.2,15.2,7.0,Business Expansion,50000,24,Low,Stable Income
Online seller,117645.0,35087,15155,0,26.9,70.2,29.8,0.0,0.6,Child Education,50000,24,High,Financial Risk
Commission-based worker,17823.0,19200,159012,0,66.45,0.0,107.7,0.0,11.6,Emergency Fund,150000,36,High,Financial Risk
Small business owner,40728.0,32694,126308,0,46.71,19.7,80.3,0.0,5.9,Home Downpayment,250000,6,Medium,Highly Variable Income
Shop owner,42648.0,20113,73930,4359,22.84,42.6,47.2,10.2,4.3,Child Education,50000,36,Low,Moderately Variable Income
Daily wage worker,18803.0,10435,5958,1834,61.15,34.8,55.5,9.8,0.7,Business Expansion,75000,12,High,Financial Risk
Shop owner,56800.0,17990,19942,0,27.33,68.3,31.7,0.0,1.6,Child Education,50000,36,Medium,Moderately Variable Income
Consultant,107546.0,25520,47082,42546,46.59,36.7,23.7,39.6,2.2,Debt Repayment,250000,12,High,Highly Variable Income
Consultant,112459.0,38761,388025,31319,33.48,37.7,34.5,27.8,13.6,Retirement Reserve,30000,12,Low,Moderately Variable Income
Online seller,40198.0,22748,11226,5626,59.94,29.4,56.6,14.0,0.6,Retirement Reserve,50000,6,High,Financial Risk
Consultant,93648.0,28161,53328,0,18.54,69.9,30.1,0.0,2.3,Business Expansion,30000,24,Low,Stable Income
Shop owner,36748.0,18699,17795,3438,37.45,39.8,50.9,9.4,1.2,Child Education,500000,12,Medium,Moderately Variable Income
Gig worker,18819.0,13116,27359,4023,23.18,8.9,69.7,21.4,2.5,Working Capital Buffer,75000,6,Medium,Moderately Variable Income
Consultant,62442.0,43294,465990,17991,21.23,1.9,69.3,28.8,15.3,Working Capital Buffer,75000,36,Low,Stable Income
Online seller,67607.0,26452,130231,15171,19.75,38.4,39.1,22.4,5.8,Child Education,100000,36,Low,Stable Income
Seasonal business owner,43020.0,24515,196533,0,83.1,43.0,57.0,0.0,11.6,Home Downpayment,50000,6,Medium,Highly Variable Income
Online seller,47685.0,32892,129463,5763,18.54,18.9,69.0,12.1,4.8,Home Downpayment,30000,6,Low,Stable Income
Self-employed person,29737.0,24347,85469,5671,39.66,0.0,81.9,19.1,5.2,Emergency Fund,250000,6,High,Financial Risk
Online seller,69245.0,33387,166893,0,26.9,51.8,48.2,0.0,6.5,Emergency Fund,500000,24,Low,Moderately Variable Income
Freelancer,25718.0,17109,154311,5485,33.93,12.1,66.5,21.3,10.8,Emergency Fund,500000,24,Low,Moderately Variable Income
Gig worker,13559.0,19791,102253,2411,15.48,0.0,146.0,17.8,6.7,Debt Repayment,500000,12,High,Financial Risk
Consultant,62801.0,26014,107672,0,10.85,58.6,41.4,0.0,5.0,Home Downpayment,100000,6,Low,Stable Income
Small business owner,31456.0,22299,47579,9615,58.78,0.0,70.9,30.6,2.8,Home Downpayment,100000,36,High,Financial Risk
Daily wage worker,15121.0,12890,51900,3970,44.18,0.0,85.2,26.3,5.5,Child Education,30000,6,High,Financial Risk
Commission-based worker,59418.0,21285,116223,0,35.43,64.2,35.8,0.0,6.5,Business Expansion,250000,24,Low,Moderately Variable Income
Seasonal business owner,82126.0,27803,50254,0,48.83,66.1,33.9,0.0,2.2,Home Downpayment,500000,18,High,Highly Variable Income
Self-employed person,51086.0,15286,17328,7136,30.87,56.1,29.9,14.0,1.3,Business Expansion,250000,12,Medium,Moderately Variable Income
Self-employed person,47455.0,18957,105714,0,51.44,60.1,39.9,0.0,7.0,Business Expansion,50000,24,Medium,Highly Variable Income
Gig worker,12366.0,18926,122074,0,17.36,0.0,153.0,0.0,8.2,Debt Repayment,150000,24,High,Financial Risk
Daily wage worker,10272.0,15206,8080,0,39.88,0.0,148.0,0.0,0.8,Business Expansion,30000,6,High,Financial Risk
Small business owner,44638.0,24674,84992,0,25.68,44.7,55.3,0.0,4.8,Debt Repayment,250000,18,Low,Moderately Variable Income
Gig worker,9432.0,21076,121058,0,55.2,0.0,223.4,0.0,8.3,Business Expansion,500000,24,High,Financial Risk
Seasonal business owner,77312.0,31304,187419,22094,32.39,30.9,40.5,28.6,8.2,Working Capital Buffer,30000,18,Low,Moderately Variable Income
Daily wage worker,11582.0,12872,5551,3525,39.29,0.0,111.1,30.4,0.5,Working Capital Buffer,50000,36,High,Financial Risk
Freelancer,54259.0,18872,120467,0,49.63,65.2,34.8,0.0,9.0,Child Education,500000,24,Medium,Highly Variable Income
Seasonal business owner,31524.0,25606,154194,9617,72.12,0.0,81.2,30.5,8.3,Home Downpayment,150000,12,High,Financial Risk
Small business owner,51863.0,26023,183885,18301,61.9,14.5,50.2,35.3,9.5,Business Expansion,500000,12,Medium,Highly Variable Income
Shop owner,28731.0,18176,66702,9057,57.62,5.2,63.3,31.5,5.0,Child Education,50000,36,Medium,Highly Variable Income
Online seller,84955.0,25969,131812,18931,43.21,47.1,30.6,22.3,7.1,Debt Repayment,150000,18,Medium,Highly Variable Income
Daily wage worker,6982.0,12698,82961,1438,36.97,0.0,181.9,20.6,9.0,Home Downpayment,100000,6,High,Financial Risk
Consultant,113557.0,27898,105513,21455,21.34,56.5,24.6,18.9,4.4,Business Expansion,250000,24,Low,Stable Income
Seasonal business owner,43864.0,24166,11376,12088,32.6,17.3,55.1,27.6,0.5,Emergency Fund,250000,6,High,Financial Risk
Small business owner,57538.0,25304,21488,14770,23.95,30.4,44.0,25.7,1.1,Business Expansion,30000,36,Medium,Moderately Variable Income
Commission-based worker,35114.0,18981,33027,9455,26.83,19.0,54.1,26.9,2.1,Emergency Fund,500000,6,Medium,Moderately Variable Income
Commission-based worker,27115.0,16742,135175,8872,29.35,5.5,61.7,32.7,9.6,Working Capital Buffer,100000,18,Low,Moderately Variable Income
Daily wage worker,8693.0,12519,61705,1176,28.6,0.0,144.0,13.5,6.7,Retirement Reserve,75000,12,High,Financial Risk
Freelancer,66084.0,19971,17204,0,21.78,69.8,30.2,0.0,1.0,Retirement Reserve,50000,24,Medium,Stable Income
Gig worker,28846.0,17417,15829,8607,28.24,9.8,60.4,29.8,1.2,Child Education,100000,12,Medium,Moderately Variable Income
Freelancer,54982.0,22890,194989,16196,33.6,28.9,41.6,29.5,11.3,Child Education,75000,18,Low,Moderately Variable Income
Daily wage worker,18228.0,13616,27898,5206,86.14,0.0,74.7,28.6,2.7,Home Downpayment,100000,12,High,Financial Risk
Shop owner,63155.0,14979,6699,0,17.57,76.3,23.7,0.0,0.5,Emergency Fund,30000,12,High,Financial Risk
Consultant,92104.0,27370,26316,0,12.27,70.3,29.7,0.0,1.2,Retirement Reserve,75000,24,Medium,Stable Income
Shop owner,16542.0,22031,84893,5885,39.05,0.0,133.2,35.6,4.5,Working Capital Buffer,30000,24,High,Financial Risk
Consultant,87369.0,37184,63141,0,19.87,57.4,42.6,0.0,2.5,Emergency Fund,150000,12,Low,Stable Income
Self-employed person,24451.0,25027,49618,6623,12.49,0.0,102.4,27.1,2.9,Home Downpayment,100000,36,High,Financial Risk
Consultant,132747.0,30451,18049,32588,14.69,52.5,22.9,24.5,0.7,Debt Repayment,150000,24,High,Financial Risk
Freelancer,62619.0,21820,162897,11182,32.55,47.3,34.8,17.9,9.5,Emergency Fund,50000,6,Low,Moderately Variable Income
Commission-based worker,21010.0,17189,16687,7018,73.08,0.0,81.8,33.4,1.5,Emergency Fund,250000,18,High,Financial Risk
Consultant,101553.0,34461,137150,28723,44.31,37.8,33.9,28.3,4.6,Home Downpayment,100000,6,Low,Moderately Variable Income
Small business owner,25578.0,24641,10690,0,48.17,3.7,96.3,0.0,0.6,Home Downpayment,50000,12,High,Financial Risk
Commission-based worker,41508.0,16540,9054,6516,41.76,44.5,39.8,15.7,0.6,Working Capital Buffer,75000,36,High,Financial Risk
Self-employed person,42535.0,22039,112094,7572,30.4,30.4,51.8,17.8,5.9,Working Capital Buffer,75000,24,Low,Moderately Variable Income
Small business owner,31628.0,20539,175272,5654,65.19,17.2,64.9,17.9,9.9,Business Expansion,75000,24,Medium,Highly Variable Income
Small business owner,35191.0,33965,15923,10949,28.94,0.0,96.5,31.1,0.7,Business Expansion,150000,24,High,Financial Risk
Commission-based worker,25812.0,17810,8998,0,53.56,31.0,69.0,0.0,0.8,Child Education,30000,24,High,Financial Risk
Shop owner,37603.0,22110,10985,12233,37.21,8.7,58.8,32.5,0.8,Working Capital Buffer,250000,12,High,Financial Risk
Commission-based worker,27710.0,17978,34420,5829,39.88,14.1,64.9,21.0,2.4,Retirement Reserve,500000,24,High,Highly Variable Income
Small business owner,39032.0,21107,49962,13028,69.0,12.5,54.1,33.4,2.8,Working Capital Buffer,150000,36,High,Highly Variable Income
Seasonal business owner,41641.0,20579,11880,14260,65.04,16.3,49.4,34.2,0.7,Home Downpayment,75000,24,High,Financial Risk
Seasonal business owner,37940.0,29216,53121,4073,83.57,12.3,77.0,10.7,2.4,Child Education,30000,24,High,Highly Variable Income
Commission-based worker,28486.0,25944,220054,6101,59.16,0.0,91.1,21.4,12.3,Working Capital Buffer,250000,6,High,Financial Risk
Commission-based worker,22704.0,23752,220780,4616,25.35,0.0,104.6,20.3,13.9,Retirement Reserve,250000,36,High,Financial Risk
Shop owner,22226.0,25080,157479,6239,34.32,0.0,112.8,28.1,9.0,Child Education,500000,24,High,Financial Risk
Online seller,36903.0,21922,11486,6932,46.17,21.8,59.4,18.8,0.6,Emergency Fund,250000,6,High,Financial Risk
Self-employed person,56094.0,27013,31024,0,13.86,51.8,48.2,0.0,1.5,Child Education,50000,12,Medium,Stable Income
Seasonal business owner,52210.0,25468,12516,0,32.07,51.2,48.8,0.0,0.7,Business Expansion,30000,6,High,Financial Risk
Daily wage worker,8978.0,12962,30969,0,20.7,0.0,144.4,0.0,3.6,Debt Repayment,75000,24,High,Financial Risk
Daily wage worker,10731.0,10036,60324,1861,42.07,0.0,93.5,17.3,7.2,Business Expansion,150000,18,High,Financial Risk
Seasonal business owner,38568.0,28493,62276,11826,41.28,0.0,73.9,30.7,2.5,Working Capital Buffer,30000,12,High,Financial Risk
Seasonal business owner,43914.0,31738,218961,8817,52.73,7.7,72.3,20.1,10.0,Debt Repayment,50000,36,Medium,Highly Variable Income
Daily wage worker,5358.0,10199,10512,1260,67.54,0.0,190.4,23.5,1.5,Business Expansion,50000,24,High,Financial Risk
Consultant,58307.0,29377,102971,0,22.05,49.6,50.4,0.0,4.1,Business Expansion,30000,12,Low,Moderately Variable Income
Shop owner,21142.0,21003,222210,4991,38.29,0.0,99.3,23.6,16.1,Child Education,30000,36,High,Financial Risk
Consultant,114676.0,33269,15353,24654,22.82,49.5,29.0,21.5,0.6,Emergency Fund,30000,6,High,Financial Risk
Freelancer,78724.0,24670,49659,15526,28.31,48.9,31.3,19.7,2.6,Home Downpayment,30000,18,Medium,Moderately Variable Income
Online seller,41971.0,23906,256057,10369,50.97,18.3,57.0,24.7,13.7,Retirement Reserve,30000,12,Medium,Highly Variable Income
Freelancer,26945.0,22968,46730,0,63.73,14.8,85.2,0.0,2.7,Business Expansion,75000,36,High,Highly Variable Income
Self-employed person,43670.0,19905,23388,9908,33.44,31.7,45.6,22.7,1.7,Child Education,50000,12,Medium,Moderately Variable Income
Small business owner,44662.0,26166,107180,6092,30.62,27.8,58.6,13.6,5.0,Debt Repayment,500000,36,Low,Moderately Variable Income
Commission-based worker,50676.0,22162,11852,13679,28.15,29.3,43.7,27.0,0.7,Emergency Fund,250000,24,High,Financial Risk
Gig worker,17728.0,17537,16904,6155,18.59,0.0,98.9,34.7,1.4,Child Education,500000,12,High,Financial Risk
Consultant,74425.0,32980,103090,25028,59.72,22.1,44.3,33.6,4.1,Working Capital Buffer,50000,6,Medium,Highly Variable Income
Online seller,54569.0,34491,127754,18028,39.8,3.8,63.2,33.0,4.9,Retirement Reserve,250000,6,Medium,Highly Variable Income
Small business owner,44025.0,21092,183019,0,50.77,52.1,47.9,0.0,10.2,Emergency Fund,100000,24,Medium,Highly Variable Income
Self-employed person,24926.0,19314,16275,2136,21.73,13.9,77.5,8.6,1.2,Child Education,500000,6,Medium,Stable Income
Commission-based worker,31831.0,16756,65982,0,54.55,47.4,52.6,0.0,5.2,Home Downpayment,150000,24,Medium,Highly Variable Income
Online seller,76054.0,32185,240436,0,42.22,57.7,42.3,0.0,8.8,Business Expansion,150000,6,Medium,Highly Variable Income
Seasonal business owner,50058.0,35934,17238,9143,49.75,10.0,71.8,18.3,0.7,Home Downpayment,500000,24,High,Financial Risk
Online seller,50735.0,34257,123905,15104,10.9,2.7,67.5,29.8,4.5,Child Education,500000,36,Low,Stable Income
Daily wage worker,13020.0,15949,38165,0,41.91,0.0,122.5,0.0,3.4,Working Capital Buffer,150000,24,High,Financial Risk
Daily wage worker,25712.0,14580,112055,6049,52.77,19.8,56.7,23.5,11.8,Debt Repayment,150000,18,Medium,Highly Variable Income
Small business owner,46593.0,24597,39752,4085,73.26,38.4,52.8,8.8,1.9,Business Expansion,500000,24,High,Highly Variable Income
Seasonal business owner,101107.0,24124,47251,0,44.96,76.1,23.9,0.0,2.4,Debt Repayment,150000,18,High,Highly Variable Income
Online seller,66265.0,40238,17452,26141,21.23,0.0,60.7,39.4,0.7,Debt Repayment,30000,36,High,Financial Risk
Shop owner,34263.0,21714,9677,0,20.88,36.6,63.4,0.0,0.5,Child Education,500000,12,High,Financial Risk
Self-employed person,19729.0,25955,29050,7866,33.18,0.0,131.6,39.9,1.6,Emergency Fund,500000,12,High,Financial Risk
Online seller,55180.0,31142,261142,0,24.33,43.6,56.4,0.0,11.0,Child Education,500000,18,Low,Moderately Variable Income
Seasonal business owner,75586.0,26485,12900,16449,54.5,43.2,35.0,21.8,0.7,Home Downpayment,30000,24,High,Financial Risk
Consultant,88985.0,34189,104049,0,15.09,61.6,38.4,0.0,4.7,Emergency Fund,50000,24,Low,Stable Income
Gig worker,18436.0,17568,9569,5054,21.83,0.0,95.3,27.4,0.7,Working Capital Buffer,250000,36,High,Financial Risk
Commission-based worker,21395.0,22884,138313,0,51.86,0.0,107.0,0.0,9.2,Emergency Fund,250000,12,High,Financial Risk
Self-employed person,40832.0,16190,15358,0,32.84,60.3,39.7,0.0,1.1,Child Education,50000,36,Medium,Moderately Variable Income
Daily wage worker,9780.0,15633,60090,0,22.98,0.0,159.9,0.0,5.7,Debt Repayment,30000,18,High,Financial Risk
Seasonal business owner,37216.0,29038,47149,5677,53.62,6.7,78.0,15.3,2.0,Emergency Fund,500000,12,High,Highly Variable Income
Daily wage worker,13598.0,14452,7170,4432,44.6,0.0,106.3,32.6,0.7,Retirement Reserve,150000,6,High,Financial Risk
Small business owner,57452.0,29821,282569,0,33.83,48.1,51.9,0.0,12.1,Debt Repayment,250000,36,Low,Moderately Variable Income
Seasonal business owner,36404.0,26042,81558,0,65.0,28.5,71.5,0.0,4.3,Debt Repayment,75000,6,Medium,Highly Variable Income
Daily wage worker,15596.0,12872,5507,0,25.12,17.5,82.5,0.0,0.5,Debt Repayment,75000,6,High,Financial Risk
Gig worker,22426.0,16652,32633,0,31.69,25.7,74.3,0.0,2.8,Child Education,30000,12,Medium,Moderately Variable Income
Small business owner,31357.0,30069,49288,6380,53.01,0.0,95.9,20.3,2.2,Home Downpayment,250000,6,High,Financial Risk
Seasonal business owner,51166.0,27079,11639,8184,66.93,31.1,52.9,16.0,0.5,Emergency Fund,500000,36,High,Financial Risk
Daily wage worker,12962.0,11938,102626,0,35.02,7.9,92.1,0.0,13.0,Home Downpayment,250000,12,Low,Moderately Variable Income
Online seller,38613.0,32904,33503,6278,33.56,0.0,85.2,16.3,1.5,Home Downpayment,75000,6,High,Financial Risk
Shop owner,40944.0,21982,107211,9371,21.4,23.4,53.7,22.9,7.0,Child Education,75000,24,Low,Stable Income
Small business owner,56001.0,32697,176810,0,25.53,41.6,58.4,0.0,7.8,Emergency Fund,50000,24,Low,Moderately Variable Income
Online seller,67743.0,31331,27972,11681,40.07,36.5,46.2,17.2,1.3,Emergency Fund,50000,12,Medium,Moderately Variable Income
Online seller,50343.0,31938,37604,0,60.55,36.6,63.4,0.0,1.7,Home Downpayment,500000,12,High,Highly Variable Income
Gig worker,16938.0,20072,197078,4923,55.5,0.0,118.5,29.1,15.2,Debt Repayment,500000,36,High,Financial Risk
Daily wage worker,15275.0,12001,40915,0,16.53,21.4,78.6,0.0,4.0,Debt Repayment,100000,18,Low,Stable Income
Online seller,75983.0,25640,102600,0,30.85,66.3,33.7,0.0,5.0,Business Expansion,100000,36,Low,Moderately Variable Income
Online seller,84078.0,33025,17476,22578,27.29,33.9,39.3,26.9,0.7,Emergency Fund,100000,36,High,Financial Risk
Seasonal business owner,53741.0,23442,71133,14454,73.12,29.5,43.6,26.9,4.2,Home Downpayment,50000,36,Medium,Highly Variable Income
Self-employed person,47939.0,28769,217495,0,31.99,40.0,60.0,0.0,11.5,Working Capital Buffer,75000,12,Medium,Highly Variable Income
Freelancer,58949.0,23229,83375,8575,58.36,46.0,39.4,14.5,4.2,Home Downpayment,50000,36,Medium,Highly Variable Income
Daily wage worker,15232.0,14380,8214,2027,58.9,0.0,94.4,13.3,0.7,Home Downpayment,75000,6,High,Financial Risk
Shop owner,22139.0,22321,26501,0,18.85,0.0,100.8,0.0,1.5,Debt Repayment,30000,36,High,Financial Risk
Freelancer,37970.0,30277,67052,12429,18.49,0.0,79.7,32.7,3.4,Working Capital Buffer,50000,36,High,Financial Risk
Self-employed person,63157.0,22821,22932,24225,20.11,25.5,36.1,38.4,1.4,Debt Repayment,30000,18,Medium,Stable Income
Small business owner,30206.0,30689,71402,0,40.99,0.0,101.6,0.0,3.2,Child Education,500000,6,High,Financial Risk
Gig worker,28007.0,18302,62079,8257,38.32,5.2,65.3,29.5,4.6,Retirement Reserve,75000,18,Low,Moderately Variable Income
Daily wage worker,12075.0,11251,24035,0,64.78,6.8,93.2,0.0,2.9,Working Capital Buffer,50000,6,High,Highly Variable Income
Daily wage worker,15583.0,15620,167030,4637,24.07,0.0,100.2,29.8,15.8,Home Downpayment,30000,6,High,Financial Risk
Shop owner,36551.0,18597,37661,13761,33.96,11.5,50.9,37.6,2.7,Emergency Fund,500000,24,Medium,Moderately Variable Income
Shop owner,32741.0,17689,51495,0,24.27,46.0,54.0,0.0,3.4,Business Expansion,500000,24,Low,Moderately Variable Income
Shop owner,28354.0,20436,10787,9316,32.28,0.0,72.1,32.9,0.8,Retirement Reserve,500000,6,High,Financial Risk
Small business owner,44996.0,26475,187839,8253,53.54,22.8,58.8,18.3,9.2,Debt Repayment,150000,6,Medium,Highly Variable Income
Online seller,41005.0,38727,240347,14330,38.26,0.0,94.4,34.9,8.8,Business Expansion,250000,6,High,Financial Risk
Shop owner,20273.0,27803,14299,0,18.47,0.0,137.1,0.0,0.7,Working Capital Buffer,500000,36,High,Financial Risk
Shop owner,51101.0,22968,200853,14157,22.07,27.3,44.9,27.7,11.9,Debt Repayment,250000,6,Low,Moderately Variable Income
Consultant,60174.0,33025,268430,23232,39.74,6.5,54.9,38.6,9.6,Debt Repayment,50000,18,Low,Moderately Variable Income
Online seller,72826.0,33644,247765,11653,44.47,37.8,46.2,16.0,11.3,Emergency Fund,150000,36,Low,Moderately Variable Income
Gig worker,26263.0,19208,19014,0,49.69,26.9,73.1,0.0,1.4,Emergency Fund,75000,24,High,Highly Variable Income
Shop owner,36479.0,18432,31988,4066,16.64,38.3,50.5,11.1,2.3,Debt Repayment,30000,6,Low,Stable Income
Shop owner,29741.0,24825,28027,6453,22.76,0.0,83.5,21.7,1.6,Emergency Fund,250000,24,High,Financial Risk
Shop owner,45874.0,19983,44342,6504,24.76,42.3,43.6,14.2,3.0,Child Education,250000,36,Low,Moderately Variable Income
Online seller,30666.0,20932,8943,5024,37.55,15.4,68.3,16.4,0.5,Child Education,75000,6,High,Financial Risk
Online seller,38713.0,35166,146832,13167,30.77,0.0,90.8,34.0,5.2,Business Expansion,75000,6,High,Financial Risk
Freelancer,17128.0,23025,177965,1485,105.33,0.0,134.4,8.7,11.5,Business Expansion,150000,12,High,Financial Risk
Online seller,74620.0,36561,20222,6458,29.97,42.3,49.0,8.7,0.7,Emergency Fund,50000,36,High,Financial Risk
Self-employed person,31504.0,23916,115775,12133,46.48,0.0,75.9,38.5,7.2,Business Expansion,150000,12,High,Financial Risk
Online seller,72826.0,32413,211654,13363,29.67,37.1,44.5,18.3,8.0,Retirement Reserve,150000,6,Low,Moderately Variable Income
Gig worker,24599.0,14581,26063,6861,65.47,12.8,59.3,27.9,2.2,Retirement Reserve,100000,6,High,Highly Variable Income
Consultant,55986.0,26897,12924,0,17.87,52.0,48.0,0.0,0.6,Emergency Fund,150000,18,High,Financial Risk
Online seller,71270.0,27701,31995,0,42.09,61.1,38.9,0.0,1.4,Working Capital Buffer,500000,36,High,Highly Variable Income
Daily wage worker,6815.0,12731,38889,943,12.39,0.0,186.8,13.8,4.3,Working Capital Buffer,50000,12,High,Financial Risk
Consultant,111456.0,35240,34312,41541,15.77,31.1,31.6,37.3,1.4,Business Expansion,100000,6,Medium,Stable Income
Gig worker,30254.0,20132,159548,5182,61.25,16.3,66.5,17.1,10.6,Emergency Fund,50000,18,Medium,Highly Variable Income
Seasonal business owner,84679.0,28114,32143,19956,45.94,43.2,33.2,23.6,1.4,Business Expansion,50000,24,High,Highly Variable Income
Consultant,41577.0,42979,50625,10392,47.67,0.0,103.4,25.0,1.6,Business Expansion,100000,12,High,Financial Risk
Freelancer,33968.0,31685,267987,2758,42.57,0.0,93.3,8.1,13.1,Retirement Reserve,500000,24,High,Financial Risk
Online seller,64412.0,27451,263315,16392,46.88,31.9,42.6,25.4,12.4,Retirement Reserve,250000,24,Medium,Highly Variable Income
Freelancer,51804.0,25824,44315,19861,57.82,11.8,49.8,38.3,2.6,Child Education,500000,36,High,Highly Variable Income
Shop owner,46107.0,23002,122630,18090,39.65,10.9,49.9,39.2,7.8,Business Expansion,150000,12,Low,Moderately Variable Income
Gig worker,19798.0,20475,11894,7821,33.43,0.0,103.4,39.5,0.8,Working Capital Buffer,150000,24,High,Financial Risk
Seasonal business owner,38306.0,21487,17975,0,38.91,43.9,56.1,0.0,1.1,Debt Repayment,250000,24,High,Highly Variable Income
Online seller,29692.0,25292,10906,0,14.74,14.8,85.2,0.0,0.5,Emergency Fund,50000,6,High,Financial Risk
Gig worker,11701.0,16528,147530,0,35.19,0.0,141.3,0.0,11.8,Retirement Reserve,100000,6,High,Financial Risk
Freelancer,53902.0,26717,275173,0,45.69,50.4,49.6,0.0,14.4,Business Expansion,50000,24,Medium,Highly Variable Income
Shop owner,15863.0,19805,23630,6133,59.49,0.0,124.9,38.7,1.4,Retirement Reserve,250000,18,High,Financial Risk
Online seller,23188.0,29395,122833,4185,55.24,0.0,126.8,18.0,6.2,Working Capital Buffer,500000,18,High,Financial Risk
Freelancer,18917.0,19522,182878,0,65.99,0.0,103.2,0.0,13.0,Debt Repayment,30000,18,High,Financial Risk
Small business owner,57709.0,27734,233169,13526,56.29,28.5,48.1,23.4,10.8,Child Education,50000,6,Medium,Highly Variable Income
Freelancer,34820.0,24119,12375,0,42.5,30.7,69.3,0.0,0.6,Child Education,500000,6,High,Financial Risk
Shop owner,37889.0,19161,8281,0,43.66,49.4,50.6,0.0,0.6,Emergency Fund,75000,24,High,Financial Risk
Commission-based worker,30104.0,18048,28910,6238,61.83,19.3,60.0,20.7,2.4,Emergency Fund,75000,18,High,Highly Variable Income
Gig worker,26765.0,19875,32838,0,25.27,25.7,74.3,0.0,2.3,Working Capital Buffer,30000,18,Medium,Moderately Variable Income
Daily wage worker,8759.0,13930,31579,990,46.52,0.0,159.0,11.3,2.9,Debt Repayment,30000,12,High,Financial Risk
Freelancer,17804.0,19578,72460,5995,53.14,0.0,110.0,33.7,5.6,Retirement Reserve,150000,18,High,Financial Risk
Gig worker,31683.0,13716,24817,3825,19.77,44.6,43.3,12.1,2.3,Emergency Fund,500000,6,Low,Stable Income
Consultant,80284.0,29498,16450,28701,45.24,27.5,36.7,35.7,0.7,Retirement Reserve,50000,36,High,Financial Risk
Online seller,28652.0,36299,229010,0,27.92,0.0,126.7,0.0,8.7,Emergency Fund,100000,12,High,Financial Risk
Online seller,39782.0,27170,184547,11453,46.42,2.9,68.3,28.8,10.0,Child Education,250000,12,Low,Moderately Variable Income
Small business owner,49130.0,27766,28365,13326,40.61,16.4,56.5,27.1,1.3,Business Expansion,250000,24,High,Highly Variable Income
Consultant,86561.0,34492,187639,31547,19.03,23.7,39.8,36.4,7.2,Debt Repayment,100000,36,Low,Stable Income
Seasonal business owner,107546.0,34090,220275,27964,29.85,42.3,31.7,26.0,9.1,Home Downpayment,250000,36,Low,Moderately Variable Income
Self-employed person,30738.0,27419,51143,3801,50.35,0.0,89.2,12.4,2.5,Emergency Fund,150000,24,High,Financial Risk
Small business owner,22386.0,22003,9916,3500,40.44,0.0,98.3,15.6,0.6,Business Expansion,150000,18,High,Financial Risk
Commission-based worker,19869.0,20753,20081,0,64.98,0.0,104.4,0.0,1.2,Business Expansion,50000,36,High,Financial Risk
Freelancer,31326.0,21559,8630,9978,23.22,0.0,68.8,31.9,0.5,Business Expansion,50000,12,High,Financial Risk
Self-employed person,67954.0,21953,13028,0,31.34,67.7,32.3,0.0,0.8,Home Downpayment,30000,18,High,Financial Risk
Seasonal business owner,52773.0,19585,203224,20080,39.18,24.8,37.1,38.0,12.3,Home Downpayment,500000,36,Medium,Highly Variable Income
Daily wage worker,8753.0,8983,27056,3254,58.9,0.0,102.6,37.2,3.7,Business Expansion,250000,18,High,Financial Risk
Commission-based worker,38152.0,21765,192510,0,51.44,43.0,57.0,0.0,13.1,Working Capital Buffer,30000,12,Medium,Highly Variable Income
Seasonal business owner,27717.0,28900,304078,0,88.95,0.0,104.3,0.0,13.7,Debt Repayment,250000,18,High,Financial Risk
Daily wage worker,12924.0,14713,16501,0,41.16,0.0,113.8,0.0,1.5,Working Capital Buffer,100000,36,High,Financial Risk
Commission-based worker,39400.0,20995,8547,5881,27.52,31.8,53.3,14.9,0.5,Emergency Fund,150000,6,High,Financial Risk
Consultant,79660.0,28230,91377,14463,34.22,46.4,35.4,18.2,3.8,Home Downpayment,150000,12,Medium,Highly Variable Income
Gig worker,24236.0,13218,6701,0,84.89,45.5,54.5,0.0,0.6,Business Expansion,250000,12,High,Financial Risk
Shop owner,47741.0,17782,150889,0,27.99,62.8,37.2,0.0,11.7,Home Downpayment,50000,6,Low,Moderately Variable Income
Small business owner,27523.0,27141,77303,8994,54.37,0.0,98.6,32.7,3.8,Working Capital Buffer,30000,24,High,Financial Risk
Self-employed person,55523.0,19891,97427,18265,22.23,31.3,35.8,32.9,7.3,Emergency Fund,30000,18,Low,Moderately Variable Income
Freelancer,59143.0,21857,26184,0,56.69,63.0,37.0,0.0,1.4,Retirement Reserve,30000,36,High,Highly Variable Income
Online seller,72434.0,40370,34693,0,23.16,44.3,55.7,0.0,1.3,Home Downpayment,75000,12,Medium,Moderately Variable Income
Gig worker,24182.0,14384,8351,4032,53.87,23.8,59.5,16.7,0.8,Debt Repayment,30000,24,High,Financial Risk
Seasonal business owner,49834.0,33559,307816,8491,67.54,15.6,67.3,17.0,11.9,Debt Repayment,500000,6,Medium,Highly Variable Income
Online seller,36770.0,28103,47343,9768,24.53,0.0,76.4,26.6,2.5,Home Downpayment,100000,36,High,Financial Risk
Commission-based worker,26315.0,21199,20103,0,14.09,19.4,80.6,0.0,1.4,Business Expansion,250000,12,Medium,Stable Income
Online seller,38966.0,35114,234092,0,53.67,9.9,90.1,0.0,9.4,Emergency Fund,100000,12,Medium,Highly Variable Income
Daily wage worker,14146.0,10203,59364,4378,39.47,0.0,72.1,30.9,6.8,Business Expansion,50000,12,High,Financial Risk
Consultant,55862.0,33229,190960,9848,26.55,22.9,59.5,17.6,7.7,Home Downpayment,50000,36,Low,Moderately Variable Income
Seasonal business owner,81768.0,30149,93504,11042,57.79,49.6,36.9,13.5,3.9,Debt Repayment,100000,36,Medium,Highly Variable Income
Gig worker,11453.0,17390,18715,4511,8.6,0.0,151.8,39.4,1.3,Retirement Reserve,50000,18,High,Financial Risk
Commission-based worker,36858.0,25858,26231,0,23.22,29.8,70.2,0.0,1.5,Debt Repayment,50000,12,Medium,Moderately Variable Income
Self-employed person,38394.0,24180,53208,0,43.5,37.0,63.0,0.0,3.2,Child Education,500000,18,Medium,Highly Variable Income
Shop owner,60167.0,19839,10150,19499,27.48,34.6,33.0,32.4,0.7,Home Downpayment,500000,36,High,Financial Risk
Daily wage worker,17812.0,11447,27213,0,37.3,35.7,64.3,0.0,3.4,Retirement Reserve,150000,18,Low,Moderately Variable Income
Small business owner,63953.0,27311,49902,7288,27.89,45.9,42.7,11.4,2.7,Child Education,75000,6,Medium,Moderately Variable Income
Gig worker,16476.0,18765,33272,5448,25.67,0.0,113.9,33.1,2.3,Working Capital Buffer,500000,24,High,Financial Risk
Online seller,40736.0,32734,65218,12135,44.12,0.0,80.4,29.8,2.4,Retirement Reserve,50000,12,High,Financial Risk
Daily wage worker,14872.0,13691,11523,5049,72.95,0.0,92.1,34.0,1.1,Emergency Fund,250000,36,High,Financial Risk
Gig worker,31090.0,17379,35431,0,25.57,44.1,55.9,0.0,3.1,Working Capital Buffer,250000,36,Low,Moderately Variable Income
Consultant,54684.0,39544,78429,0,15.65,27.7,72.3,0.0,2.6,Debt Repayment,500000,24,Low,Stable Income
Freelancer,50173.0,22915,38166,13747,60.29,26.9,45.7,27.4,2.3,Working Capital Buffer,150000,36,High,Highly Variable Income
Seasonal business owner,91380.0,30344,107966,0,40.65,66.8,33.2,0.0,4.9,Retirement Reserve,30000,6,Medium,Highly Variable Income
Consultant,58971.0,32671,100700,11922,53.34,24.4,55.4,20.2,3.6,Home Downpayment,30000,18,Medium,Highly Variable Income
Online seller,51236.0,33881,113674,10982,30.33,12.4,66.1,21.4,4.2,Child Education,500000,18,Low,Moderately Variable Income
Seasonal business owner,41392.0,31855,173088,16391,68.72,0.0,77.0,39.6,7.1,Business Expansion,30000,12,High,Financial Risk
Freelancer,55372.0,25748,25164,0,73.56,53.5,46.5,0.0,1.4,Child Education,75000,24,High,Highly Variable Income
Commission-based worker,33770.0,20785,139133,0,37.16,38.5,61.5,0.0,7.9,Working Capital Buffer,150000,18,Medium,Highly Variable Income
Daily wage worker,10759.0,11017,6170,2165,35.86,0.0,102.4,20.1,0.7,Debt Repayment,100000,18,High,Financial Risk
Seasonal business owner,54535.0,35088,278994,11979,40.69,13.7,64.3,22.0,11.6,Debt Repayment,150000,12,Medium,Highly Variable Income
Daily wage worker,8002.0,14135,98718,0,47.35,0.0,176.6,0.0,10.6,Business Expansion,500000,24,High,Financial Risk
Online seller,23200.0,26782,216059,7941,48.56,0.0,115.4,34.2,10.0,Child Education,75000,6,High,Financial Risk
Self-employed person,40505.0,24748,57735,7851,34.42,19.5,61.1,19.4,3.3,Child Education,50000,36,Medium,Highly Variable Income
Daily wage worker,9536.0,8437,24823,2247,36.92,0.0,88.5,23.6,3.4,Working Capital Buffer,50000,6,High,Financial Risk
Gig worker,12453.0,12113,12905,3651,66.22,0.0,97.3,29.3,1.2,Business Expansion,50000,24,High,Financial Risk
Daily wage worker,8032.0,10291,64492,1612,30.36,0.0,128.1,20.1,7.5,Home Downpayment,30000,18,High,Financial Risk
Self-employed person,30554.0,19429,123038,2967,24.05,26.7,63.6,9.7,8.2,Working Capital Buffer,250000,6,Low,Moderately Variable Income
Commission-based worker,30036.0,18067,192603,0,63.01,39.8,60.2,0.0,14.5,Debt Repayment,500000,6,Medium,Highly Variable Income
Commission-based worker,45943.0,20499,37115,12571,40.45,28.0,44.6,27.4,2.2,Business Expansion,500000,24,High,Highly Variable Income
Consultant,67337.0,24719,74758,15398,42.13,40.4,36.7,22.9,3.7,Working Capital Buffer,500000,24,Medium,Highly Variable Income
Seasonal business owner,83646.0,27138,256544,22750,90.93,40.4,32.4,27.2,14.6,Working Capital Buffer,150000,24,Medium,Highly Variable Income
Consultant,91583.0,28835,114595,0,13.51,68.5,31.5,0.0,5.0,Retirement Reserve,250000,18,Low,Stable Income
Small business owner,49887.0,19909,21522,6221,32.86,47.6,39.9,12.5,1.5,Retirement Reserve,150000,36,Medium,Moderately Variable Income
Online seller,67869.0,33879,64092,7660,12.46,38.8,49.9,11.3,2.7,Home Downpayment,30000,36,Low,Stable Income
Daily wage worker,11851.0,15711,77667,2963,43.24,0.0,132.6,25.0,6.7,Home Downpayment,150000,36,High,Financial Risk
Shop owner,30926.0,24252,73882,0,34.68,21.6,78.4,0.0,3.9,Emergency Fund,150000,12,Low,Moderately Variable Income
Consultant,116473.0,41413,35960,15104,14.2,51.5,35.6,13.0,1.2,Working Capital Buffer,75000,18,Medium,Stable Income
Gig worker,26304.0,22880,9995,0,37.18,13.0,87.0,0.0,0.7,Debt Repayment,500000,36,High,Financial Risk
Gig worker,22022.0,16870,92958,6379,50.38,0.0,76.6,29.0,6.4,Working Capital Buffer,30000,18,High,Financial Risk
Small business owner,31284.0,26276,74330,5061,51.89,0.0,84.0,16.2,3.8,Working Capital Buffer,150000,18,High,Financial Risk
Seasonal business owner,94809.0,35716,204972,17486,70.45,43.9,37.7,18.4,8.0,Business Expansion,100000,36,Medium,Highly Variable Income
Seasonal business owner,72494.0,35157,30654,16896,94.34,28.2,48.5,23.3,1.2,Retirement Reserve,250000,12,High,Highly Variable Income
Shop owner,41777.0,18288,171028,8453,19.05,36.0,43.8,20.2,13.4,Emergency Fund,100000,12,Low,Stable Income
Seasonal business owner,84139.0,25716,166452,0,66.08,69.4,30.6,0.0,8.4,Working Capital Buffer,150000,18,Medium,Highly Variable Income
Seasonal business owner,79211.0,28067,12055,0,40.87,64.6,35.4,0.0,0.7,Retirement Reserve,150000,36,High,Financial Risk
Self-employed person,40681.0,28920,25596,0,49.8,28.9,71.1,0.0,1.3,Business Expansion,100000,18,High,Highly Variable Income
Seasonal business owner,28106.0,25743,140197,9744,39.13,0.0,91.6,34.7,7.1,Emergency Fund,500000,18,High,Financial Risk
Gig worker,13168.0,12710,61055,0,45.68,3.5,96.5,0.0,6.2,Child Education,50000,18,Medium,Highly Variable Income
Consultant,61842.0,43862,225095,19676,39.61,0.0,70.9,31.8,7.2,Working Capital Buffer,500000,18,High,Financial Risk
Online seller,97443.0,24278,42915,12040,26.29,62.7,24.9,12.4,2.0,Retirement Reserve,30000,24,Medium,Moderately Variable Income
Seasonal business owner,44382.0,31550,183647,3719,75.33,20.5,71.1,8.4,8.4,Child Education,150000,12,Medium,Highly Variable Income
Daily wage worker,7206.0,13656,133707,2733,48.87,0.0,189.5,37.9,12.6,Working Capital Buffer,75000,6,High,Financial Risk
Online seller,44289.0,28476,212782,7027,33.15,19.8,64.3,15.9,9.7,Business Expansion,75000,18,Low,Moderately Variable Income
Self-employed person,25393.0,22116,11042,6576,42.0,0.0,87.1,25.9,0.7,Business Expansion,150000,36,High,Financial Risk
Freelancer,83495.0,25436,13445,0,37.62,69.5,30.5,0.0,0.7,Retirement Reserve,75000,24,High,Financial Risk
Small business owner,26219.0,29394,65776,0,51.01,0.0,112.1,0.0,3.3,Working Capital Buffer,100000,24,High,Financial Risk
Commission-based worker,35658.0,19935,8191,0,35.4,44.1,55.9,0.0,0.5,Debt Repayment,50000,36,High,Financial Risk
Gig worker,16091.0,15270,7256,4258,31.48,0.0,94.9,26.5,0.6,Working Capital Buffer,30000,18,High,Financial Risk
Seasonal business owner,45522.0,31169,34054,0,117.6,31.5,68.5,0.0,1.5,Working Capital Buffer,30000,18,High,Highly Variable Income
Commission-based worker,61313.0,23378,12462,13101,27.67,40.5,38.1,21.4,0.8,Home Downpayment,100000,24,High,Financial Risk
Self-employed person,39638.0,20442,37398,11109,39.67,20.4,51.6,28.0,2.6,Child Education,50000,6,Medium,Moderately Variable Income
Small business owner,38465.0,23595,11574,8959,13.94,15.4,61.3,23.3,0.6,Debt Repayment,50000,6,High,Financial Risk
Daily wage worker,12904.0,15067,48474,4298,18.23,0.0,116.8,33.3,4.9,Emergency Fund,150000,36,High,Financial Risk
Seasonal business owner,65934.0,27586,56262,0,46.79,58.2,41.8,0.0,2.4,Retirement Reserve,50000,36,High,Highly Variable Income
Consultant,97986.0,39183,393782,33463,13.8,25.9,40.0,34.2,13.0,Retirement Reserve,250000,36,Low,Stable Income
Online seller,62085.0,30363,32993,5521,44.22,42.2,48.9,8.9,1.4,Emergency Fund,150000,18,High,Highly Variable Income
Self-employed person,35415.0,21287,76514,7070,47.82,19.9,60.1,20.0,4.3,Child Education,500000,6,Medium,Highly Variable Income
Consultant,90791.0,36151,123805,34218,33.18,22.5,39.8,37.7,5.1,Child Education,150000,18,Low,Moderately Variable Income
Daily wage worker,15067.0,9664,37650,4907,24.56,3.3,64.1,32.6,4.5,Child Education,150000,36,Low,Moderately Variable Income
Shop owner,32817.0,23955,49918,2721,24.64,18.7,73.0,8.3,3.0,Home Downpayment,250000,12,Low,Moderately Variable Income
Self-employed person,42171.0,19243,9033,0,22.01,54.4,45.6,0.0,0.6,Child Education,75000,6,High,Financial Risk
Self-employed person,41500.0,27217,155626,13171,33.64,2.7,65.6,31.7,8.6,Retirement Reserve,250000,18,Low,Moderately Variable Income
Daily wage worker,17361.0,10007,75825,1557,25.6,33.4,57.6,9.0,10.2,Home Downpayment,150000,36,Low,Moderately Variable Income
Online seller,58164.0,29607,27874,19938,50.11,14.8,50.9,34.3,1.3,Home Downpayment,100000,18,High,Highly Variable Income
Freelancer,35038.0,19233,11192,11242,25.39,13.0,54.9,32.1,0.8,Emergency Fund,250000,36,High,Financial Risk
Seasonal business owner,32840.0,38151,36577,3962,66.89,0.0,116.2,12.1,1.5,Home Downpayment,500000,12,High,Financial Risk
Small business owner,37203.0,32844,162084,8212,45.18,0.0,88.3,22.1,7.5,Home Downpayment,75000,6,High,Financial Risk
Shop owner,33146.0,20056,8968,4677,35.23,25.4,60.5,14.1,0.6,Child Education,50000,12,High,Financial Risk
Self-employed person,27623.0,19496,79527,10412,14.82,0.0,70.6,37.7,5.2,Working Capital Buffer,500000,12,High,Financial Risk
Daily wage worker,15274.0,10367,5543,2009,47.7,19.0,67.9,13.2,0.7,Emergency Fund,500000,36,High,Financial Risk
Daily wage worker,19480.0,12909,29806,0,15.97,33.7,66.3,0.0,3.0,Business Expansion,150000,12,Low,Stable Income
Online seller,62037.0,33695,140659,0,46.69,45.7,54.3,0.0,6.3,Retirement Reserve,150000,24,Medium,Highly Variable Income
Shop owner,43507.0,15889,111279,4140,12.11,54.0,36.5,9.5,9.1,Working Capital Buffer,150000,6,Low,Stable Income
Shop owner,45812.0,18902,71660,0,30.14,58.7,41.3,0.0,5.7,Emergency Fund,50000,12,Low,Moderately Variable Income
Online seller,37135.0,36865,19446,0,29.42,0.7,99.3,0.0,0.7,Emergency Fund,30000,12,High,Financial Risk
Small business owner,41315.0,24230,86267,0,40.96,41.4,58.6,0.0,4.3,Working Capital Buffer,500000,6,Medium,Highly Variable Income
Daily wage worker,16214.0,13488,85974,2255,62.22,2.9,83.2,13.9,9.2,Child Education,100000,24,Medium,Highly Variable Income
Freelancer,56646.0,19378,93768,18312,35.23,33.5,34.2,32.3,5.7,Retirement Reserve,150000,12,Low,Moderately Variable Income
Self-employed person,24666.0,24368,11023,2543,49.37,0.0,98.8,10.3,0.5,Working Capital Buffer,500000,18,High,Financial Risk
Self-employed person,37574.0,20726,12022,11878,24.09,13.2,55.2,31.6,0.9,Child Education,75000,12,High,Financial Risk
Self-employed person,40884.0,23354,11504,3974,19.04,33.2,57.1,9.7,0.6,Home Downpayment,150000,18,High,Financial Risk
Shop owner,32180.0,22554,81837,7453,40.72,6.8,70.1,23.2,4.5,Debt Repayment,500000,12,Medium,Highly Variable Income
Commission-based worker,24234.0,19941,11083,0,14.42,17.7,82.3,0.0,0.8,Emergency Fund,75000,12,High,Financial Risk
Online seller,55667.0,39994,46873,4717,35.02,19.7,71.8,8.5,1.7,Emergency Fund,500000,24,High,Highly Variable Income
Daily wage worker,15128.0,12436,78096,3384,41.74,0.0,82.2,22.4,7.8,Emergency Fund,100000,12,High,Financial Risk
Freelancer,40092.0,28580,25478,4195,50.87,18.3,71.3,10.5,1.3,Home Downpayment,100000,18,High,Highly Variable Income
Small business owner,52117.0,27090,11077,4743,28.43,38.9,52.0,9.1,0.5,Child Education,30000,36,High,Financial Risk
Online seller,41701.0,30741,282134,13338,37.43,0.0,73.7,32.0,10.8,Child Education,500000,36,High,Financial Risk
Freelancer,61291.0,26350,22872,0,44.74,57.0,43.0,0.0,1.1,Emergency Fund,100000,18,Medium,Moderately Variable Income
Freelancer,34779.0,18883,9781,0,72.91,45.7,54.3,0.0,0.8,Business Expansion,150000,18,High,Financial Risk
Seasonal business owner,48036.0,29222,239095,10190,65.13,18.0,60.8,21.2,11.1,Business Expansion,250000,18,Medium,Highly Variable Income
Freelancer,25229.0,25979,52886,0,60.7,0.0,103.0,0.0,2.8,Business Expansion,75000,6,High,Financial Risk
Consultant,71466.0,36832,147023,11616,16.87,32.2,51.5,16.3,4.8,Business Expansion,150000,36,Low,Stable Income
Seasonal business owner,26073.0,32828,288492,10046,87.48,0.0,125.9,38.5,11.3,Business Expansion,250000,12,High,Financial Risk
Gig worker,11075.0,18115,7628,4341,42.79,0.0,163.6,39.2,0.5,Working Capital Buffer,500000,18,High,Financial Risk
Daily wage worker,13196.0,12380,82923,1910,72.72,0.0,93.8,14.5,8.1,Working Capital Buffer,30000,24,High,Financial Risk
Freelancer,52980.0,27407,13638,0,39.29,48.3,51.7,0.0,0.7,Working Capital Buffer,150000,24,High,Financial Risk
Consultant,115002.0,34153,18856,27101,18.16,46.7,29.7,23.6,0.8,Home Downpayment,50000,18,High,Financial Risk
Seasonal business owner,29191.0,28665,11847,9000,67.26,0.0,98.2,30.8,0.6,Working Capital Buffer,75000,18,High,Financial Risk
Self-employed person,45970.0,17026,10040,4064,13.58,54.1,37.0,8.8,0.8,Retirement Reserve,500000,12,High,Financial Risk
Shop owner,29745.0,26755,48593,0,31.01,10.1,89.9,0.0,2.6,Debt Repayment,30000,12,Medium,Moderately Variable Income
Daily wage worker,19442.0,12066,91884,2648,31.22,24.3,62.1,13.6,10.2,Debt Repayment,100000,6,Low,Moderately Variable Income
Commission-based worker,37421.0,22772,9431,0,35.38,39.1,60.9,0.0,0.6,Child Education,100000,18,High,Financial Risk
Daily wage worker,14149.0,13286,13222,5169,84.65,0.0,93.9,36.5,1.2,Business Expansion,50000,24,High,Financial Risk
Daily wage worker,10309.0,12592,7302,0,64.73,0.0,122.1,0.0,0.8,Business Expansion,50000,36,High,Financial Risk
Small business owner,27929.0,21862,84659,0,57.43,21.7,78.3,0.0,5.2,Debt Repayment,250000,18,Medium,Highly Variable Income
Freelancer,28524.0,26909,80267,0,21.36,5.7,94.3,0.0,4.6,Retirement Reserve,50000,6,Low,Stable Income
Online seller,64056.0,29093,24593,18610,44.71,25.5,45.4,29.1,1.2,Child Education,50000,6,High,Highly Variable Income
Freelancer,24865.0,21735,208494,3827,14.75,0.0,87.4,15.4,13.6,Emergency Fund,50000,6,High,Financial Risk
Gig worker,29374.0,13604,51246,6128,13.7,32.8,46.3,20.9,5.1,Home Downpayment,50000,18,Low,Stable Income
Gig worker,23668.0,13028,25505,0,48.29,45.0,55.0,0.0,2.6,Home Downpayment,250000,12,Medium,Moderately Variable Income
Self-employed person,59496.0,30316,175074,22921,18.03,10.5,51.0,38.5,8.5,Business Expansion,30000,36,Low,Stable Income
Small business owner,37590.0,24908,84217,14918,40.05,0.0,66.3,39.7,4.3,Home Downpayment,30000,36,High,Financial Risk
Gig worker,26827.0,15937,31681,4823,27.81,22.6,59.4,18.0,3.0,Working Capital Buffer,100000,36,Low,Moderately Variable Income
Freelancer,33860.0,20359,135631,4422,52.22,26.8,60.1,13.1,8.7,Debt Repayment,30000,24,Medium,Highly Variable Income
Commission-based worker,38202.0,15382,14121,3114,71.81,51.6,40.3,8.2,1.1,Retirement Reserve,75000,36,High,Highly Variable Income
Seasonal business owner,27868.0,25905,251619,5506,72.24,0.0,93.0,19.8,12.7,Working Capital Buffer,100000,12,High,Financial Risk
Seasonal business owner,56116.0,27862,145815,4993,78.76,41.5,49.7,8.9,6.1,Business Expansion,250000,18,Medium,Highly Variable Income
Seasonal business owner,50636.0,26383,156155,19618,56.11,9.2,52.1,38.7,8.3,Working Capital Buffer,30000,6,Medium,Highly Variable Income
Gig worker,19282.0,18444,96528,5951,48.38,0.0,95.7,30.9,7.6,Business Expansion,75000,6,High,Financial Risk
Online seller,45904.0,21296,40223,0,65.51,53.6,46.4,0.0,2.3,Working Capital Buffer,30000,6,High,Highly Variable Income
Commission-based worker,35551.0,20079,11536,0,27.74,43.5,56.5,0.0,0.9,Child Education,250000,6,High,Financial Risk
Gig worker,21366.0,16029,102060,0,24.06,25.0,75.0,0.0,8.8,Emergency Fund,50000,18,Low,Moderately Variable Income
Online seller,79475.0,29090,63104,17427,29.23,41.5,36.6,21.9,3.2,Emergency Fund,150000,12,Low,Moderately Variable Income
Seasonal business owner,42010.0,29567,54945,0,50.2,29.6,70.4,0.0,2.9,Working Capital Buffer,250000,18,High,Highly Variable Income
Shop owner,41701.0,28552,164292,0,17.9,31.5,68.5,0.0,8.8,Debt Repayment,250000,18,Low,Stable Income
Consultant,53545.0,39531,22550,10467,34.54,6.6,73.8,19.5,0.8,Home Downpayment,50000,24,High,Financial Risk
Freelancer,26244.0,27164,155176,4404,48.58,0.0,103.5,16.8,7.6,Business Expansion,500000,36,High,Financial Risk
Daily wage worker,18638.0,13915,31794,1961,60.09,14.8,74.7,10.5,3.0,Debt Repayment,500000,24,Medium,Highly Variable Income
Small business owner,29380.0,22006,35472,10277,32.0,0.0,74.9,35.0,2.0,Retirement Reserve,75000,6,High,Financial Risk
Small business owner,33785.0,24514,26684,11228,12.38,0.0,72.6,33.2,1.4,Business Expansion,500000,36,High,Financial Risk
Shop owner,27646.0,15721,27612,7865,23.68,14.7,56.9,28.4,2.3,Working Capital Buffer,500000,36,Medium,Moderately Variable Income
Seasonal business owner,30751.0,26602,178684,12280,70.01,0.0,86.5,39.9,8.1,Retirement Reserve,100000,36,High,Financial Risk
Consultant,127615.0,36661,330054,13592,9.52,60.6,28.7,10.7,10.6,Retirement Reserve,150000,6,Low,Stable Income
Self-employed person,42670.0,23493,168014,0,44.61,44.9,55.1,0.0,9.8,Business Expansion,75000,24,Medium,Highly Variable Income
Small business owner,29690.0,24251,183370,5282,63.26,0.5,81.7,17.8,10.1,Working Capital Buffer,100000,36,Medium,Highly Variable Income
Self-employed person,46587.0,16817,18592,13628,33.69,34.6,36.1,29.3,1.4,Home Downpayment,75000,18,Medium,Moderately Variable Income
Seasonal business owner,49633.0,37644,110824,15343,57.05,0.0,75.8,30.9,4.6,Retirement Reserve,75000,24,High,Financial Risk
Gig worker,33102.0,14687,17244,10155,21.72,25.0,44.4,30.7,1.6,Home Downpayment,150000,36,Medium,Stable Income
Shop owner,17159.0,21281,218174,5569,37.0,0.0,124.0,32.5,13.7,Home Downpayment,30000,24,High,Financial Risk
Consultant,108414.0,32694,78112,41283,19.92,31.8,30.2,38.1,3.5,Debt Repayment,50000,12,Low,Stable Income
Commission-based worker,56944.0,19054,98821,22494,27.69,27.0,33.5,39.5,8.0,Working Capital Buffer,250000,18,Low,Moderately Variable Income
Shop owner,41614.0,25640,12819,0,18.5,38.4,61.6,0.0,0.7,Home Downpayment,250000,18,High,Financial Risk
Daily wage worker,16869.0,10483,22262,2523,22.74,22.9,62.1,15.0,2.8,Business Expansion,50000,12,Medium,Moderately Variable Income
Commission-based worker,38086.0,21181,175660,4986,38.11,31.3,55.6,13.1,11.4,Retirement Reserve,250000,12,Low,Moderately Variable Income
Shop owner,39781.0,28724,255848,0,39.75,27.8,72.2,0.0,13.4,Business Expansion,30000,12,Medium,Highly Variable Income
Consultant,98952.0,33623,30134,14464,25.15,51.4,34.0,14.6,1.1,Business Expansion,100000,36,Medium,Moderately Variable Income
Shop owner,34291.0,21287,44724,12413,41.34,1.7,62.1,36.2,2.5,Working Capital Buffer,100000,24,Medium,Moderately Variable Income
Shop owner,21703.0,20779,216088,3056,21.67,0.0,95.7,14.1,14.6,Working Capital Buffer,100000,6,High,Financial Risk
Self-employed person,45643.0,18568,19357,15478,41.69,25.4,40.7,33.9,1.4,Debt Repayment,250000,12,High,Highly Variable Income
Self-employed person,19753.0,20460,42728,4502,34.82,0.0,103.6,22.8,2.8,Emergency Fund,500000,18,High,Financial Risk
Commission-based worker,23450.0,21109,61998,0,21.64,10.0,90.0,0.0,4.4,Debt Repayment,150000,36,Low,Stable Income
Freelancer,29445.0,19330,43945,9397,30.61,2.4,65.6,31.9,3.3,Working Capital Buffer,100000,6,Low,Moderately Variable Income
Freelancer,58668.0,25116,28645,7148,50.85,45.0,42.8,12.2,1.6,Child Education,30000,36,High,Highly Variable Income
Self-employed person,50970.0,21452,110062,9453,30.95,39.4,42.1,18.5,7.8,Working Capital Buffer,75000,12,Low,Moderately Variable Income
Freelancer,74928.0,22929,95805,24481,45.29,36.7,30.6,32.7,6.0,Retirement Reserve,500000,6,Medium,Highly Variable Income
Freelancer,52230.0,26677,47336,8530,28.98,32.6,51.1,16.3,2.4,Business Expansion,75000,12,Medium,Moderately Variable Income
Consultant,101171.0,40154,84943,0,23.46,60.3,39.7,0.0,3.1,Emergency Fund,150000,18,Low,Moderately Variable Income
Daily wage worker,16364.0,14410,15316,2059,29.92,0.0,88.1,12.6,1.5,Working Capital Buffer,500000,6,High,Financial Risk
Gig worker,22641.0,15281,16717,7748,26.47,0.0,67.5,34.2,1.5,Retirement Reserve,30000,6,High,Financial Risk
Consultant,71532.0,30940,262385,22514,10.52,25.3,43.3,31.5,12.1,Business Expansion,500000,24,Low,Stable Income
Small business owner,53821.0,24220,52104,18115,28.0,21.3,45.0,33.7,3.3,Child Education,500000,24,Low,Moderately Variable Income
Self-employed person,11432.0,28527,114653,4015,43.69,0.0,249.5,35.1,5.7,Working Capital Buffer,100000,36,High,Financial Risk
Consultant,105275.0,26551,111185,8917,17.66,66.3,25.2,8.5,5.1,Home Downpayment,500000,18,Low,Stable Income
Consultant,114939.0,38361,135323,0,31.09,66.6,33.4,0.0,5.1,Business Expansion,100000,12,Low,Moderately Variable Income
Daily wage worker,13015.0,9620,10891,0,61.41,26.1,73.9,0.0,1.4,Retirement Reserve,150000,18,High,Highly Variable Income
Commission-based worker,25621.0,26067,44776,0,78.58,0.0,101.7,0.0,2.6,Retirement Reserve,50000,12,High,Financial Risk
Gig worker,21520.0,15837,124127,0,29.58,26.4,73.6,0.0,10.6,Emergency Fund,30000,24,Low,Moderately Variable Income
Seasonal business owner,48746.0,37212,41457,6139,58.45,11.1,76.3,12.6,1.7,Child Education,250000,18,High,Highly Variable Income
Seasonal business owner,41692.0,28149,99308,4293,48.29,22.2,67.5,10.3,5.3,Child Education,50000,36,Medium,Highly Variable Income
Shop owner,38482.0,18508,39154,0,32.17,51.9,48.1,0.0,3.1,Emergency Fund,100000,36,Low,Moderately Variable Income
Daily wage worker,14181.0,13634,79411,3242,38.69,0.0,96.1,22.9,7.0,Business Expansion,75000,18,High,Financial Risk
Shop owner,50784.0,28420,23270,0,18.13,44.0,56.0,0.0,1.2,Business Expansion,50000,6,Medium,Stable Income
Commission-based worker,49183.0,23290,93533,0,33.7,52.6,47.4,0.0,5.9,Working Capital Buffer,50000,36,Low,Moderately Variable Income
Daily wage worker,20752.0,11020,6506,8007,21.67,8.3,53.1,38.6,0.7,Emergency Fund,500000,24,High,Financial Risk
Freelancer,23918.0,22861,11399,8518,80.09,0.0,95.6,35.6,0.8,Debt Repayment,50000,6,High,Financial Risk
Commission-based worker,32085.0,19971,147439,11209,39.0,2.8,62.2,34.9,10.4,Home Downpayment,75000,24,Low,Moderately Variable Income
Gig worker,13464.0,14767,99881,0,55.14,0.0,109.7,0.0,9.1,Retirement Reserve,250000,36,High,Financial Risk
Shop owner,33366.0,28509,28397,10107,33.42,0.0,85.4,30.3,1.5,Working Capital Buffer,100000,18,High,Financial Risk
Gig worker,10024.0,14730,13375,1537,34.97,0.0,147.0,15.3,1.2,Debt Repayment,50000,12,High,Financial Risk
Small business owner,33987.0,20710,48225,0,20.67,39.1,60.9,0.0,2.7,Debt Repayment,50000,18,Low,Stable Income
Freelancer,26770.0,24808,11973,10130,56.65,0.0,92.7,37.8,0.6,Business Expansion,30000,18,High,Financial Risk
Gig worker,25060.0,14385,7303,6668,34.67,16.0,57.4,26.6,0.6,Debt Repayment,30000,24,High,Financial Risk
Consultant,77368.0,39442,397770,12386,13.82,33.0,51.0,16.0,14.1,Retirement Reserve,500000,6,Low,Stable Income
Online seller,88621.0,38458,237701,0,21.19,56.6,43.4,0.0,9.4,Emergency Fund,250000,36,Low,Stable Income
Small business owner,55770.0,21790,68220,16167,23.02,31.9,39.1,29.0,4.0,Retirement Reserve,50000,12,Low,Moderately Variable Income
Small business owner,54491.0,23161,21506,9021,57.51,40.9,42.5,16.6,1.4,Debt Repayment,500000,6,High,Highly Variable Income
Commission-based worker,27724.0,18857,37426,0,45.75,32.0,68.0,0.0,2.4,Debt Repayment,150000,24,High,Highly Variable Income
Commission-based worker,36667.0,17472,10121,5022,32.0,38.7,47.7,13.7,0.7,Child Education,50000,6,High,Financial Risk
Online seller,60084.0,30716,233279,19125,50.86,17.0,51.1,31.8,9.1,Child Education,75000,6,Medium,Highly Variable Income
Daily wage worker,7551.0,12889,15381,1843,24.17,0.0,170.7,24.4,1.4,Home Downpayment,150000,36,High,Financial Risk
Consultant,93108.0,40048,120998,32757,16.08,21.8,43.0,35.2,4.1,Working Capital Buffer,100000,6,Low,Stable Income
Seasonal business owner,58840.0,33406,16414,0,70.34,43.2,56.8,0.0,0.7,Emergency Fund,50000,18,High,Financial Risk
Freelancer,36136.0,27048,64497,6175,43.05,8.1,74.8,17.1,3.4,Retirement Reserve,50000,36,Medium,Highly Variable Income
Self-employed person,51584.0,20653,59510,0,22.28,60.0,40.0,0.0,4.4,Retirement Reserve,150000,24,Low,Moderately Variable Income
Seasonal business owner,79908.0,31580,67520,22643,46.48,32.1,39.5,28.3,2.7,Retirement Reserve,30000,24,Medium,Moderately Variable Income
Shop owner,29135.0,22131,140828,9066,37.51,0.0,76.0,31.1,7.3,Child Education,500000,36,High,Financial Risk
Daily wage worker,14925.0,11531,88953,4268,36.62,0.0,77.3,28.6,8.9,Child Education,150000,6,High,Financial Risk
Self-employed person,67764.0,22525,10852,10976,24.47,50.6,33.2,16.2,0.7,Home Downpayment,50000,24,High,Financial Risk
Consultant,44855.0,26544,135862,0,28.29,40.8,59.2,0.0,6.2,Child Education,500000,24,Low,Moderately Variable Income
Shop owner,22263.0,19337,109177,0,18.81,13.1,86.9,0.0,7.0,Retirement Reserve,250000,6,Low,Stable Income
Shop owner,52023.0,20640,139868,13581,28.73,34.2,39.7,26.1,9.6,Home Downpayment,100000,36,Low,Moderately Variable Income
Daily wage worker,12916.0,15154,61665,1595,15.39,0.0,117.3,12.3,5.9,Emergency Fund,30000,12,High,Financial Risk
Gig worker,20058.0,18579,40984,6866,15.93,0.0,92.6,34.2,2.9,Working Capital Buffer,50000,12,High,Financial Risk
Gig worker,33678.0,12977,27709,0,52.57,61.5,38.5,0.0,2.5,Business Expansion,30000,6,High,Highly Variable Income
Self-employed person,41338.0,28044,284394,0,26.04,32.2,67.8,0.0,13.8,Retirement Reserve,30000,12,Low,Moderately Variable Income
Consultant,91534.0,27732,28060,0,30.79,69.7,30.3,0.0,1.3,Business Expansion,100000,36,Medium,Moderately Variable Income
Online seller,30587.0,23984,71066,7336,54.98,0.0,78.4,24.0,3.6,Debt Repayment,30000,36,High,Financial Risk
Small business owner,58558.0,20610,20336,5276,28.57,55.8,35.2,9.0,1.2,Child Education,100000,18,Medium,Moderately Variable Income
Consultant,65589.0,38015,83564,10388,21.25,26.2,58.0,15.8,2.9,Debt Repayment,75000,24,Low,Stable Income
Small business owner,26651.0,22852,13029,0,25.06,14.3,85.7,0.0,0.8,Child Education,250000,6,High,Financial Risk
Consultant,116220.0,36805,268158,0,9.78,68.3,31.7,0.0,8.4,Home Downpayment,250000,24,Low,Stable Income
Gig worker,19646.0,19866,168723,6194,42.8,0.0,101.1,31.5,11.8,Retirement Reserve,30000,18,High,Financial Risk
Shop owner,37658.0,19404,71338,0,36.04,48.5,51.5,0.0,4.3,Emergency Fund,30000,36,Low,Moderately Variable Income
Gig worker,34941.0,20601,21809,0,36.41,41.0,59.0,0.0,1.6,Child Education,100000,36,High,Highly Variable Income
Freelancer,70717.0,23539,82508,20191,37.51,38.2,33.3,28.6,4.8,Debt Repayment,150000,12,Medium,Highly Variable Income
Online seller,82037.0,30937,103842,22567,24.7,34.8,37.7,27.5,4.5,Debt Repayment,50000,24,Low,Moderately Variable Income
Shop owner,49888.0,18691,177754,10042,17.42,42.4,37.5,20.1,13.1,Working Capital Buffer,150000,18,Low,Stable Income
Consultant,96801.0,40877,22547,12334,27.85,45.0,42.2,12.7,0.8,Business Expansion,100000,12,High,Financial Risk
Small business owner,53579.0,25021,231377,0,47.12,53.3,46.7,0.0,13.5,Working Capital Buffer,500000,24,Medium,Highly Variable Income
Consultant,99809.0,42105,404840,15693,17.14,42.1,42.2,15.7,13.2,Working Capital Buffer,75000,36,Low,Stable Income
Small business owner,51049.0,21442,195838,0,39.11,58.0,42.0,0.0,10.7,Emergency Fund,100000,12,Medium,Highly Variable Income
Freelancer,90382.0,24382,90645,0,24.12,73.0,27.0,0.0,5.4,Business Expansion,150000,24,Low,Moderately Variable Income
Small business owner,25506.0,22136,41072,3761,15.17,0.0,86.8,14.7,2.5,Emergency Fund,75000,12,High,Financial Risk
Gig worker,21604.0,16488,64045,4965,24.64,0.7,76.3,23.0,5.6,Retirement Reserve,150000,18,Low,Moderately Variable Income
Small business owner,31815.0,20909,11306,6242,55.88,14.7,65.7,19.6,0.7,Business Expansion,150000,24,High,Financial Risk
Freelancer,34545.0,18715,9444,0,55.06,45.8,54.2,0.0,0.7,Home Downpayment,150000,24,High,Financial Risk
Gig worker,25196.0,16559,14954,0,44.34,34.3,65.7,0.0,1.1,Child Education,100000,6,High,Highly Variable Income
Gig worker,11944.0,16608,152391,955,24.17,0.0,139.0,8.0,10.7,Working Capital Buffer,500000,12,High,Financial Risk
Online seller,67812.0,33531,56564,15292,38.14,28.0,49.4,22.6,2.4,Home Downpayment,500000,36,High,Highly Variable Income
Gig worker,18371.0,17945,65236,0,56.3,2.3,97.7,0.0,4.5,Retirement Reserve,50000,24,Medium,Highly Variable Income
Small business owner,64808.0,35376,67582,0,15.43,45.4,54.6,0.0,2.9,Home Downpayment,250000,36,Low,Stable Income
Small business owner,29391.0,25346,59355,5991,24.53,0.0,86.2,20.4,3.6,Emergency Fund,150000,6,High,Financial Risk
Daily wage worker,13083.0,12085,87339,3449,38.92,0.0,92.4,26.4,9.7,Home Downpayment,50000,18,High,Financial Risk
Commission-based worker,47105.0,20021,140942,9648,52.77,37.0,42.5,20.5,9.9,Child Education,50000,24,Medium,Highly Variable Income
Seasonal business owner,54309.0,22511,12546,17237,75.05,26.8,41.4,31.7,0.6,Child Education,30000,36,High,Financial Risk
Gig worker,31778.0,14527,6196,9451,37.46,24.5,45.7,29.7,0.6,Retirement Reserve,100000,12,High,Financial Risk
Commission-based worker,20897.0,21450,70782,7062,32.04,0.0,102.6,33.8,4.4,Child Education,30000,24,High,Financial Risk
Gig worker,10703.0,19446,68348,3935,53.49,0.0,181.7,36.8,5.1,Working Capital Buffer,30000,6,High,Financial Risk
Small business owner,60685.0,18228,30653,0,46.1,70.0,30.0,0.0,2.0,Working Capital Buffer,150000,6,High,Highly Variable Income
Shop owner,29680.0,27856,56638,11435,21.33,0.0,93.9,38.5,3.0,Retirement Reserve,100000,36,High,Financial Risk
Daily wage worker,20962.0,13209,64100,7583,25.14,0.8,63.0,36.2,6.2,Debt Repayment,30000,6,Low,Moderately Variable Income
Freelancer,61187.0,25521,22481,0,42.06,58.3,41.7,0.0,1.1,Working Capital Buffer,250000,6,High,Highly Variable Income
Freelancer,36843.0,30817,219755,3865,35.1,5.9,83.6,10.5,10.8,Child Education,150000,18,Medium,Highly Variable Income
Online seller,93556.0,36586,58761,0,20.43,60.9,39.1,0.0,2.2,Retirement Reserve,250000,6,Low,Stable Income
Commission-based worker,58256.0,21722,165378,0,27.15,62.7,37.3,0.0,11.5,Business Expansion,30000,6,Low,Moderately Variable Income
Consultant,95466.0,28913,82105,10210,42.66,59.0,30.3,10.7,4.0,Business Expansion,50000,36,Low,Moderately Variable Income
Gig worker,22101.0,17091,8771,6814,42.58,0.0,77.3,30.8,0.6,Home Downpayment,150000,18,High,Financial Risk
Seasonal business owner,51124.0,24124,86978,7138,40.42,38.9,47.2,14.0,4.4,Emergency Fund,100000,12,Medium,Highly Variable Income
Commission-based worker,48362.0,15178,8954,13434,18.1,40.8,31.4,27.8,0.7,Emergency Fund,30000,6,High,Financial Risk
Commission-based worker,60093.0,23925,55038,8161,46.28,46.6,39.8,13.6,3.3,Home Downpayment,75000,24,Medium,Highly Variable Income
Seasonal business owner,102668.0,30473,28294,31064,42.07,40.1,29.7,30.3,1.2,Business Expansion,30000,6,High,Highly Variable Income
Shop owner,28111.0,15493,32507,8192,46.6,15.7,55.1,29.1,2.4,Home Downpayment,500000,36,High,Highly Variable Income
Online seller,26579.0,26612,215301,5094,28.05,0.0,100.1,19.2,10.1,Business Expansion,50000,6,High,Financial Risk
Seasonal business owner,124529.0,26575,98767,31729,30.48,53.2,21.3,25.5,4.4,Business Expansion,100000,12,Low,Moderately Variable Income
Seasonal business owner,26655.0,30105,54470,7914,69.03,0.0,112.9,29.7,2.4,Child Education,75000,36,High,Financial Risk
Shop owner,17138.0,20093,78883,4834,18.7,0.0,117.2,28.2,6.0,Child Education,150000,24,High,Financial Risk
Daily wage worker,17720.0,10160,91193,4593,20.95,16.7,57.3,25.9,10.7,Emergency Fund,500000,12,Low,Stable Income
Small business owner,45026.0,18477,21058,16013,34.68,23.4,41.0,35.6,1.4,Retirement Reserve,500000,18,Medium,Moderately Variable Income
Daily wage worker,11806.0,9746,58301,0,51.53,17.4,82.6,0.0,6.9,Home Downpayment,30000,6,Medium,Highly Variable Income
Freelancer,35294.0,16077,14648,5064,32.09,40.1,45.6,14.3,1.1,Home Downpayment,150000,6,High,Highly Variable Income
Seasonal business owner,79356.0,28283,154929,9591,62.94,52.3,35.6,12.1,6.8,Debt Repayment,50000,18,Medium,Highly Variable Income
Self-employed person,48111.0,24212,154421,12024,44.72,24.7,50.3,25.0,9.5,Business Expansion,500000,36,Medium,Highly Variable Income
Shop owner,41326.0,23913,12384,15462,12.05,4.7,57.9,37.4,0.7,Home Downpayment,500000,24,High,Financial Risk
Online seller,55596.0,29962,97190,14098,25.26,20.7,53.9,25.4,3.8,Business Expansion,150000,12,Low,Moderately Variable Income
Seasonal business owner,103740.0,19217,9487,21391,40.94,60.9,18.5,20.6,0.6,Debt Repayment,250000,12,High,Financial Risk
Online seller,50307.0,25322,152820,6587,37.12,36.6,50.3,13.1,8.5,Child Education,30000,24,Medium,Highly Variable Income
Freelancer,28439.0,19302,8721,7020,27.63,7.4,67.9,24.7,0.6,Home Downpayment,50000,12,High,Financial Risk
Shop owner,45518.0,24640,26643,6758,19.16,31.0,54.1,14.8,1.5,Retirement Reserve,50000,12,Medium,Stable Income
Commission-based worker,16797.0,20301,115608,3392,39.59,0.0,120.9,20.2,7.8,Debt Repayment,500000,6,High,Financial Risk
Self-employed person,29140.0,20437,106829,6956,41.19,6.0,70.1,23.9,6.8,Business Expansion,250000,6,Medium,Highly Variable Income
Small business owner,50364.0,32830,171825,0,62.9,34.8,65.2,0.0,8.0,Child Education,250000,36,Medium,Highly Variable Income
Gig worker,20797.0,21838,39103,4052,32.1,0.0,105.0,19.5,2.7,Working Capital Buffer,500000,24,High,Financial Risk
Consultant,90292.0,33008,16645,9767,17.57,52.6,36.6,10.8,0.7,Home Downpayment,75000,24,High,Financial Risk
Small business owner,29428.0,26447,100237,9864,33.84,0.0,89.9,33.5,4.4,Home Downpayment,250000,36,High,Financial Risk
Freelancer,53362.0,21218,10563,6685,47.94,47.7,39.8,12.5,0.6,Emergency Fund,500000,36,High,Financial Risk
Gig worker,20644.0,19647,10890,4608,33.08,0.0,95.2,22.3,0.8,Emergency Fund,100000,12,High,Financial Risk
Online seller,41506.0,34250,31658,0,21.08,17.5,82.5,0.0,1.2,Business Expansion,30000,6,Medium,Stable Income
Small business owner,23325.0,22120,9225,6659,42.31,0.0,94.8,28.5,0.6,Debt Repayment,500000,12,High,Financial Risk
Shop owner,49396.0,15756,34481,17717,25.65,32.2,31.9,35.9,2.7,Working Capital Buffer,100000,12,Medium,Moderately Variable Income
Online seller,37040.0,27355,111252,3558,29.51,16.5,73.9,9.6,4.9,Child Education,50000,12,Low,Moderately Variable Income
Seasonal business owner,73985.0,29826,17277,27747,58.38,22.2,40.3,37.5,0.8,Business Expansion,30000,18,High,Financial Risk
Freelancer,62686.0,18779,8089,0,61.38,70.0,30.0,0.0,0.5,Debt Repayment,50000,12,High,Financial Risk
Self-employed person,17700.0,22295,12798,0,27.56,0.0,126.0,0.0,0.9,Retirement Reserve,100000,12,High,Financial Risk
Freelancer,43640.0,29709,124076,16388,47.89,0.0,68.1,37.6,6.5,Working Capital Buffer,500000,12,High,Financial Risk
Online seller,83889.0,40136,42252,0,48.52,52.2,47.8,0.0,1.6,Working Capital Buffer,75000,6,High,Highly Variable Income
Self-employed person,45385.0,24567,152029,0,25.5,45.9,54.1,0.0,7.3,Debt Repayment,50000,24,Low,Moderately Variable Income
Seasonal business owner,25978.0,19700,9477,0,65.78,24.2,75.8,0.0,0.6,Working Capital Buffer,250000,12,High,Financial Risk
Freelancer,91075.0,22861,161954,14200,22.7,59.3,25.1,15.6,8.9,Debt Repayment,100000,36,Low,Moderately Variable Income
Shop owner,50753.0,25928,277826,18852,36.25,11.8,51.1,37.1,14.3,Debt Repayment,150000,18,Low,Moderately Variable Income
Freelancer,27583.0,27121,105410,0,54.28,1.7,98.3,0.0,5.1,Business Expansion,150000,36,Medium,Highly Variable Income
Seasonal business owner,47700.0,20311,48120,0,20.44,57.4,42.6,0.0,2.9,Business Expansion,75000,36,Low,Stable Income
Daily wage worker,15110.0,11733,5370,5672,49.89,0.0,77.7,37.5,0.6,Working Capital Buffer,500000,6,High,Financial Risk
Commission-based worker,25681.0,16081,35157,0,29.9,37.4,62.6,0.0,2.8,Retirement Reserve,150000,12,Medium,Moderately Variable Income
Online seller,69654.0,28234,258365,0,39.5,59.5,40.5,0.0,10.7,Home Downpayment,100000,24,Low,Moderately Variable Income
Small business owner,52360.0,21145,49592,10993,17.72,38.6,40.4,21.0,2.8,Business Expansion,500000,6,Low,Stable Income
Freelancer,71600.0,24690,146091,0,43.57,65.5,34.5,0.0,7.6,Retirement Reserve,100000,36,Medium,Highly Variable Income
Consultant,82959.0,36802,359039,0,15.82,55.6,44.4,0.0,11.5,Debt Repayment,75000,36,Low,Stable Income
Consultant,103315.0,26796,11694,22245,19.28,52.5,25.9,21.5,0.5,Child Education,150000,36,High,Financial Risk
Consultant,48721.0,40529,81271,5852,40.7,4.8,83.2,12.0,2.9,Retirement Reserve,75000,24,Medium,Moderately Variable Income
Small business owner,34034.0,26831,87762,10946,46.37,0.0,78.8,32.2,4.3,Business Expansion,75000,12,High,Financial Risk
Self-employed person,20947.0,23711,140651,3527,38.98,0.0,113.2,16.8,8.7,Retirement Reserve,75000,36,High,Financial Risk
Online seller,95280.0,31651,115980,32113,20.27,33.1,33.2,33.7,5.0,Business Expansion,75000,6,Low,Stable Income
Online seller,34399.0,33611,120275,2903,34.51,0.0,97.7,8.4,4.6,Business Expansion,75000,18,High,Financial Risk
Online seller,100277.0,36236,177078,25706,69.99,38.2,36.1,25.6,6.3,Retirement Reserve,250000,24,Medium,Highly Variable Income
Daily wage worker,15778.0,13327,92720,4382,47.53,0.0,84.5,27.8,8.4,Emergency Fund,250000,12,High,Financial Risk
Online seller,78197.0,24832,208369,14532,45.0,49.7,31.8,18.6,11.4,Debt Repayment,500000,18,Medium,Highly Variable Income
Consultant,37401.0,29035,154913,14850,50.58,0.0,77.6,39.7,6.8,Debt Repayment,500000,36,High,Financial Risk
Self-employed person,19667.0,21280,159529,5662,55.58,0.0,108.2,28.8,11.0,Retirement Reserve,100000,12,High,Financial Risk
Small business owner,20165.0,23429,54846,4615,52.33,0.0,116.2,22.9,3.1,Home Downpayment,500000,18,High,Financial Risk
Freelancer,28815.0,27327,32233,4208,44.89,0.0,94.8,14.6,1.8,Working Capital Buffer,30000,12,High,Financial Risk
Online seller,28380.0,33355,71222,6555,11.13,0.0,117.5,23.1,3.3,Retirement Reserve,75000,18,High,Financial Risk
Seasonal business owner,81869.0,37893,317260,0,40.49,53.7,46.3,0.0,12.2,Retirement Reserve,100000,18,Low,Moderately Variable Income
Seasonal business owner,82599.0,21418,109781,0,32.59,74.1,25.9,0.0,6.0,Debt Repayment,50000,6,Low,Moderately Variable Income
Seasonal business owner,48521.0,21092,10375,0,53.91,56.5,43.5,0.0,0.6,Debt Repayment,75000,18,High,Financial Risk
Shop owner,44117.0,22887,226351,6860,32.28,32.6,51.9,15.5,15.3,Working Capital Buffer,100000,6,Low,Moderately Variable Income
Online seller,52403.0,28524,118896,8333,53.33,29.7,54.4,15.9,6.2,Home Downpayment,50000,24,Medium,Highly Variable Income
Gig worker,18254.0,19233,36514,1834,19.0,0.0,105.4,10.0,2.8,Debt Repayment,500000,18,High,Financial Risk
Gig worker,27133.0,21700,138937,3420,30.5,7.4,80.0,12.6,9.4,Retirement Reserve,50000,24,Low,Moderately Variable Income
Commission-based worker,39652.0,21962,39295,0,17.48,44.6,55.4,0.0,2.6,Business Expansion,50000,36,Low,Stable Income
Freelancer,31642.0,23869,40253,9767,22.19,0.0,75.4,30.9,2.5,Home Downpayment,75000,36,High,Financial Risk
Seasonal business owner,45968.0,36475,19018,11759,63.35,0.0,79.3,25.6,0.8,Business Expansion,30000,6,High,Financial Risk
Shop owner,39406.0,23836,11348,0,13.89,39.5,60.5,0.0,0.7,Debt Repayment,100000,6,High,Financial Risk
Online seller,25770.0,36564,234964,0,54.43,0.0,141.9,0.0,9.5,Debt Repayment,100000,24,High,Financial Risk
Consultant,105612.0,32046,62265,0,11.62,69.7,30.3,0.0,2.8,Retirement Reserve,75000,12,Low,Stable Income
Shop owner,39763.0,25708,24345,0,64.04,35.3,64.7,0.0,1.4,Debt Repayment,500000,36,High,Highly Variable Income
Shop owner,29904.0,23165,71522,2822,26.42,13.1,77.5,9.4,4.6,Working Capital Buffer,75000,6,Low,Moderately Variable Income
Gig worker,13445.0,17138,36661,1896,62.76,0.0,127.5,14.1,3.0,Emergency Fund,50000,6,High,Financial Risk
Seasonal business owner,67464.0,29432,283054,9877,49.61,41.7,43.6,14.6,14.9,Business Expansion,250000,24,Medium,Highly Variable Income
Daily wage worker,23737.0,8565,16136,3469,39.97,49.3,36.1,14.6,2.2,Business Expansion,250000,12,Medium,Moderately Variable Income
Small business owner,63874.0,20430,73428,14704,44.0,45.0,32.0,23.0,4.4,Business Expansion,30000,12,Low,Moderately Variable Income
Small business owner,68190.0,29274,203033,16706,33.87,32.6,42.9,24.5,9.0,Business Expansion,500000,24,Low,Moderately Variable Income
Shop owner,40487.0,16555,19032,6434,37.7,43.2,40.9,15.9,1.4,Child Education,150000,36,High,Highly Variable Income
Small business owner,35640.0,27109,209401,7331,21.66,3.4,76.1,20.6,9.0,Business Expansion,50000,18,Low,Stable Income
Consultant,88910.0,32468,67720,12415,16.36,49.5,36.5,14.0,3.1,Home Downpayment,75000,18,Low,Stable Income
Commission-based worker,44890.0,18610,8726,11258,40.01,33.5,41.5,25.1,0.7,Working Capital Buffer,500000,12,High,Financial Risk
Small business owner,21591.0,27335,16377,4671,57.99,0.0,126.6,21.6,0.8,Debt Repayment,250000,6,High,Financial Risk
Small business owner,43957.0,28629,15958,9136,40.61,14.1,65.1,20.8,0.8,Working Capital Buffer,30000,18,High,Financial Risk
Self-employed person,53118.0,22784,136959,4981,42.82,47.7,42.9,9.4,9.3,Debt Repayment,100000,24,Low,Moderately Variable Income
Consultant,90467.0,44796,439011,8049,30.5,41.6,49.5,8.9,14.1,Debt Repayment,150000,6,Low,Moderately Variable Income
Shop owner,49421.0,24758,224719,0,50.93,49.9,50.1,0.0,13.6,Emergency Fund,30000,18,Medium,Highly Variable Income
Gig worker,33387.0,19008,15265,3864,14.85,31.5,56.9,11.6,1.2,Retirement Reserve,75000,24,Medium,Stable Income
Consultant,91462.0,38971,15996,26095,28.74,28.9,42.6,28.5,0.5,Working Capital Buffer,250000,24,High,Financial Risk
Small business owner,28518.0,23412,13620,0,23.79,17.9,82.1,0.0,0.9,Emergency Fund,75000,6,High,Financial Risk
Daily wage worker,15219.0,15216,35762,0,26.72,0.0,100.0,0.0,3.5,Working Capital Buffer,50000,12,Low,Moderately Variable Income
Small business owner,48469.0,30819,106437,0,50.22,36.4,63.6,0.0,5.3,Home Downpayment,150000,6,Medium,Highly Variable Income
Shop owner,28906.0,20819,110397,0,14.93,28.0,72.0,0.0,6.8,Working Capital Buffer,250000,12,Low,Stable Income
Shop owner,46141.0,21683,61275,5967,13.29,40.1,47.0,12.9,3.4,Working Capital Buffer,50000,12,Low,Stable Income
Freelancer,26632.0,29611,99741,0,87.29,0.0,111.2,0.0,5.1,Child Education,150000,12,High,Financial Risk
Online seller,83549.0,40729,133926,20020,46.6,27.3,48.7,24.0,4.9,Debt Repayment,250000,36,Medium,Highly Variable Income
Gig worker,18334.0,12489,24606,6280,14.94,0.0,68.1,34.3,2.6,Retirement Reserve,75000,36,High,Financial Risk
Online seller,88064.0,28729,187701,0,30.54,67.4,32.6,0.0,9.4,Emergency Fund,75000,6,Low,Moderately Variable Income
Daily wage worker,7162.0,8780,93513,1284,70.69,0.0,122.6,17.9,12.5,Child Education,500000,12,High,Financial Risk
Self-employed person,34844.0,21189,151286,4757,23.27,25.5,60.8,13.7,10.3,Debt Repayment,30000,36,Low,Moderately Variable Income
Consultant,73143.0,26945,169181,14383,20.04,43.5,36.8,19.7,7.3,Home Downpayment,75000,18,Low,Stable Income
Self-employed person,35348.0,24282,11538,0,31.15,31.3,68.7,0.0,0.6,Working Capital Buffer,50000,24,High,Financial Risk
Daily wage worker,13359.0,14724,27428,2532,48.16,0.0,110.2,19.0,2.4,Child Education,150000,12,High,Financial Risk
Commission-based worker,57134.0,17380,180601,4814,55.91,61.2,30.4,8.4,16.0,Home Downpayment,100000,6,Medium,Highly Variable Income
Shop owner,24788.0,19328,17902,8039,22.12,0.0,78.0,32.4,1.1,Business Expansion,250000,24,High,Financial Risk
Commission-based worker,26780.0,17851,113872,4790,49.25,15.5,66.7,17.9,7.5,Working Capital Buffer,500000,12,Medium,Highly Variable Income
Self-employed person,34665.0,23468,11709,11336,22.77,0.0,67.7,32.7,0.6,Working Capital Buffer,75000,6,High,Financial Risk
Commission-based worker,26380.0,15895,38127,0,36.45,39.7,60.3,0.0,3.2,Working Capital Buffer,75000,6,Low,Moderately Variable Income
Seasonal business owner,71768.0,35044,218997,10761,50.8,36.2,48.8,15.0,8.7,Debt Repayment,50000,6,Medium,Highly Variable Income
Shop owner,37785.0,24808,128664,7354,32.0,14.9,65.7,19.5,7.3,Emergency Fund,100000,12,Low,Moderately Variable Income
Online seller,58575.0,32056,18319,0,34.36,45.3,54.7,0.0,0.9,Retirement Reserve,75000,18,High,Financial Risk
Consultant,88143.0,46248,143651,25834,18.09,18.2,52.5,29.3,4.5,Business Expansion,75000,6,Low,Stable Income
Gig worker,24626.0,15154,88916,7329,34.97,8.7,61.5,29.8,8.5,Child Education,500000,6,Medium,Highly Variable Income
Self-employed person,36477.0,26077,55662,6738,48.43,10.0,71.5,18.5,3.1,Business Expansion,100000,18,Medium,Highly Variable Income
Freelancer,41502.0,23864,220205,7837,14.23,23.6,57.5,18.9,11.0,Emergency Fund,75000,6,Low,Stable Income
Gig worker,26110.0,15924,144298,0,32.04,39.0,61.0,0.0,11.4,Retirement Reserve,150000,24,Low,Moderately Variable Income
Online seller,41931.0,33447,30919,11435,57.07,0.0,79.8,27.3,1.4,Home Downpayment,75000,12,High,Financial Risk
Consultant,52595.0,30436,190711,0,36.99,42.1,57.9,0.0,7.5,Retirement Reserve,75000,24,Medium,Highly Variable Income
Freelancer,42973.0,25876,105346,14505,51.59,6.0,60.2,33.8,6.1,Child Education,75000,6,Medium,Highly Variable Income
Freelancer,30929.0,18866,39648,7490,45.5,14.8,61.0,24.2,3.0,Home Downpayment,250000,6,Medium,Highly Variable Income
Commission-based worker,21239.0,20323,74016,8409,32.5,0.0,95.7,39.6,4.6,Business Expansion,250000,24,High,Financial Risk
Gig worker,32764.0,18254,74858,0,39.17,44.3,55.7,0.0,6.1,Child Education,250000,12,Low,Moderately Variable Income
Commission-based worker,57776.0,24157,73517,0,51.71,58.2,41.8,0.0,4.3,Child Education,75000,24,Medium,Highly Variable Income
Small business owner,21706.0,24416,101564,7021,57.97,0.0,112.5,32.3,6.1,Working Capital Buffer,75000,18,High,Financial Risk
Seasonal business owner,88922.0,32810,69805,13027,16.48,48.5,36.9,14.6,2.7,Home Downpayment,500000,36,Low,Stable Income
Online seller,27096.0,29169,12248,0,40.07,0.0,107.7,0.0,0.5,Working Capital Buffer,100000,6,High,Financial Risk
Commission-based worker,51290.0,19470,22816,16891,37.96,29.1,38.0,32.9,1.8,Emergency Fund,100000,6,Medium,Moderately Variable Income
Small business owner,47363.0,21968,114131,17124,53.02,17.5,46.4,36.2,6.9,Business Expansion,50000,6,Medium,Highly Variable Income
Self-employed person,29963.0,18340,15405,0,21.7,38.8,61.2,0.0,1.0,Home Downpayment,150000,36,Medium,Stable Income
Self-employed person,20861.0,23124,50516,7779,45.98,0.0,110.8,37.3,2.8,Child Education,30000,12,High,Financial Risk
Shop owner,36587.0,17978,19772,10021,42.93,23.5,49.1,27.4,1.6,Working Capital Buffer,100000,18,High,Highly Variable Income
Small business owner,38967.0,25353,182478,0,48.28,34.9,65.1,0.0,9.8,Retirement Reserve,150000,18,Medium,Highly Variable Income
Shop owner,24236.0,24694,102295,0,13.64,0.0,101.9,0.0,5.9,Debt Repayment,50000,6,High,Financial Risk
Daily wage worker,9577.0,11199,42011,1033,44.17,0.0,116.9,10.8,4.4,Emergency Fund,250000,36,High,Financial Risk
Self-employed person,31347.0,22449,11652,0,39.36,28.4,71.6,0.0,0.7,Home Downpayment,250000,24,High,Financial Risk
Seasonal business owner,50076.0,32140,172302,12842,65.9,10.2,64.2,25.6,8.0,Retirement Reserve,30000,12,Medium,Highly Variable Income
Daily wage worker,7006.0,9784,78151,0,63.85,0.0,139.6,0.0,9.3,Home Downpayment,100000,24,High,Financial Risk
Freelancer,46483.0,27923,158380,8948,71.96,20.7,60.1,19.3,8.1,Debt Repayment,75000,36,Medium,Highly Variable Income
Small business owner,33091.0,29537,180832,2757,29.7,2.4,89.3,8.3,7.9,Retirement Reserve,250000,6,Low,Moderately Variable Income
Gig worker,26750.0,15551,106409,5438,31.48,21.5,58.1,20.3,8.6,Debt Repayment,500000,18,Low,Moderately Variable Income
Daily wage worker,19022.0,12700,64836,4822,18.01,7.9,66.8,25.3,7.1,Child Education,30000,18,Low,Stable Income
Consultant,84696.0,46997,23090,0,19.0,44.5,55.5,0.0,0.7,Retirement Reserve,100000,18,High,Financial Risk
Small business owner,48830.0,19702,8730,9631,36.05,39.9,40.3,19.7,0.6,Business Expansion,30000,24,High,Financial Risk
Gig worker,21082.0,15479,63190,4336,17.07,6.0,73.4,20.6,5.9,Emergency Fund,50000,6,Low,Stable Income
Commission-based worker,49289.0,21267,23961,0,68.15,56.9,43.1,0.0,1.7,Debt Repayment,250000,36,High,Highly Variable Income
Gig worker,9382.0,12029,38213,1190,46.56,0.0,128.2,12.7,3.8,Retirement Reserve,500000,6,High,Financial Risk
Freelancer,33855.0,23901,144525,0,44.5,29.4,70.6,0.0,7.7,Retirement Reserve,75000,12,Medium,Highly Variable Income
Commission-based worker,43239.0,20559,75316,0,46.68,52.5,47.5,0.0,4.8,Business Expansion,100000,24,Medium,Highly Variable Income
Daily wage worker,17806.0,11404,85203,5617,50.28,4.4,64.0,31.5,9.2,Emergency Fund,150000,18,Medium,Highly Variable Income
Self-employed person,33128.0,25129,51748,0,41.75,24.1,75.9,0.0,2.8,Debt Repayment,30000,36,Medium,Moderately Variable Income
Self-employed person,28924.0,23617,12600,0,20.0,18.3,81.7,0.0,0.7,Business Expansion,100000,18,High,Financial Risk
Self-employed person,25154.0,21361,118456,5716,40.74,0.0,84.9,22.7,6.6,Debt Repayment,500000,36,High,Financial Risk
Seasonal business owner,39748.0,28576,28319,12220,13.67,0.0,71.9,30.7,1.4,Child Education,30000,18,High,Financial Risk
Consultant,112258.0,24015,243762,0,14.33,78.6,21.4,0.0,12.1,Home Downpayment,150000,18,Low,Stable Income
Seasonal business owner,62416.0,26692,189168,23280,33.97,19.9,42.8,37.3,9.0,Child Education,250000,36,Medium,Highly Variable Income
Daily wage worker,13636.0,12920,90515,3514,31.81,0.0,94.7,25.8,8.6,Working Capital Buffer,50000,12,High,Financial Risk
Consultant,57394.0,43339,431067,22812,20.31,0.0,75.5,39.7,14.1,Child Education,75000,24,High,Financial Risk
Seasonal business owner,70988.0,34351,176143,22137,54.11,20.4,48.4,31.2,7.3,Emergency Fund,30000,24,Medium,Highly Variable Income
Freelancer,79755.0,22122,69579,7852,39.86,62.4,27.7,9.8,4.0,Child Education,75000,18,Medium,Highly Variable Income
Gig worker,27175.0,19142,59650,4033,50.71,14.7,70.4,14.8,4.1,Debt Repayment,75000,12,Medium,Highly Variable Income
Freelancer,22453.0,28665,141509,4687,69.92,0.0,127.7,20.9,7.0,Emergency Fund,75000,12,High,Financial Risk
Commission-based worker,20580.0,15806,156039,5449,15.91,0.0,76.8,26.5,11.9,Emergency Fund,100000,18,High,Financial Risk
Gig worker,30652.0,20011,11868,0,70.76,34.7,65.3,0.0,0.9,Retirement Reserve,30000,12,High,Financial Risk
Shop owner,49256.0,28300,106134,0,22.82,42.5,57.5,0.0,5.5,Debt Repayment,50000,18,Low,Moderately Variable Income
Commission-based worker,37598.0,17574,149666,14825,86.4,13.8,46.7,39.4,11.2,Emergency Fund,500000,6,Medium,Highly Variable Income
Seasonal business owner,69166.0,25450,12974,21175,59.73,32.6,36.8,30.6,0.7,Child Education,100000,12,High,Financial Risk
Commission-based worker,22330.0,16561,8640,0,66.83,25.8,74.2,0.0,0.6,Debt Repayment,150000,12,High,Financial Risk
Small business owner,39958.0,20752,58646,11672,25.5,18.9,51.9,29.2,4.0,Emergency Fund,100000,12,Low,Moderately Variable Income
Online seller,92074.0,24063,176130,32560,29.38,38.5,26.1,35.4,9.5,Working Capital Buffer,500000,24,Low,Moderately Variable Income
Freelancer,77541.0,16698,67013,0,59.52,78.5,21.5,0.0,4.7,Retirement Reserve,50000,6,Medium,Highly Variable Income
Online seller,69435.0,27104,11762,9731,45.18,47.0,39.0,14.0,0.5,Home Downpayment,250000,6,High,Financial Risk
Daily wage worker,10622.0,12516,41357,2555,27.69,0.0,117.8,24.1,4.8,Home Downpayment,75000,6,High,Financial Risk
Self-employed person,26863.0,18768,72049,0,16.8,30.1,69.9,0.0,4.9,Business Expansion,150000,12,Low,Stable Income
Self-employed person,20282.0,23467,162211,5028,28.13,0.0,115.7,24.8,10.7,Retirement Reserve,150000,36,High,Financial Risk
Consultant,104871.0,26608,59226,41778,31.61,34.8,25.4,39.8,2.6,Business Expansion,75000,24,Medium,Moderately Variable Income
Commission-based worker,34013.0,21706,148548,10254,41.11,6.0,63.8,30.1,9.1,Emergency Fund,50000,12,Medium,Highly Variable Income
Self-employed person,37344.0,27563,201339,14735,19.48,0.0,73.8,39.5,10.9,Debt Repayment,150000,36,High,Financial Risk
Commission-based worker,31272.0,21052,12368,11249,47.6,0.0,67.3,36.0,0.8,Working Capital Buffer,150000,24,High,Financial Risk
Gig worker,11917.0,20187,125189,2436,37.2,0.0,169.4,20.4,8.5,Working Capital Buffer,250000,6,High,Financial Risk
Consultant,53631.0,47031,108661,12812,9.8,0.0,87.7,23.9,3.6,Debt Repayment,150000,24,High,Financial Risk
Freelancer,54789.0,20974,39915,18638,50.66,27.7,38.3,34.0,2.6,Emergency Fund,150000,12,High,Highly Variable Income
Commission-based worker,40996.0,18859,33199,0,93.05,54.0,46.0,0.0,2.5,Working Capital Buffer,75000,18,High,Highly Variable Income
Self-employed person,42463.0,20173,61020,12900,13.49,22.1,47.5,30.4,3.6,Child Education,50000,6,Low,Stable Income
Small business owner,51982.0,20025,124341,0,59.55,61.5,38.5,0.0,8.4,Retirement Reserve,500000,18,Medium,Highly Variable Income
Seasonal business owner,39197.0,32368,238062,8338,45.63,0.0,82.6,21.3,9.6,Working Capital Buffer,100000,18,High,Financial Risk
Gig worker,13338.0,19643,148841,0,41.09,0.0,147.3,0.0,11.2,Retirement Reserve,150000,6,High,Financial Risk
Shop owner,38686.0,25285,175205,5841,24.54,19.5,65.4,15.1,9.1,Emergency Fund,500000,18,Low,Moderately Variable Income
Gig worker,31413.0,18451,70108,4818,44.59,25.9,58.7,15.3,5.5,Working Capital Buffer,50000,24,Low,Moderately Variable Income
Online seller,43886.0,38080,86685,4702,27.74,2.5,86.8,10.7,3.1,Retirement Reserve,75000,36,Low,Moderately Variable Income
Consultant,62271.0,36161,189793,24359,34.61,2.8,58.1,39.1,7.2,Child Education,75000,12,Low,Moderately Variable Income
Daily wage worker,8986.0,13127,6185,0,25.89,0.0,146.1,0.0,0.7,Child Education,500000,24,High,Financial Risk
Daily wage worker,17280.0,11876,112040,0,53.6,31.3,68.7,0.0,13.7,Business Expansion,250000,12,Medium,Highly Variable Income
Small business owner,25568.0,25746,14219,2864,21.06,0.0,100.7,11.2,0.8,Emergency Fund,50000,24,High,Financial Risk
Consultant,67426.0,33242,130008,26692,15.34,11.1,49.3,39.6,5.2,Emergency Fund,500000,12,Low,Stable Income
Self-employed person,59806.0,25047,138674,17692,47.15,28.5,41.9,29.6,7.2,Business Expansion,50000,36,Medium,Highly Variable Income
Consultant,59634.0,40283,47849,9833,52.23,16.0,67.6,16.5,1.8,Business Expansion,100000,24,High,Highly Variable Income
Seasonal business owner,59267.0,31010,163560,10394,78.46,30.1,52.3,17.5,6.7,Working Capital Buffer,250000,24,Medium,Highly Variable Income
Freelancer,68879.0,20665,120191,0,45.0,70.0,30.0,0.0,8.8,Home Downpayment,75000,18,Medium,Highly Variable Income
Consultant,120682.0,27246,23076,34131,17.99,49.1,22.6,28.3,1.0,Retirement Reserve,100000,24,Medium,Stable Income
Freelancer,48265.0,20518,48244,18605,37.25,18.9,42.5,38.5,3.0,Child Education,50000,24,Medium,Highly Variable Income
Freelancer,45825.0,17039,101740,15349,42.17,29.3,37.2,33.5,6.9,Business Expansion,250000,12,Medium,Highly Variable Income
Seasonal business owner,66820.0,24254,21314,17793,61.06,37.1,36.3,26.6,1.1,Home Downpayment,500000,6,High,Highly Variable Income
Small business owner,47654.0,21099,11068,3904,25.01,47.5,44.3,8.2,0.8,Business Expansion,100000,18,High,Financial Risk
Commission-based worker,32994.0,20852,218773,4571,19.71,22.9,63.2,13.9,15.2,Emergency Fund,500000,18,Low,Stable Income
Small business owner,22663.0,22817,45679,0,39.09,0.0,100.7,0.0,3.0,Business Expansion,75000,12,High,Financial Risk
Gig worker,15314.0,17191,93689,3969,33.88,0.0,112.3,25.9,7.9,Retirement Reserve,30000,6,High,Financial Risk
Gig worker,30760.0,20883,66475,0,24.59,32.1,67.9,0.0,4.5,Business Expansion,75000,36,Low,Moderately Variable Income
Freelancer,30812.0,23891,137628,0,64.18,22.5,77.5,0.0,7.1,Business Expansion,150000,12,Medium,Highly Variable Income
Self-employed person,56144.0,20769,48109,11206,14.98,43.0,37.0,20.0,2.8,Child Education,150000,24,Low,Stable Income
Daily wage worker,9259.0,10823,35337,2782,27.99,0.0,116.9,30.0,4.5,Emergency Fund,250000,18,High,Financial Risk
Online seller,57649.0,29454,16214,0,49.42,48.9,51.1,0.0,0.8,Retirement Reserve,150000,24,High,Financial Risk
Gig worker,23120.0,18285,192358,3111,37.7,7.5,79.1,13.5,12.8,Home Downpayment,30000,6,Medium,Highly Variable Income
Self-employed person,39270.0,24060,186848,5423,21.35,24.9,61.3,13.8,10.2,Home Downpayment,250000,6,Low,Stable Income
Online seller,46188.0,33449,233388,0,21.71,27.6,72.4,0.0,8.5,Business Expansion,150000,12,Low,Stable Income
Gig worker,38178.0,11832,87880,0,26.49,69.0,31.0,0.0,8.9,Working Capital Buffer,30000,6,Low,Moderately Variable Income
Commission-based worker,51865.0,23860,84422,0,50.85,54.0,46.0,0.0,4.9,Retirement Reserve,75000,24,Medium,Highly Variable Income
Shop owner,44850.0,23045,204595,12331,35.77,21.1,51.4,27.5,10.6,Home Downpayment,50000,36,Low,Moderately Variable Income
Gig worker,13812.0,13535,136116,3396,45.58,0.0,98.0,24.6,13.5,Child Education,150000,36,High,Financial Risk
Self-employed person,34084.0,22940,13763,9564,27.5,4.6,67.3,28.1,0.8,Retirement Reserve,75000,6,High,Financial Risk
Commission-based worker,49292.0,18463,42532,0,40.44,62.5,37.5,0.0,3.5,Child Education,150000,12,Medium,Highly Variable Income
Shop owner,58580.0,17809,158204,0,24.2,69.6,30.4,0.0,12.0,Emergency Fund,100000,24,Low,Moderately Variable Income
Self-employed person,52704.0,26882,57115,10253,35.56,29.5,51.0,19.5,2.8,Child Education,250000,18,Medium,Moderately Variable Income
Shop owner,24681.0,26058,85691,6591,16.59,0.0,105.6,26.7,4.6,Working Capital Buffer,500000,18,High,Financial Risk
Freelancer,87173.0,28427,178642,0,27.8,67.4,32.6,0.0,8.8,Home Downpayment,50000,24,Low,Moderately Variable Income
Online seller,35491.0,29156,12024,6018,58.98,0.9,82.1,17.0,0.6,Business Expansion,250000,36,High,Financial Risk
Consultant,54367.0,30023,52281,0,35.68,44.8,55.2,0.0,2.4,Home Downpayment,75000,18,Medium,Moderately Variable Income
Self-employed person,54875.0,21673,138094,0,36.0,60.5,39.5,0.0,8.2,Debt Repayment,75000,18,Low,Moderately Variable Income
Online seller,41176.0,39931,71358,9671,58.66,0.0,97.0,23.5,2.7,Debt Repayment,75000,18,High,Financial Risk
Gig worker,17833.0,13345,6740,2788,29.59,9.5,74.8,15.6,0.6,Working Capital Buffer,30000,36,High,Financial Risk
Consultant,75669.0,33876,262981,7849,28.12,44.9,44.8,10.4,9.5,Home Downpayment,75000,6,Low,Moderately Variable Income
Shop owner,42874.0,20725,143098,0,50.75,51.7,48.3,0.0,9.9,Child Education,150000,6,Medium,Highly Variable Income
Daily wage worker,23922.0,9842,35626,6336,31.63,32.4,41.1,26.5,4.9,Child Education,500000,12,Low,Moderately Variable Income
Commission-based worker,40490.0,26540,205708,14878,36.37,0.0,65.5,36.7,11.6,Child Education,100000,24,High,Financial Risk
Seasonal business owner,92638.0,22663,177604,17035,72.19,57.1,24.5,18.4,9.8,Child Education,500000,36,Medium,Highly Variable Income
Gig worker,26370.0,18564,17482,8344,28.47,0.0,70.4,31.6,1.2,Home Downpayment,75000,18,High,Financial Risk
Shop owner,41467.0,16064,17331,0,9.3,61.3,38.7,0.0,1.3,Debt Repayment,100000,24,Medium,Stable Income
Small business owner,51468.0,25075,236330,19851,57.49,12.7,48.7,38.6,12.0,Emergency Fund,50000,6,Medium,Highly Variable Income
Shop owner,54250.0,26848,83457,0,28.37,50.5,49.5,0.0,4.6,Debt Repayment,500000,24,Low,Moderately Variable Income
Online seller,27516.0,24420,47919,10431,40.61,0.0,88.7,37.9,2.4,Emergency Fund,50000,24,High,Financial Risk
Daily wage worker,8052.0,12632,42020,0,29.05,0.0,156.9,0.0,4.2,Working Capital Buffer,30000,12,High,Financial Risk
Seasonal business owner,82090.0,29808,48447,27108,42.39,30.7,36.3,33.0,2.2,Retirement Reserve,100000,24,High,Highly Variable Income
Self-employed person,61019.0,17962,38995,20389,20.93,37.1,29.4,33.4,2.7,Emergency Fund,30000,18,Low,Stable Income
Seasonal business owner,133963.0,29002,242319,23530,55.62,60.8,21.6,17.6,12.6,Business Expansion,500000,18,Medium,Highly Variable Income
Shop owner,27329.0,17669,10478,7396,13.71,8.3,64.7,27.1,0.8,Debt Repayment,50000,18,High,Financial Risk
Small business owner,49913.0,24127,163067,5190,45.18,41.3,48.3,10.4,8.5,Working Capital Buffer,250000,6,Medium,Highly Variable Income
Commission-based worker,39571.0,15495,105796,8036,71.77,40.5,39.2,20.3,8.4,Emergency Fund,75000,36,Medium,Highly Variable Income
Commission-based worker,23422.0,19325,71055,0,30.92,17.5,82.5,0.0,4.3,Child Education,100000,18,Low,Moderately Variable Income
Seasonal business owner,97506.0,28929,175804,0,92.63,70.3,29.7,0.0,9.0,Emergency Fund,50000,24,Medium,Highly Variable Income
Daily wage worker,11039.0,10845,43685,4150,40.6,0.0,98.2,37.6,4.8,Retirement Reserve,30000,6,High,Financial Risk
Commission-based worker,36042.0,19571,18013,0,35.67,45.7,54.3,0.0,1.3,Child Education,250000,6,Medium,Moderately Variable Income
Shop owner,54318.0,22437,47991,20696,8.72,20.6,41.3,38.1,3.2,Home Downpayment,100000,36,Low,Stable Income
Gig worker,15649.0,21575,154975,0,12.18,0.0,137.9,0.0,10.4,Business Expansion,30000,36,High,Financial Risk
Commission-based worker,47620.0,19084,131071,10036,35.24,38.8,40.1,21.1,9.9,Business Expansion,250000,6,Low,Moderately Variable Income
Consultant,117737.0,30223,203599,26456,27.72,51.9,25.7,22.5,8.4,Home Downpayment,150000,24,Low,Moderately Variable Income
Shop owner,35267.0,21441,81126,0,40.8,39.2,60.8,0.0,5.0,Retirement Reserve,500000,12,Low,Moderately Variable Income
Daily wage worker,6136.0,10938,59925,0,10.25,0.0,178.3,0.0,7.4,Debt Repayment,50000,36,High,Financial Risk
Online seller,54892.0,23577,22943,0,44.11,57.0,43.0,0.0,1.2,Home Downpayment,250000,36,High,Highly Variable Income
Freelancer,73078.0,24020,25563,0,50.9,67.1,32.9,0.0,1.4,Home Downpayment,50000,12,High,Highly Variable Income
Self-employed person,50855.0,25090,29325,0,27.93,50.7,49.3,0.0,1.7,Business Expansion,30000,18,Medium,Moderately Variable Income
Commission-based worker,40938.0,22136,45660,3293,66.51,37.9,54.1,8.0,2.8,Working Capital Buffer,250000,12,High,Highly Variable Income
Gig worker,32478.0,16962,52187,0,41.85,47.8,52.2,0.0,4.3,Emergency Fund,75000,24,Medium,Highly Variable Income
Freelancer,37774.0,23810,197792,0,47.57,37.0,63.0,0.0,10.4,Retirement Reserve,50000,6,Medium,Highly Variable Income
Consultant,73133.0,33492,59383,0,19.71,54.2,45.8,0.0,2.5,Business Expansion,150000,6,Low,Stable Income
Consultant,65512.0,33032,14641,18732,22.61,21.0,50.4,28.6,0.6,Working Capital Buffer,250000,6,High,Financial Risk
Small business owner,46813.0,28551,16117,6089,31.8,26.0,61.0,13.0,0.8,Working Capital Buffer,100000,36,High,Financial Risk
Consultant,96191.0,34278,63648,0,24.84,64.4,35.6,0.0,2.3,Child Education,150000,6,Medium,Moderately Variable Income
Consultant,64568.0,32787,35407,14446,28.89,26.8,50.8,22.4,1.3,Emergency Fund,150000,18,Medium,Moderately Variable Income
Commission-based worker,30411.0,19501,40557,9871,63.17,3.4,64.1,32.5,2.5,Child Education,100000,24,High,Highly Variable Income
Shop owner,22548.0,18329,16636,0,24.37,18.7,81.3,0.0,1.1,Retirement Reserve,500000,18,Medium,Moderately Variable Income
Consultant,92667.0,48653,338525,16228,19.22,30.0,52.5,17.5,10.5,Child Education,100000,36,Low,Stable Income
Shop owner,37503.0,17820,38485,0,45.12,52.5,47.5,0.0,3.1,Child Education,250000,12,Medium,Highly Variable Income
Daily wage worker,14393.0,13184,6722,4919,49.9,0.0,91.6,34.2,0.6,Business Expansion,250000,18,High,Financial Risk
Daily wage worker,19508.0,9933,57934,5507,52.29,20.9,50.9,28.2,7.7,Working Capital Buffer,50000,36,Medium,Highly Variable Income
Freelancer,91423.0,21818,51096,0,49.57,76.1,23.9,0.0,3.3,Emergency Fund,150000,36,Medium,Highly Variable Income
Daily wage worker,8989.0,9992,9154,0,27.37,0.0,111.2,0.0,1.2,Business Expansion,30000,12,High,Financial Risk
Seasonal business owner,59135.0,24919,229740,12696,44.48,36.4,42.1,21.5,13.4,Retirement Reserve,250000,18,Medium,Highly Variable Income
Consultant,41023.0,34803,20103,12302,31.16,0.0,84.8,30.0,0.7,Working Capital Buffer,100000,12,High,Financial Risk
Online seller,65382.0,31477,108270,0,28.27,51.9,48.1,0.0,4.2,Debt Repayment,50000,36,Low,Moderately Variable Income
Self-employed person,37869.0,22861,12117,11626,37.47,8.9,60.4,30.7,0.7,Home Downpayment,75000,36,High,Financial Risk
Self-employed person,41086.0,23470,160306,6951,29.34,26.0,57.1,16.9,10.4,Business Expansion,500000,18,Low,Moderately Variable Income
Freelancer,34330.0,21646,12193,13499,80.58,0.0,63.1,39.3,0.9,Home Downpayment,30000,24,High,Financial Risk
Seasonal business owner,50187.0,37816,221613,0,51.4,24.6,75.4,0.0,8.9,Working Capital Buffer,250000,6,Medium,Highly Variable Income
Self-employed person,18863.0,18411,56618,0,59.27,2.4,97.6,0.0,4.1,Debt Repayment,100000,6,Medium,Highly Variable Income
Seasonal business owner,55359.0,28505,65369,0,24.77,48.5,51.5,0.0,3.2,Emergency Fund,50000,24,Low,Moderately Variable Income
Small business owner,23049.0,25426,104676,7179,25.89,0.0,110.3,31.1,5.0,Home Downpayment,30000,12,High,Financial Risk
Shop owner,18053.0,19992,47161,0,30.78,0.0,110.7,0.0,2.9,Retirement Reserve,500000,36,High,Financial Risk
Commission-based worker,26455.0,15613,57274,8062,65.89,10.5,59.0,30.5,4.7,Business Expansion,75000,6,Medium,Highly Variable Income
Shop owner,18837.0,17691,9152,6271,21.64,0.0,93.9,33.3,0.6,Child Education,30000,18,High,Financial Risk
Consultant,44796.0,31005,121479,14388,14.3,0.0,69.2,32.1,5.6,Debt Repayment,100000,36,High,Financial Risk
Small business owner,49041.0,32675,256406,16952,32.29,0.0,66.6,34.6,11.7,Child Education,50000,6,High,Financial Risk
Small business owner,53185.0,19955,18793,17852,23.66,28.9,37.5,33.6,1.2,Child Education,100000,18,Medium,Moderately Variable Income
Commission-based worker,18766.0,25564,204249,6281,67.41,0.0,136.2,33.5,11.6,Home Downpayment,500000,12,High,Financial Risk
Freelancer,45488.0,23087,26186,10682,50.44,25.8,50.8,23.5,1.6,Emergency Fund,500000,6,High,Highly Variable Income
Gig worker,22479.0,20138,8871,5175,21.55,0.0,89.6,23.0,0.7,Working Capital Buffer,500000,24,High,Financial Risk
Daily wage worker,12581.0,10448,10132,2227,17.53,0.0,83.0,17.7,1.4,Business Expansion,100000,36,High,Financial Risk
Seasonal business owner,93025.0,26221,264457,31102,40.71,38.4,28.2,33.4,13.8,Emergency Fund,250000,6,Low,Moderately Variable Income
Self-employed person,30982.0,25471,98886,0,34.77,17.8,82.2,0.0,5.7,Home Downpayment,150000,6,Low,Moderately Variable Income
Consultant,132506.0,27338,248951,0,17.51,79.4,20.6,0.0,10.5,Debt Repayment,50000,12,Low,Stable Income
Consultant,41528.0,41510,421225,4478,40.51,0.0,100.0,10.8,15.0,Retirement Reserve,150000,36,High,Financial Risk
Seasonal business owner,87069.0,24772,149735,0,60.88,71.5,28.5,0.0,9.0,Retirement Reserve,150000,6,Medium,Highly Variable Income
Daily wage worker,29566.0,11778,68457,10533,47.01,24.5,39.8,35.6,7.0,Business Expansion,75000,18,Medium,Highly Variable Income
Gig worker,24998.0,17323,8358,0,12.25,30.7,69.3,0.0,0.6,Home Downpayment,150000,36,High,Financial Risk
Small business owner,26174.0,29787,28168,2762,41.69,0.0,113.8,10.6,1.4,Emergency Fund,50000,18,High,Financial Risk
Daily wage worker,9944.0,10161,21043,3140,38.51,0.0,102.2,31.6,2.8,Home Downpayment,50000,24,High,Financial Risk
Self-employed person,48129.0,20275,44103,13180,59.94,30.5,42.1,27.4,3.0,Working Capital Buffer,100000,6,Medium,Highly Variable Income
Freelancer,58121.0,25054,251245,7447,65.81,44.1,43.1,12.8,15.2,Working Capital Buffer,150000,6,Medium,Highly Variable Income
Gig worker,10390.0,14935,7234,0,38.4,0.0,143.7,0.0,0.6,Emergency Fund,250000,6,High,Financial Risk
Online seller,81638.0,42367,24129,18465,11.14,25.5,51.9,22.6,0.9,Retirement Reserve,75000,36,High,Financial Risk
Commission-based worker,50141.0,14925,25093,0,32.18,70.2,29.8,0.0,2.0,Retirement Reserve,100000,12,Medium,Moderately Variable Income
Small business owner,41617.0,24331,205889,0,60.76,41.5,58.5,0.0,10.2,Working Capital Buffer,30000,12,Medium,Highly Variable Income
Seasonal business owner,99182.0,20055,99189,29675,87.78,49.9,20.2,29.9,5.8,Child Education,50000,18,Medium,Highly Variable Income
Shop owner,43130.0,16392,29072,14286,16.72,28.9,38.0,33.1,2.1,Emergency Fund,50000,24,Low,Stable Income
Consultant,50478.0,33860,72946,15399,40.98,2.4,67.1,30.5,2.7,Retirement Reserve,30000,24,High,Highly Variable Income
Daily wage worker,9649.0,10936,9129,2167,61.7,0.0,113.3,22.5,1.1,Business Expansion,100000,36,High,Financial Risk
Seasonal business owner,56049.0,23263,48422,0,44.3,58.5,41.5,0.0,2.5,Home Downpayment,30000,12,High,Highly Variable Income
Daily wage worker,10483.0,9710,100794,1831,27.48,0.0,92.6,17.5,12.7,Working Capital Buffer,150000,36,High,Financial Risk
Small business owner,24965.0,29117,96508,6675,9.09,0.0,116.6,26.7,4.9,Child Education,500000,36,High,Financial Risk
Daily wage worker,13431.0,13875,93166,0,80.35,0.0,103.3,0.0,8.5,Retirement Reserve,75000,12,High,Financial Risk
Small business owner,43147.0,22058,8979,7043,30.6,32.6,51.1,16.3,0.6,Working Capital Buffer,150000,18,High,Financial Risk
Self-employed person,26229.0,27241,138187,4053,64.13,0.0,103.9,15.5,6.7,Working Capital Buffer,250000,18,High,Financial Risk
Daily wage worker,16801.0,8470,4640,1815,29.79,38.8,50.4,10.8,0.6,Debt Repayment,500000,18,High,Financial Risk
Commission-based worker,30072.0,22257,206465,11168,37.51,0.0,74.0,37.1,12.0,Emergency Fund,75000,24,High,Financial Risk
Shop owner,32048.0,22558,23224,7825,34.52,5.2,70.4,24.4,1.2,Child Education,50000,24,Medium,Moderately Variable Income
Freelancer,32633.0,25192,10450,8621,39.78,0.0,77.2,26.4,0.6,Home Downpayment,50000,6,High,Financial Risk
Self-employed person,31440.0,28069,104790,10189,25.42,0.0,89.3,32.4,5.1,Debt Repayment,100000,18,High,Financial Risk
Daily wage worker,8717.0,14552,7687,2190,48.28,0.0,166.9,25.1,0.7,Business Expansion,30000,12,High,Financial Risk
Online seller,56631.0,28518,13948,19545,62.12,15.1,50.4,34.5,0.7,Business Expansion,150000,24,High,Financial Risk
Commission-based worker,27974.0,24181,77287,0,34.53,13.6,86.4,0.0,4.3,Home Downpayment,150000,18,Medium,Highly Variable Income
Freelancer,57564.0,22734,52167,10813,36.56,41.7,39.5,18.8,2.7,Working Capital Buffer,500000,6,High,Highly Variable Income
Seasonal business owner,34961.0,24883,97300,6204,47.47,11.1,71.2,17.7,6.0,Home Downpayment,500000,12,Medium,Highly Variable Income
Commission-based worker,26019.0,18272,21771,5394,54.09,9.0,70.2,20.7,1.7,Emergency Fund,50000,36,High,Highly Variable Income
Small business owner,39466.0,30945,17152,0,61.09,21.6,78.4,0.0,0.8,Retirement Reserve,500000,24,High,Financial Risk
Seasonal business owner,65837.0,29683,33474,8016,45.1,42.7,45.1,12.2,1.3,Retirement Reserve,250000,24,High,Highly Variable Income
Seasonal business owner,82083.0,31557,154569,28292,30.0,27.1,38.4,34.5,6.3,Emergency Fund,75000,6,Low,Moderately Variable Income
Shop owner,37970.0,17874,147018,14975,45.47,13.5,47.1,39.4,11.6,Home Downpayment,30000,36,Medium,Highly Variable Income
Consultant,48685.0,40776,439839,15264,33.95,0.0,83.8,31.4,15.0,Child Education,250000,12,High,Financial Risk
Online seller,53266.0,29149,13095,7478,28.26,31.2,54.7,14.0,0.7,Debt Repayment,100000,24,High,Financial Risk
Shop owner,30742.0,17899,59936,3462,44.49,30.5,58.2,11.3,4.2,Emergency Fund,250000,24,Medium,Highly Variable Income
Online seller,86226.0,28914,14874,0,20.61,66.5,33.5,0.0,0.7,Debt Repayment,75000,6,High,Financial Risk
Self-employed person,44500.0,16936,15732,12038,28.35,34.9,38.1,27.1,1.1,Home Downpayment,150000,18,Medium,Moderately Variable Income
Commission-based worker,29559.0,26723,141209,4360,70.23,0.0,90.4,14.8,8.1,Home Downpayment,75000,24,High,Financial Risk
Consultant,103887.0,24430,49953,28819,25.57,48.7,23.5,27.7,2.5,Business Expansion,250000,24,Medium,Moderately Variable Income
Commission-based worker,52767.0,18929,15357,10479,41.47,44.3,35.9,19.9,1.2,Business Expansion,50000,12,High,Highly Variable Income
Shop owner,30438.0,16742,98272,2807,25.96,35.8,55.0,9.2,7.1,Home Downpayment,100000,36,Low,Moderately Variable Income
Gig worker,15543.0,19723,183141,0,23.5,0.0,126.9,0.0,12.1,Business Expansion,150000,24,High,Financial Risk
Small business owner,55167.0,21436,80954,7807,46.99,47.0,38.9,14.2,5.3,Child Education,30000,18,Medium,Highly Variable Income
Consultant,61489.0,36380,136310,8853,7.65,26.4,59.2,14.4,5.6,Business Expansion,30000,6,Low,Stable Income
Gig worker,17558.0,18072,157992,0,58.2,0.0,102.9,0.0,11.1,Working Capital Buffer,100000,24,High,Financial Risk
Shop owner,42842.0,22607,218518,7547,48.32,29.6,52.8,17.6,12.7,Emergency Fund,50000,12,Medium,Highly Variable Income
Shop owner,41680.0,19559,11201,0,16.22,53.1,46.9,0.0,0.8,Retirement Reserve,75000,36,High,Financial Risk
Small business owner,31030.0,27563,152251,6449,32.3,0.0,88.8,20.8,6.8,Working Capital Buffer,250000,24,High,Financial Risk
Small business owner,42838.0,20135,11298,0,31.77,53.0,47.0,0.0,0.7,Working Capital Buffer,75000,12,High,Financial Risk
Small business owner,38995.0,27911,26841,11247,34.78,0.0,71.6,28.8,1.3,Debt Repayment,250000,24,High,Financial Risk
Online seller,22780.0,24581,170560,6908,67.0,0.0,107.9,30.3,8.4,Working Capital Buffer,30000,18,High,Financial Risk
Consultant,112919.0,29259,16180,19114,24.27,57.2,25.9,16.9,0.8,Child Education,100000,12,High,Financial Risk
Small business owner,50050.0,25380,233979,19433,39.3,10.5,50.7,38.8,12.6,Retirement Reserve,75000,6,Medium,Highly Variable Income
Gig worker,39017.0,18600,20834,13941,29.07,16.6,47.7,35.7,1.6,Emergency Fund,75000,12,Medium,Moderately Variable Income
Self-employed person,43378.0,27214,165191,11518,45.5,10.7,62.7,26.6,8.2,Business Expansion,250000,12,Low,Moderately Variable Income
Commission-based worker,22481.0,16092,110088,4678,52.59,7.6,71.6,20.8,8.7,Emergency Fund,500000,24,Medium,Highly Variable Income
Consultant,97226.0,35328,266178,19596,35.49,43.5,36.3,20.2,9.9,Child Education,50000,24,Low,Moderately Variable Income
Freelancer,34896.0,20156,160811,7508,49.11,20.7,57.8,21.5,11.8,Working Capital Buffer,30000,6,Medium,Highly Variable Income
Commission-based worker,37010.0,19285,148235,12996,20.39,12.8,52.1,35.1,10.9,Working Capital Buffer,30000,36,Low,Stable Income
Freelancer,28158.0,23387,65782,8082,56.94,0.0,83.1,28.7,4.1,Working Capital Buffer,150000,6,High,Financial Risk
Shop owner,21741.0,23538,163629,1920,66.66,0.0,108.3,8.8,9.5,Home Downpayment,250000,6,High,Financial Risk
Shop owner,44460.0,20756,47306,6560,31.1,38.6,46.7,14.8,3.1,Debt Repayment,100000,18,Low,Moderately Variable Income
Shop owner,28449.0,21352,10381,4064,19.11,10.7,75.1,14.3,0.7,Child Education,500000,24,High,Financial Risk
Commission-based worker,24623.0,16338,168501,9608,63.78,0.0,66.4,39.0,13.6,Business Expansion,100000,36,High,Financial Risk
Small business owner,41815.0,23520,51340,13296,19.14,12.0,56.2,31.8,2.7,Home Downpayment,30000,36,Low,Stable Income
Freelancer,30133.0,17803,142130,4010,41.73,27.6,59.1,13.3,9.3,Business Expansion,250000,36,Low,Moderately Variable Income
Consultant,98174.0,35063,28170,17371,21.3,46.6,35.7,17.7,1.0,Debt Repayment,500000,36,Medium,Stable Income
